REFUSE: licence policy not satisfied — 8507 finding(s) across 8527 component(s):

  no licence could be established (SBOM said NOASSERTION/nothing) (8292):
    - ../@UNKNOWN
    - /bin/busybox
    - /etc/adduser.conf
    - /etc/alpine-release
    - /etc/alternatives/README
    - /etc/apk/keys/alpine-devel@lists.alpinelinux.org-4a6a0840.rsa.pub
    - /etc/apk/keys/alpine-devel@lists.alpinelinux.org-5261cecb.rsa.pub
    - /etc/apk/keys/alpine-devel@lists.alpinelinux.org-58199dcc.rsa.pub
    - /etc/apk/keys/alpine-devel@lists.alpinelinux.org-6165ee59.rsa.pub
    - /etc/apk/keys/alpine-devel@lists.alpinelinux.org-616ae350.rsa.pub
    - /etc/apk/protected_paths.d/ca-certificates.list
    - /etc/apt/apt.conf.d/01autoremove
    - /etc/apt/apt.conf.d/70debconf
    - /etc/apt/trusted.gpg.d/debian-archive-bookworm-automatic.asc
    - /etc/apt/trusted.gpg.d/debian-archive-bookworm-security-automatic.asc
    - /etc/apt/trusted.gpg.d/debian-archive-bookworm-stable.asc
    - /etc/apt/trusted.gpg.d/debian-archive-bullseye-automatic.asc
    - /etc/apt/trusted.gpg.d/debian-archive-bullseye-security-automatic.asc
    - /etc/apt/trusted.gpg.d/debian-archive-bullseye-stable.asc
    - /etc/apt/trusted.gpg.d/debian-archive-trixie-automatic.asc
    - /etc/apt/trusted.gpg.d/debian-archive-trixie-security-automatic.asc
    - /etc/apt/trusted.gpg.d/debian-archive-trixie-stable.asc
    - /etc/bash.bashrc
    - /etc/bindresvport.blacklist
    - /etc/busybox-paths.d/busybox
    - /etc/ca-certificates.conf
    - /etc/ca-certificates/update.d/certhash
    - /etc/cron.d/e2scrub_all
    - /etc/cron.daily/apt-compat
    - /etc/cron.daily/dpkg
    - /etc/crontabs/root
    - /etc/debconf.conf
    - /etc/debian_version
    - /etc/default/hwclock
    - /etc/default/nginx
    - /etc/default/nginx-debug
    - /etc/default/nss
    - /etc/default/useradd
    - /etc/deluser.conf
    - /etc/dpkg/dpkg.cfg
    - /etc/dpkg/origins/debian
    - /etc/e2scrub.conf
    - /etc/fstab
    - /etc/gai.conf
    - /etc/gprofng.rc
    - /etc/group
    - /etc/host.conf
    - /etc/hostname
    - /etc/hosts
    - /etc/init.d/hwclock.sh
    - /etc/init.d/nginx
    - /etc/init.d/nginx-debug
    - /etc/inittab
    - /etc/issue
    - /etc/issue.net
    - /etc/ld.so.conf
    - /etc/ld.so.conf.d/aarch64-linux-gnu.conf
    - /etc/ld.so.conf.d/libc.conf
    - /etc/ld.so.conf.d/x86_64-linux-gnu.conf
    - /etc/libaudit.conf
    - /etc/login.defs
    - /etc/logrotate.d/acpid
    - /etc/logrotate.d/alternatives
    - /etc/logrotate.d/apt
    - /etc/logrotate.d/dpkg
    - /etc/logrotate.d/nginx
    - /etc/magic
    - /etc/magic.mime
    - /etc/mailcap
    - /etc/mailcap.order
    - /etc/mime.types
    - /etc/mke2fs.conf
    - /etc/modprobe.d/aliases.conf
    - /etc/modprobe.d/blacklist.conf
    - /etc/modprobe.d/i386.conf
    - /etc/modules
    - /etc/motd
    - /etc/netconfig
    - /etc/network/if-up.d/dad
    - /etc/nginx/fastcgi_params
    - /etc/nginx/mime.types
    - /etc/nginx/nginx.conf
    - /etc/nginx/scgi_params
    - /etc/nginx/uwsgi_params
    - /etc/nsswitch.conf
    - /etc/pam.conf
    - /etc/pam.d/chfn
    - /etc/pam.d/chpasswd
    - /etc/pam.d/chsh
    - /etc/pam.d/login
    - /etc/pam.d/newusers
    - /etc/pam.d/other
    - /etc/pam.d/passwd
    - /etc/pam.d/runuser
    - /etc/pam.d/runuser-l
    - /etc/pam.d/su
    - /etc/pam.d/su-l
    - /etc/passwd
    - /etc/perl/Net/libnet.cfg
    - /etc/profile
    - /etc/profile.d/20locale.sh
    - /etc/profile.d/README
    - /etc/profile.d/color_prompt.sh.disabled
    - /etc/protocols
    - /etc/secfixes.d/alpine
    - /etc/securetty
    - /etc/security/access.conf
    - /etc/security/faillock.conf
    - /etc/security/group.conf
    - /etc/security/limits.conf
    - /etc/security/namespace.conf
    - /etc/security/namespace.init
    - /etc/security/pam_env.conf
    - /etc/security/sepermit.conf
    - /etc/security/time.conf
    - /etc/selinux/semanage.conf
    - /etc/services
    - /etc/shadow
    - /etc/shells
    - /etc/skel/.bash_logout
    - /etc/skel/.bashrc
    - /etc/skel/.profile
    - /etc/ssl/certs/ca-certificates.crt
    - /etc/ssl/ct_log_list.cnf
    - /etc/ssl/ct_log_list.cnf.dist
    - /etc/ssl/openssl.cnf
    - /etc/ssl/openssl.cnf.dist
    - /etc/sysctl.conf
    - /etc/terminfo/README
    - /etc/udhcpc/udhcpc.conf
    - /etc/update-motd.d/10-uname
    - /etc/xattr.conf
    - /lib/apk/db/installed
    - /lib/ld-musl-aarch64.so.1
    - /lib/ld-musl-x86_64.so.1
    - /sbin/apk
    - /sbin/ldconfig
    - /usr/bin/[
    - /usr/bin/aarch64-linux-gnu-addr2line
    - /usr/bin/aarch64-linux-gnu-ar
    - /usr/bin/aarch64-linux-gnu-as
    - /usr/bin/aarch64-linux-gnu-c++filt
    - /usr/bin/aarch64-linux-gnu-cpp-12
    - /usr/bin/aarch64-linux-gnu-dwp
    - /usr/bin/aarch64-linux-gnu-elfedit
    - /usr/bin/aarch64-linux-gnu-gp-archive
    - /usr/bin/aarch64-linux-gnu-gp-collect-app
    - /usr/bin/aarch64-linux-gnu-gp-display-html
    - /usr/bin/aarch64-linux-gnu-gp-display-src
    - /usr/bin/aarch64-linux-gnu-gp-display-text
    - /usr/bin/aarch64-linux-gnu-gprof
    - /usr/bin/aarch64-linux-gnu-gprofng
    - /usr/bin/aarch64-linux-gnu-ld.bfd
    - /usr/bin/aarch64-linux-gnu-ld.gold
    - /usr/bin/aarch64-linux-gnu-nm
    - /usr/bin/aarch64-linux-gnu-objcopy
    - /usr/bin/aarch64-linux-gnu-objdump
    - /usr/bin/aarch64-linux-gnu-ranlib
    - /usr/bin/aarch64-linux-gnu-readelf
    - /usr/bin/aarch64-linux-gnu-size
    - /usr/bin/aarch64-linux-gnu-strings
    - /usr/bin/aarch64-linux-gnu-strip
    - /usr/bin/addpart
    - /usr/bin/apt
    - /usr/bin/apt-cache
    - /usr/bin/apt-cdrom
    - /usr/bin/apt-config
    - /usr/bin/apt-get
    - /usr/bin/apt-key
    - /usr/bin/apt-mark
    - /usr/bin/arch
    - /usr/bin/b2sum
    - /usr/bin/base32
    - /usr/bin/base64
    - /usr/bin/basename
    - /usr/bin/basenc
    - /usr/bin/bash
    - /usr/bin/bashbug
    - /usr/bin/bunzip2
    - /usr/bin/bzdiff
    - /usr/bin/bzexe
    - /usr/bin/bzgrep
    - /usr/bin/bzip2recover
    - /usr/bin/bzmore
    - /usr/bin/c_rehash
    - /usr/bin/caddy
    - /usr/bin/cat
    - /usr/bin/chage
    - /usr/bin/chattr
    - /usr/bin/chcon
    - /usr/bin/chfn
    - /usr/bin/chgrp
    - /usr/bin/chmod
    - /usr/bin/choom
    - /usr/bin/chown
    - /usr/bin/chrt
    - /usr/bin/chsh
    - /usr/bin/cksum
    - /usr/bin/clear
    - /usr/bin/clear_console
    - /usr/bin/cmp
    - /usr/bin/comm
    - /usr/bin/corelist
    - /usr/bin/cp
    - /usr/bin/cpan
    - /usr/bin/cpan5.36-aarch64-linux-gnu
    - /usr/bin/cpan5.36-x86_64-linux-gnu
    - /usr/bin/csplit
    - /usr/bin/curl
    - /usr/bin/cut
    - /usr/bin/dash
    - /usr/bin/date
    - /usr/bin/dd
    - /usr/bin/deb-systemd-helper
    - /usr/bin/deb-systemd-invoke
    - /usr/bin/debconf
    - /usr/bin/debconf-apt-progress
    - /usr/bin/debconf-communicate
    - /usr/bin/debconf-copydb
    - /usr/bin/debconf-escape
    - /usr/bin/debconf-set-selections
    - /usr/bin/debconf-show
    - /usr/bin/delpart
    - /usr/bin/df
    - /usr/bin/diff
    - /usr/bin/diff3
    - /usr/bin/dir
    - /usr/bin/dircolors
    - /usr/bin/dirname
    - /usr/bin/dmesg
    - /usr/bin/dpkg
    - /usr/bin/dpkg-deb
    - /usr/bin/dpkg-divert
    - /usr/bin/dpkg-maintscript-helper
    - /usr/bin/dpkg-query
    - /usr/bin/dpkg-realpath
    - /usr/bin/dpkg-split
    - /usr/bin/dpkg-statoverride
    - /usr/bin/dpkg-trigger
    - /usr/bin/du
    - /usr/bin/echo
    - /usr/bin/egrep
    - /usr/bin/enc2xs
    - /usr/bin/encguess
    - /usr/bin/env
    - /usr/bin/envsubst
    - /usr/bin/expand
    - /usr/bin/expiry
    - /usr/bin/expr
    - /usr/bin/factor
    - /usr/bin/faillog
    - /usr/bin/fallocate
    - /usr/bin/false
    - /usr/bin/fgrep
    - /usr/bin/file
    - /usr/bin/fincore
    - /usr/bin/find
    - /usr/bin/findmnt
    - /usr/bin/flock
    - /usr/bin/fmt
    - /usr/bin/fold
    - /usr/bin/gencat
    - /usr/bin/getconf
    - /usr/bin/getent
    - /usr/bin/getopt
    - /usr/bin/gettext
    - /usr/bin/gettext.sh
    - /usr/bin/gpasswd
    - /usr/bin/gpgv
    - /usr/bin/grep
    - /usr/bin/groups
    - /usr/bin/gunzip
    - /usr/bin/gzexe
    - /usr/bin/gzip
    - /usr/bin/h2ph
    - /usr/bin/h2xs
    - /usr/bin/hardlink
    - /usr/bin/head
    - /usr/bin/hostid
    - /usr/bin/hostname
    - /usr/bin/iconv
    - /usr/bin/id
    - /usr/bin/infocmp
    - /usr/bin/install
    - /usr/bin/instmodsh
    - /usr/bin/ionice
    - /usr/bin/ipcmk
    - /usr/bin/ipcrm
    - /usr/bin/ipcs
    - /usr/bin/ischroot
    - /usr/bin/join
    - /usr/bin/json_pp
    - /usr/bin/last
    - /usr/bin/lastlog
    - /usr/bin/ldd
    - /usr/bin/libnetcfg
    - /usr/bin/link
    - /usr/bin/ln
    - /usr/bin/locale
    - /usr/bin/localedef
    - /usr/bin/logger
    - /usr/bin/login
    - /usr/bin/logname
    - /usr/bin/ls
    - /usr/bin/lsattr
    - /usr/bin/lsblk
    - /usr/bin/lscpu
    - /usr/bin/lsfd
    - /usr/bin/lsipc
    - /usr/bin/lsirq
    - /usr/bin/lslocks
    - /usr/bin/lslogins
    - /usr/bin/lsmem
    - /usr/bin/lsns
    - /usr/bin/lzmainfo
    - /usr/bin/mawk
    - /usr/bin/mcookie
    - /usr/bin/md5sum
    - /usr/bin/mesg
    - /usr/bin/mkdir
    - /usr/bin/mkfifo
    - /usr/bin/mknod
    - /usr/bin/mktemp
    - /usr/bin/more
    - /usr/bin/mount
    - /usr/bin/mountpoint
    - /usr/bin/mv
    - /usr/bin/namei
    - /usr/bin/newgrp
    - /usr/bin/ngettext
    - /usr/bin/nice
    - /usr/bin/nl
    - /usr/bin/nohup
    - /usr/bin/nproc
    - /usr/bin/nsenter
    - /usr/bin/numfmt
    - /usr/bin/od
    - /usr/bin/openssl
    - /usr/bin/partx
    - /usr/bin/passwd
    - /usr/bin/paste
    - /usr/bin/pathchk
    - /usr/bin/perl
    - /usr/bin/perl5.36-aarch64-linux-gnu
    - /usr/bin/perl5.36-x86_64-linux-gnu
    - /usr/bin/perlbug
    - /usr/bin/perldoc
    - /usr/bin/perlivp
    - /usr/bin/piconv
    - /usr/bin/pinky
    - /usr/bin/pkgconf
    - /usr/bin/pl2pm
    - /usr/bin/pldd
    - /usr/bin/pod2html
    - /usr/bin/pod2man
    - /usr/bin/pod2text
    - /usr/bin/pod2usage
    - /usr/bin/podchecker
    - /usr/bin/pr
    - /usr/bin/printenv
    - /usr/bin/printf
    - /usr/bin/prlimit
    - /usr/bin/prove
    - /usr/bin/ptar
    - /usr/bin/ptardiff
    - /usr/bin/ptargrep
    - /usr/bin/ptx
    - /usr/bin/pwd
    - /usr/bin/readlink
    - /usr/bin/realpath
    - /usr/bin/rename.ul
    - /usr/bin/renice
    - /usr/bin/resizepart
    - /usr/bin/rev
    - /usr/bin/rgrep
    - /usr/bin/rm
    - /usr/bin/rmdir
    - /usr/bin/rpcgen
    - /usr/bin/run-mailcap
    - /usr/bin/run-parts
    - /usr/bin/runcon
    - /usr/bin/savelog
    - /usr/bin/scanelf
    - /usr/bin/script
    - /usr/bin/scriptlive
    - /usr/bin/scriptreplay
    - /usr/bin/sdiff
    - /usr/bin/sed
    - /usr/bin/seq
    - /usr/bin/setarch
    - /usr/bin/setpriv
    - /usr/bin/setsid
    - /usr/bin/setterm
    - /usr/bin/sha1sum
    - /usr/bin/sha224sum
    - /usr/bin/sha256sum
    - /usr/bin/sha384sum
    - /usr/bin/sha512sum
    - /usr/bin/shasum
    - /usr/bin/shred
    - /usr/bin/shuf
    - /usr/bin/sleep
    - /usr/bin/sort
    - /usr/bin/splain
    - /usr/bin/split
    - /usr/bin/ssl_client
    - /usr/bin/stat
    - /usr/bin/stdbuf
    - /usr/bin/streamzip
    - /usr/bin/stty
    - /usr/bin/su
    - /usr/bin/sum
    - /usr/bin/sync
    - /usr/bin/tabs
    - /usr/bin/tac
    - /usr/bin/tail
    - /usr/bin/tar
    - /usr/bin/taskset
    - /usr/bin/tee
    - /usr/bin/tempfile
    - /usr/bin/test
    - /usr/bin/tic
    - /usr/bin/timeout
    - /usr/bin/tini
    - /usr/bin/tini-static
    - /usr/bin/toe
    - /usr/bin/touch
    - /usr/bin/tput
    - /usr/bin/tr
    - /usr/bin/true
    - /usr/bin/truncate
    - /usr/bin/tset
    - /usr/bin/tsort
    - /usr/bin/tty
    - /usr/bin/tzselect
    - /usr/bin/uclampset
    - /usr/bin/umount
    - /usr/bin/uname
    - /usr/bin/unexpand
    - /usr/bin/uniq
    - /usr/bin/unlink
    - /usr/bin/unshare
    - /usr/bin/update-alternatives
    - /usr/bin/users
    - /usr/bin/utmpdump
    - /usr/bin/vdir
    - /usr/bin/wall
    - /usr/bin/wc
    - /usr/bin/wcurl
    - /usr/bin/wdctl
    - /usr/bin/whereis
    - /usr/bin/which.debianutils
    - /usr/bin/who
    - /usr/bin/whoami
    - /usr/bin/x86_64-linux-gnu-addr2line
    - /usr/bin/x86_64-linux-gnu-ar
    - /usr/bin/x86_64-linux-gnu-as
    - /usr/bin/x86_64-linux-gnu-c++filt
    - /usr/bin/x86_64-linux-gnu-cpp-12
    - /usr/bin/x86_64-linux-gnu-dwp
    - /usr/bin/x86_64-linux-gnu-elfedit
    - /usr/bin/x86_64-linux-gnu-gp-archive
    - /usr/bin/x86_64-linux-gnu-gp-collect-app
    - /usr/bin/x86_64-linux-gnu-gp-display-html
    - /usr/bin/x86_64-linux-gnu-gp-display-src
    - /usr/bin/x86_64-linux-gnu-gp-display-text
    - /usr/bin/x86_64-linux-gnu-gprof
    - /usr/bin/x86_64-linux-gnu-gprofng
    - /usr/bin/x86_64-linux-gnu-ld.bfd
    - /usr/bin/x86_64-linux-gnu-ld.gold
    - /usr/bin/x86_64-linux-gnu-nm
    - /usr/bin/x86_64-linux-gnu-objcopy
    - /usr/bin/x86_64-linux-gnu-objdump
    - /usr/bin/x86_64-linux-gnu-ranlib
    - /usr/bin/x86_64-linux-gnu-readelf
    - /usr/bin/x86_64-linux-gnu-size
    - /usr/bin/x86_64-linux-gnu-strings
    - /usr/bin/x86_64-linux-gnu-strip
    - /usr/bin/xargs
    - /usr/bin/xsubpp
    - /usr/bin/xz
    - /usr/bin/xzdiff
    - /usr/bin/xzgrep
    - /usr/bin/xzless
    - /usr/bin/xzmore
    - /usr/bin/yes
    - /usr/bin/zcat
    - /usr/bin/zcmp
    - /usr/bin/zdiff
    - /usr/bin/zdump
    - /usr/bin/zegrep
    - /usr/bin/zfgrep
    - /usr/bin/zforce
    - /usr/bin/zgrep
    - /usr/bin/zipdetails
    - /usr/bin/zless
    - /usr/bin/zmore
    - /usr/bin/znew
    - /usr/include/crypt.h
    - /usr/include/rpcsvc/bootparam_prot.h
    - /usr/include/rpcsvc/bootparam_prot.x
    - /usr/include/rpcsvc/key_prot.h
    - /usr/include/rpcsvc/key_prot.x
    - /usr/include/rpcsvc/klm_prot.h
    - /usr/include/rpcsvc/klm_prot.x
    - /usr/include/rpcsvc/mount.h
    - /usr/include/rpcsvc/mount.x
    - /usr/include/rpcsvc/nfs_prot.h
    - /usr/include/rpcsvc/nfs_prot.x
    - /usr/include/rpcsvc/nis.h
    - /usr/include/rpcsvc/nis.x
    - /usr/include/rpcsvc/nis_callback.h
    - /usr/include/rpcsvc/nis_callback.x
    - /usr/include/rpcsvc/nis_object.x
    - /usr/include/rpcsvc/nis_tags.h
    - /usr/include/rpcsvc/nislib.h
    - /usr/include/rpcsvc/nlm_prot.h
    - /usr/include/rpcsvc/nlm_prot.x
    - /usr/include/rpcsvc/rex.h
    - /usr/include/rpcsvc/rex.x
    - /usr/include/rpcsvc/rquota.h
    - /usr/include/rpcsvc/rquota.x
    - /usr/include/rpcsvc/rstat.h
    - /usr/include/rpcsvc/rstat.x
    - /usr/include/rpcsvc/rusers.h
    - /usr/include/rpcsvc/rusers.x
    - /usr/include/rpcsvc/sm_inter.h
    - /usr/include/rpcsvc/sm_inter.x
    - /usr/include/rpcsvc/spray.h
    - /usr/include/rpcsvc/spray.x
    - /usr/include/rpcsvc/yp.h
    - /usr/include/rpcsvc/yp.x
    - /usr/include/rpcsvc/yp_prot.h
    - /usr/include/rpcsvc/ypclnt.h
    - /usr/include/rpcsvc/yppasswd.h
    - /usr/include/rpcsvc/yppasswd.x
    - /usr/include/rpcsvc/ypupd.h
    - /usr/include/tirpc/netconfig.h
    - /usr/include/tirpc/rpc/auth.h
    - /usr/include/tirpc/rpc/auth_des.h
    - /usr/include/tirpc/rpc/auth_gss.h
    - /usr/include/tirpc/rpc/auth_unix.h
    - /usr/include/tirpc/rpc/clnt.h
    - /usr/include/tirpc/rpc/clnt_soc.h
    - /usr/include/tirpc/rpc/clnt_stat.h
    - /usr/include/tirpc/rpc/des.h
    - /usr/include/tirpc/rpc/des_crypt.h
    - /usr/include/tirpc/rpc/key_prot.h
    - /usr/include/tirpc/rpc/nettype.h
    - /usr/include/tirpc/rpc/pmap_clnt.h
    - /usr/include/tirpc/rpc/pmap_prot.h
    - /usr/include/tirpc/rpc/pmap_rmt.h
    - /usr/include/tirpc/rpc/raw.h
    - /usr/include/tirpc/rpc/rpc.h
    - /usr/include/tirpc/rpc/rpc_com.h
    - /usr/include/tirpc/rpc/rpc_msg.h
    - /usr/include/tirpc/rpc/rpcb_clnt.h
    - /usr/include/tirpc/rpc/rpcb_prot.h
    - /usr/include/tirpc/rpc/rpcb_prot.x
    - /usr/include/tirpc/rpc/rpcent.h
    - /usr/include/tirpc/rpc/rpcsec_gss.h
    - /usr/include/tirpc/rpc/svc.h
    - /usr/include/tirpc/rpc/svc_auth.h
    - /usr/include/tirpc/rpc/svc_auth_gss.h
    - /usr/include/tirpc/rpc/svc_dg.h
    - /usr/include/tirpc/rpc/svc_mt.h
    - /usr/include/tirpc/rpc/svc_soc.h
    - /usr/include/tirpc/rpc/types.h
    - /usr/include/tirpc/rpc/xdr.h
    - /usr/include/tirpc/rpcsvc/crypt.h
    - /usr/include/tirpc/rpcsvc/crypt.x
    - /usr/lib/aarch64-linux-gnu/bfd-plugins/libdep.so
    - /usr/lib/aarch64-linux-gnu/e2fsprogs/e2scrub_all_cron
    - /usr/lib/aarch64-linux-gnu/e2fsprogs/e2scrub_fail
    - /usr/lib/aarch64-linux-gnu/engines-3/afalg.so
    - /usr/lib/aarch64-linux-gnu/engines-3/loader_attic.so
    - /usr/lib/aarch64-linux-gnu/engines-3/padlock.so
    - /usr/lib/aarch64-linux-gnu/gconv/ANSI_X3.110.so
    - /usr/lib/aarch64-linux-gnu/gconv/ARMSCII-8.so
    - /usr/lib/aarch64-linux-gnu/gconv/ASMO_449.so
    - /usr/lib/aarch64-linux-gnu/gconv/BIG5.so
    - /usr/lib/aarch64-linux-gnu/gconv/BIG5HKSCS.so
    - /usr/lib/aarch64-linux-gnu/gconv/BRF.so
    - /usr/lib/aarch64-linux-gnu/gconv/CP10007.so
    - /usr/lib/aarch64-linux-gnu/gconv/CP1125.so
    - /usr/lib/aarch64-linux-gnu/gconv/CP1250.so
    - /usr/lib/aarch64-linux-gnu/gconv/CP1251.so
    - /usr/lib/aarch64-linux-gnu/gconv/CP1252.so
    - /usr/lib/aarch64-linux-gnu/gconv/CP1253.so
    - /usr/lib/aarch64-linux-gnu/gconv/CP1254.so
    - /usr/lib/aarch64-linux-gnu/gconv/CP1255.so
    - /usr/lib/aarch64-linux-gnu/gconv/CP1256.so
    - /usr/lib/aarch64-linux-gnu/gconv/CP1257.so
    - /usr/lib/aarch64-linux-gnu/gconv/CP1258.so
    - /usr/lib/aarch64-linux-gnu/gconv/CP737.so
    - /usr/lib/aarch64-linux-gnu/gconv/CP770.so
    - /usr/lib/aarch64-linux-gnu/gconv/CP771.so
    - /usr/lib/aarch64-linux-gnu/gconv/CP772.so
    - /usr/lib/aarch64-linux-gnu/gconv/CP773.so
    - /usr/lib/aarch64-linux-gnu/gconv/CP774.so
    - /usr/lib/aarch64-linux-gnu/gconv/CP775.so
    - /usr/lib/aarch64-linux-gnu/gconv/CP932.so
    - /usr/lib/aarch64-linux-gnu/gconv/CSN_369103.so
    - /usr/lib/aarch64-linux-gnu/gconv/CWI.so
    - /usr/lib/aarch64-linux-gnu/gconv/DEC-MCS.so
    - /usr/lib/aarch64-linux-gnu/gconv/EBCDIC-AT-DE-A.so
    - /usr/lib/aarch64-linux-gnu/gconv/EBCDIC-AT-DE.so
    - /usr/lib/aarch64-linux-gnu/gconv/EBCDIC-CA-FR.so
    - /usr/lib/aarch64-linux-gnu/gconv/EBCDIC-DK-NO-A.so
    - /usr/lib/aarch64-linux-gnu/gconv/EBCDIC-DK-NO.so
    - /usr/lib/aarch64-linux-gnu/gconv/EBCDIC-ES-A.so
    - /usr/lib/aarch64-linux-gnu/gconv/EBCDIC-ES-S.so
    - /usr/lib/aarch64-linux-gnu/gconv/EBCDIC-ES.so
    - /usr/lib/aarch64-linux-gnu/gconv/EBCDIC-FI-SE-A.so
    - /usr/lib/aarch64-linux-gnu/gconv/EBCDIC-FI-SE.so
    - /usr/lib/aarch64-linux-gnu/gconv/EBCDIC-FR.so
    - /usr/lib/aarch64-linux-gnu/gconv/EBCDIC-IS-FRISS.so
    - /usr/lib/aarch64-linux-gnu/gconv/EBCDIC-IT.so
    - /usr/lib/aarch64-linux-gnu/gconv/EBCDIC-PT.so
    - /usr/lib/aarch64-linux-gnu/gconv/EBCDIC-UK.so
    - /usr/lib/aarch64-linux-gnu/gconv/EBCDIC-US.so
    - /usr/lib/aarch64-linux-gnu/gconv/ECMA-CYRILLIC.so
    - /usr/lib/aarch64-linux-gnu/gconv/EUC-CN.so
    - /usr/lib/aarch64-linux-gnu/gconv/EUC-JISX0213.so
    - /usr/lib/aarch64-linux-gnu/gconv/EUC-JP-MS.so
    - /usr/lib/aarch64-linux-gnu/gconv/EUC-JP.so
    - /usr/lib/aarch64-linux-gnu/gconv/EUC-KR.so
    - /usr/lib/aarch64-linux-gnu/gconv/EUC-TW.so
    - /usr/lib/aarch64-linux-gnu/gconv/GB18030.so
    - /usr/lib/aarch64-linux-gnu/gconv/GBBIG5.so
    - /usr/lib/aarch64-linux-gnu/gconv/GBGBK.so
    - /usr/lib/aarch64-linux-gnu/gconv/GBK.so
    - /usr/lib/aarch64-linux-gnu/gconv/GEORGIAN-ACADEMY.so
    - /usr/lib/aarch64-linux-gnu/gconv/GEORGIAN-PS.so
    - /usr/lib/aarch64-linux-gnu/gconv/GOST_19768-74.so
    - /usr/lib/aarch64-linux-gnu/gconv/GREEK-CCITT.so
    - /usr/lib/aarch64-linux-gnu/gconv/GREEK7-OLD.so
    - /usr/lib/aarch64-linux-gnu/gconv/GREEK7.so
    - /usr/lib/aarch64-linux-gnu/gconv/HP-GREEK8.so
    - /usr/lib/aarch64-linux-gnu/gconv/HP-ROMAN8.so
    - /usr/lib/aarch64-linux-gnu/gconv/HP-ROMAN9.so
    - /usr/lib/aarch64-linux-gnu/gconv/HP-THAI8.so
    - /usr/lib/aarch64-linux-gnu/gconv/HP-TURKISH8.so
    - /usr/lib/aarch64-linux-gnu/gconv/IBM037.so
    - /usr/lib/aarch64-linux-gnu/gconv/IBM038.so
    - /usr/lib/aarch64-linux-gnu/gconv/IBM1004.so
    - /usr/lib/aarch64-linux-gnu/gconv/IBM1008.so
    - /usr/lib/aarch64-linux-gnu/gconv/IBM1008_420.so
    - /usr/lib/aarch64-linux-gnu/gconv/IBM1025.so
    - /usr/lib/aarch64-linux-gnu/gconv/IBM1026.so
    - /usr/lib/aarch64-linux-gnu/gconv/IBM1046.so
    - /usr/lib/aarch64-linux-gnu/gconv/IBM1047.so
    - /usr/lib/aarch64-linux-gnu/gconv/IBM1097.so
    - /usr/lib/aarch64-linux-gnu/gconv/IBM1112.so
    - /usr/lib/aarch64-linux-gnu/gconv/IBM1122.so
    - /usr/lib/aarch64-linux-gnu/gconv/IBM1123.so
    - /usr/lib/aarch64-linux-gnu/gconv/IBM1124.so
    - /usr/lib/aarch64-linux-gnu/gconv/IBM1129.so
    - /usr/lib/aarch64-linux-gnu/gconv/IBM1130.so
    - /usr/lib/aarch64-linux-gnu/gconv/IBM1132.so
    - /usr/lib/aarch64-linux-gnu/gconv/IBM1133.so
    - /usr/lib/aarch64-linux-gnu/gconv/IBM1137.so
    - /usr/lib/aarch64-linux-gnu/gconv/IBM1140.so
    - /usr/lib/aarch64-linux-gnu/gconv/IBM1141.so
    - /usr/lib/aarch64-linux-gnu/gconv/IBM1142.so
    - /usr/lib/aarch64-linux-gnu/gconv/IBM1143.so
    - /usr/lib/aarch64-linux-gnu/gconv/IBM1144.so
    - /usr/lib/aarch64-linux-gnu/gconv/IBM1145.so
    - /usr/lib/aarch64-linux-gnu/gconv/IBM1146.so
    - /usr/lib/aarch64-linux-gnu/gconv/IBM1147.so
    - /usr/lib/aarch64-linux-gnu/gconv/IBM1148.so
    - /usr/lib/aarch64-linux-gnu/gconv/IBM1149.so
    - /usr/lib/aarch64-linux-gnu/gconv/IBM1153.so
    - /usr/lib/aarch64-linux-gnu/gconv/IBM1154.so
    - /usr/lib/aarch64-linux-gnu/gconv/IBM1155.so
    - /usr/lib/aarch64-linux-gnu/gconv/IBM1156.so
    - /usr/lib/aarch64-linux-gnu/gconv/IBM1157.so
    - /usr/lib/aarch64-linux-gnu/gconv/IBM1158.so
    - /usr/lib/aarch64-linux-gnu/gconv/IBM1160.so
    - /usr/lib/aarch64-linux-gnu/gconv/IBM1161.so
    - /usr/lib/aarch64-linux-gnu/gconv/IBM1162.so
    - /usr/lib/aarch64-linux-gnu/gconv/IBM1163.so
    - /usr/lib/aarch64-linux-gnu/gconv/IBM1164.so
    - /usr/lib/aarch64-linux-gnu/gconv/IBM1166.so
    - /usr/lib/aarch64-linux-gnu/gconv/IBM1167.so
    - /usr/lib/aarch64-linux-gnu/gconv/IBM12712.so
    - /usr/lib/aarch64-linux-gnu/gconv/IBM1364.so
    - /usr/lib/aarch64-linux-gnu/gconv/IBM1371.so
    - /usr/lib/aarch64-linux-gnu/gconv/IBM1388.so
    - /usr/lib/aarch64-linux-gnu/gconv/IBM1390.so
    - /usr/lib/aarch64-linux-gnu/gconv/IBM1399.so
    - /usr/lib/aarch64-linux-gnu/gconv/IBM16804.so
    - /usr/lib/aarch64-linux-gnu/gconv/IBM256.so
    - /usr/lib/aarch64-linux-gnu/gconv/IBM273.so
    - /usr/lib/aarch64-linux-gnu/gconv/IBM274.so
    - /usr/lib/aarch64-linux-gnu/gconv/IBM275.so
    - /usr/lib/aarch64-linux-gnu/gconv/IBM277.so
    - /usr/lib/aarch64-linux-gnu/gconv/IBM278.so
    - /usr/lib/aarch64-linux-gnu/gconv/IBM280.so
    - /usr/lib/aarch64-linux-gnu/gconv/IBM281.so
    - /usr/lib/aarch64-linux-gnu/gconv/IBM284.so
    - /usr/lib/aarch64-linux-gnu/gconv/IBM285.so
    - /usr/lib/aarch64-linux-gnu/gconv/IBM290.so
    - /usr/lib/aarch64-linux-gnu/gconv/IBM297.so
    - /usr/lib/aarch64-linux-gnu/gconv/IBM420.so
    - /usr/lib/aarch64-linux-gnu/gconv/IBM423.so
    - /usr/lib/aarch64-linux-gnu/gconv/IBM424.so
    - /usr/lib/aarch64-linux-gnu/gconv/IBM437.so
    - /usr/lib/aarch64-linux-gnu/gconv/IBM4517.so
    - /usr/lib/aarch64-linux-gnu/gconv/IBM4899.so
    - /usr/lib/aarch64-linux-gnu/gconv/IBM4909.so
    - /usr/lib/aarch64-linux-gnu/gconv/IBM4971.so
    - /usr/lib/aarch64-linux-gnu/gconv/IBM500.so
    - /usr/lib/aarch64-linux-gnu/gconv/IBM5347.so
    - /usr/lib/aarch64-linux-gnu/gconv/IBM803.so
    - /usr/lib/aarch64-linux-gnu/gconv/IBM850.so
    - /usr/lib/aarch64-linux-gnu/gconv/IBM851.so
    - /usr/lib/aarch64-linux-gnu/gconv/IBM852.so
    - /usr/lib/aarch64-linux-gnu/gconv/IBM855.so
    - /usr/lib/aarch64-linux-gnu/gconv/IBM856.so
    - /usr/lib/aarch64-linux-gnu/gconv/IBM857.so
    - /usr/lib/aarch64-linux-gnu/gconv/IBM858.so
    - /usr/lib/aarch64-linux-gnu/gconv/IBM860.so
    - /usr/lib/aarch64-linux-gnu/gconv/IBM861.so
    - /usr/lib/aarch64-linux-gnu/gconv/IBM862.so
    - /usr/lib/aarch64-linux-gnu/gconv/IBM863.so
    - /usr/lib/aarch64-linux-gnu/gconv/IBM864.so
    - /usr/lib/aarch64-linux-gnu/gconv/IBM865.so
    - /usr/lib/aarch64-linux-gnu/gconv/IBM866.so
    - /usr/lib/aarch64-linux-gnu/gconv/IBM866NAV.so
    - /usr/lib/aarch64-linux-gnu/gconv/IBM868.so
    - /usr/lib/aarch64-linux-gnu/gconv/IBM869.so
    - /usr/lib/aarch64-linux-gnu/gconv/IBM870.so
    - /usr/lib/aarch64-linux-gnu/gconv/IBM871.so
    - /usr/lib/aarch64-linux-gnu/gconv/IBM874.so
    - /usr/lib/aarch64-linux-gnu/gconv/IBM875.so
    - /usr/lib/aarch64-linux-gnu/gconv/IBM880.so
    - /usr/lib/aarch64-linux-gnu/gconv/IBM891.so
    - /usr/lib/aarch64-linux-gnu/gconv/IBM901.so
    - /usr/lib/aarch64-linux-gnu/gconv/IBM902.so
    - /usr/lib/aarch64-linux-gnu/gconv/IBM903.so
    - /usr/lib/aarch64-linux-gnu/gconv/IBM9030.so
    - /usr/lib/aarch64-linux-gnu/gconv/IBM904.so
    - /usr/lib/aarch64-linux-gnu/gconv/IBM905.so
    - /usr/lib/aarch64-linux-gnu/gconv/IBM9066.so
    - /usr/lib/aarch64-linux-gnu/gconv/IBM918.so
    - /usr/lib/aarch64-linux-gnu/gconv/IBM921.so
    - /usr/lib/aarch64-linux-gnu/gconv/IBM922.so
    - /usr/lib/aarch64-linux-gnu/gconv/IBM930.so
    - /usr/lib/aarch64-linux-gnu/gconv/IBM932.so
    - /usr/lib/aarch64-linux-gnu/gconv/IBM933.so
    - /usr/lib/aarch64-linux-gnu/gconv/IBM935.so
    - /usr/lib/aarch64-linux-gnu/gconv/IBM937.so
    - /usr/lib/aarch64-linux-gnu/gconv/IBM939.so
    - /usr/lib/aarch64-linux-gnu/gconv/IBM943.so
    - /usr/lib/aarch64-linux-gnu/gconv/IBM9448.so
    - /usr/lib/aarch64-linux-gnu/gconv/IEC_P27-1.so
    - /usr/lib/aarch64-linux-gnu/gconv/INIS-8.so
    - /usr/lib/aarch64-linux-gnu/gconv/INIS-CYRILLIC.so
    - /usr/lib/aarch64-linux-gnu/gconv/INIS.so
    - /usr/lib/aarch64-linux-gnu/gconv/ISIRI-3342.so
    - /usr/lib/aarch64-linux-gnu/gconv/ISO-2022-CN-EXT.so
    - /usr/lib/aarch64-linux-gnu/gconv/ISO-2022-CN.so
    - /usr/lib/aarch64-linux-gnu/gconv/ISO-2022-JP-3.so
    - /usr/lib/aarch64-linux-gnu/gconv/ISO-2022-JP.so
    - /usr/lib/aarch64-linux-gnu/gconv/ISO-2022-KR.so
    - /usr/lib/aarch64-linux-gnu/gconv/ISO-IR-197.so
    - /usr/lib/aarch64-linux-gnu/gconv/ISO-IR-209.so
    - /usr/lib/aarch64-linux-gnu/gconv/ISO646.so
    - /usr/lib/aarch64-linux-gnu/gconv/ISO8859-1.so
    - /usr/lib/aarch64-linux-gnu/gconv/ISO8859-10.so
    - /usr/lib/aarch64-linux-gnu/gconv/ISO8859-11.so
    - /usr/lib/aarch64-linux-gnu/gconv/ISO8859-13.so
    - /usr/lib/aarch64-linux-gnu/gconv/ISO8859-14.so
    - /usr/lib/aarch64-linux-gnu/gconv/ISO8859-15.so
    - /usr/lib/aarch64-linux-gnu/gconv/ISO8859-16.so
    - /usr/lib/aarch64-linux-gnu/gconv/ISO8859-2.so
    - /usr/lib/aarch64-linux-gnu/gconv/ISO8859-3.so
    - /usr/lib/aarch64-linux-gnu/gconv/ISO8859-4.so
    - /usr/lib/aarch64-linux-gnu/gconv/ISO8859-5.so
    - /usr/lib/aarch64-linux-gnu/gconv/ISO8859-6.so
    - /usr/lib/aarch64-linux-gnu/gconv/ISO8859-7.so
    - /usr/lib/aarch64-linux-gnu/gconv/ISO8859-8.so
    - /usr/lib/aarch64-linux-gnu/gconv/ISO8859-9.so
    - /usr/lib/aarch64-linux-gnu/gconv/ISO8859-9E.so
    - /usr/lib/aarch64-linux-gnu/gconv/ISO_10367-BOX.so
    - /usr/lib/aarch64-linux-gnu/gconv/ISO_11548-1.so
    - /usr/lib/aarch64-linux-gnu/gconv/ISO_2033.so
    - /usr/lib/aarch64-linux-gnu/gconv/ISO_5427-EXT.so
    - /usr/lib/aarch64-linux-gnu/gconv/ISO_5427.so
    - /usr/lib/aarch64-linux-gnu/gconv/ISO_5428.so
    - /usr/lib/aarch64-linux-gnu/gconv/ISO_6937-2.so
    - /usr/lib/aarch64-linux-gnu/gconv/ISO_6937.so
    - /usr/lib/aarch64-linux-gnu/gconv/JOHAB.so
    - /usr/lib/aarch64-linux-gnu/gconv/KOI-8.so
    - /usr/lib/aarch64-linux-gnu/gconv/KOI8-R.so
    - /usr/lib/aarch64-linux-gnu/gconv/KOI8-RU.so
    - /usr/lib/aarch64-linux-gnu/gconv/KOI8-T.so
    - /usr/lib/aarch64-linux-gnu/gconv/KOI8-U.so
    - /usr/lib/aarch64-linux-gnu/gconv/LATIN-GREEK-1.so
    - /usr/lib/aarch64-linux-gnu/gconv/LATIN-GREEK.so
    - /usr/lib/aarch64-linux-gnu/gconv/MAC-CENTRALEUROPE.so
    - /usr/lib/aarch64-linux-gnu/gconv/MAC-IS.so
    - /usr/lib/aarch64-linux-gnu/gconv/MAC-SAMI.so
    - /usr/lib/aarch64-linux-gnu/gconv/MAC-UK.so
    - /usr/lib/aarch64-linux-gnu/gconv/MACINTOSH.so
    - /usr/lib/aarch64-linux-gnu/gconv/MIK.so
    - /usr/lib/aarch64-linux-gnu/gconv/NATS-DANO.so
    - /usr/lib/aarch64-linux-gnu/gconv/NATS-SEFI.so
    - /usr/lib/aarch64-linux-gnu/gconv/PT154.so
    - /usr/lib/aarch64-linux-gnu/gconv/RK1048.so
    - /usr/lib/aarch64-linux-gnu/gconv/SAMI-WS2.so
    - /usr/lib/aarch64-linux-gnu/gconv/SHIFT_JISX0213.so
    - /usr/lib/aarch64-linux-gnu/gconv/SJIS.so
    - /usr/lib/aarch64-linux-gnu/gconv/T.61.so
    - /usr/lib/aarch64-linux-gnu/gconv/TCVN5712-1.so
    - /usr/lib/aarch64-linux-gnu/gconv/TIS-620.so
    - /usr/lib/aarch64-linux-gnu/gconv/TSCII.so
    - /usr/lib/aarch64-linux-gnu/gconv/UHC.so
    - /usr/lib/aarch64-linux-gnu/gconv/UNICODE.so
    - /usr/lib/aarch64-linux-gnu/gconv/UTF-16.so
    - /usr/lib/aarch64-linux-gnu/gconv/UTF-32.so
    - /usr/lib/aarch64-linux-gnu/gconv/UTF-7.so
    - /usr/lib/aarch64-linux-gnu/gconv/VISCII.so
    - /usr/lib/aarch64-linux-gnu/gconv/gconv-modules
    - /usr/lib/aarch64-linux-gnu/gconv/gconv-modules.cache
    - /usr/lib/aarch64-linux-gnu/gconv/gconv-modules.d/gconv-modules-extra.conf
    - /usr/lib/aarch64-linux-gnu/gconv/libCNS.so
    - /usr/lib/aarch64-linux-gnu/gconv/libGB.so
    - /usr/lib/aarch64-linux-gnu/gconv/libISOIR165.so
    - /usr/lib/aarch64-linux-gnu/gconv/libJIS.so
    - /usr/lib/aarch64-linux-gnu/gconv/libJISX0213.so
    - /usr/lib/aarch64-linux-gnu/gconv/libKSC.so
    - /usr/lib/aarch64-linux-gnu/gprofng/libgp-collector.so
    - /usr/lib/aarch64-linux-gnu/gprofng/libgp-collectorAPI.so
    - /usr/lib/aarch64-linux-gnu/gprofng/libgp-heap.so
    - /usr/lib/aarch64-linux-gnu/gprofng/libgp-iotrace.so
    - /usr/lib/aarch64-linux-gnu/gprofng/libgp-sync.so
    - /usr/lib/aarch64-linux-gnu/krb5/plugins/preauth/spake.so
    - /usr/lib/aarch64-linux-gnu/ld-linux-aarch64.so.1
    - /usr/lib/aarch64-linux-gnu/ldscripts/aarch64elf.x
    - /usr/lib/aarch64-linux-gnu/ldscripts/aarch64elf.xbn
    - /usr/lib/aarch64-linux-gnu/ldscripts/aarch64elf.xc
    - /usr/lib/aarch64-linux-gnu/ldscripts/aarch64elf.xce
    - /usr/lib/aarch64-linux-gnu/ldscripts/aarch64elf.xd
    - /usr/lib/aarch64-linux-gnu/ldscripts/aarch64elf.xdc
    - /usr/lib/aarch64-linux-gnu/ldscripts/aarch64elf.xdce
    - /usr/lib/aarch64-linux-gnu/ldscripts/aarch64elf.xde
    - /usr/lib/aarch64-linux-gnu/ldscripts/aarch64elf.xdw
    - /usr/lib/aarch64-linux-gnu/ldscripts/aarch64elf.xdwe
    - /usr/lib/aarch64-linux-gnu/ldscripts/aarch64elf.xe
    - /usr/lib/aarch64-linux-gnu/ldscripts/aarch64elf.xn
    - /usr/lib/aarch64-linux-gnu/ldscripts/aarch64elf.xr
    - /usr/lib/aarch64-linux-gnu/ldscripts/aarch64elf.xs
    - /usr/lib/aarch64-linux-gnu/ldscripts/aarch64elf.xsc
    - /usr/lib/aarch64-linux-gnu/ldscripts/aarch64elf.xsce
    - /usr/lib/aarch64-linux-gnu/ldscripts/aarch64elf.xse
    - /usr/lib/aarch64-linux-gnu/ldscripts/aarch64elf.xsw
    - /usr/lib/aarch64-linux-gnu/ldscripts/aarch64elf.xswe
    - /usr/lib/aarch64-linux-gnu/ldscripts/aarch64elf.xu
    - /usr/lib/aarch64-linux-gnu/ldscripts/aarch64elf.xw
    - /usr/lib/aarch64-linux-gnu/ldscripts/aarch64elf.xwe
    - /usr/lib/aarch64-linux-gnu/ldscripts/aarch64elf32.x
    - /usr/lib/aarch64-linux-gnu/ldscripts/aarch64elf32.xbn
    - /usr/lib/aarch64-linux-gnu/ldscripts/aarch64elf32.xc
    - /usr/lib/aarch64-linux-gnu/ldscripts/aarch64elf32.xce
    - /usr/lib/aarch64-linux-gnu/ldscripts/aarch64elf32.xd
    - /usr/lib/aarch64-linux-gnu/ldscripts/aarch64elf32.xdc
    - /usr/lib/aarch64-linux-gnu/ldscripts/aarch64elf32.xdce
    - /usr/lib/aarch64-linux-gnu/ldscripts/aarch64elf32.xde
    - /usr/lib/aarch64-linux-gnu/ldscripts/aarch64elf32.xdw
    - /usr/lib/aarch64-linux-gnu/ldscripts/aarch64elf32.xdwe
    - /usr/lib/aarch64-linux-gnu/ldscripts/aarch64elf32.xe
    - /usr/lib/aarch64-linux-gnu/ldscripts/aarch64elf32.xn
    - /usr/lib/aarch64-linux-gnu/ldscripts/aarch64elf32.xr
    - /usr/lib/aarch64-linux-gnu/ldscripts/aarch64elf32.xs
    - /usr/lib/aarch64-linux-gnu/ldscripts/aarch64elf32.xsc
    - /usr/lib/aarch64-linux-gnu/ldscripts/aarch64elf32.xsce
    - /usr/lib/aarch64-linux-gnu/ldscripts/aarch64elf32.xse
    - /usr/lib/aarch64-linux-gnu/ldscripts/aarch64elf32.xsw
    - /usr/lib/aarch64-linux-gnu/ldscripts/aarch64elf32.xswe
    - /usr/lib/aarch64-linux-gnu/ldscripts/aarch64elf32.xu
    - /usr/lib/aarch64-linux-gnu/ldscripts/aarch64elf32.xw
    - /usr/lib/aarch64-linux-gnu/ldscripts/aarch64elf32.xwe
    - /usr/lib/aarch64-linux-gnu/ldscripts/aarch64elf32b.x
    - /usr/lib/aarch64-linux-gnu/ldscripts/aarch64elf32b.xbn
    - /usr/lib/aarch64-linux-gnu/ldscripts/aarch64elf32b.xc
    - /usr/lib/aarch64-linux-gnu/ldscripts/aarch64elf32b.xce
    - /usr/lib/aarch64-linux-gnu/ldscripts/aarch64elf32b.xd
    - /usr/lib/aarch64-linux-gnu/ldscripts/aarch64elf32b.xdc
    - /usr/lib/aarch64-linux-gnu/ldscripts/aarch64elf32b.xdce
    - /usr/lib/aarch64-linux-gnu/ldscripts/aarch64elf32b.xde
    - /usr/lib/aarch64-linux-gnu/ldscripts/aarch64elf32b.xdw
    - /usr/lib/aarch64-linux-gnu/ldscripts/aarch64elf32b.xdwe
    - /usr/lib/aarch64-linux-gnu/ldscripts/aarch64elf32b.xe
    - /usr/lib/aarch64-linux-gnu/ldscripts/aarch64elf32b.xn
    - /usr/lib/aarch64-linux-gnu/ldscripts/aarch64elf32b.xr
    - /usr/lib/aarch64-linux-gnu/ldscripts/aarch64elf32b.xs
    - /usr/lib/aarch64-linux-gnu/ldscripts/aarch64elf32b.xsc
    - /usr/lib/aarch64-linux-gnu/ldscripts/aarch64elf32b.xsce
    - /usr/lib/aarch64-linux-gnu/ldscripts/aarch64elf32b.xse
    - /usr/lib/aarch64-linux-gnu/ldscripts/aarch64elf32b.xsw
    - /usr/lib/aarch64-linux-gnu/ldscripts/aarch64elf32b.xswe
    - /usr/lib/aarch64-linux-gnu/ldscripts/aarch64elf32b.xu
    - /usr/lib/aarch64-linux-gnu/ldscripts/aarch64elf32b.xw
    - /usr/lib/aarch64-linux-gnu/ldscripts/aarch64elf32b.xwe
    - /usr/lib/aarch64-linux-gnu/ldscripts/aarch64elfb.x
    - /usr/lib/aarch64-linux-gnu/ldscripts/aarch64elfb.xbn
    - /usr/lib/aarch64-linux-gnu/ldscripts/aarch64elfb.xc
    - /usr/lib/aarch64-linux-gnu/ldscripts/aarch64elfb.xce
    - /usr/lib/aarch64-linux-gnu/ldscripts/aarch64elfb.xd
    - /usr/lib/aarch64-linux-gnu/ldscripts/aarch64elfb.xdc
    - /usr/lib/aarch64-linux-gnu/ldscripts/aarch64elfb.xdce
    - /usr/lib/aarch64-linux-gnu/ldscripts/aarch64elfb.xde
    - /usr/lib/aarch64-linux-gnu/ldscripts/aarch64elfb.xdw
    - /usr/lib/aarch64-linux-gnu/ldscripts/aarch64elfb.xdwe
    - /usr/lib/aarch64-linux-gnu/ldscripts/aarch64elfb.xe
    - /usr/lib/aarch64-linux-gnu/ldscripts/aarch64elfb.xn
    - /usr/lib/aarch64-linux-gnu/ldscripts/aarch64elfb.xr
    - /usr/lib/aarch64-linux-gnu/ldscripts/aarch64elfb.xs
    - /usr/lib/aarch64-linux-gnu/ldscripts/aarch64elfb.xsc
    - /usr/lib/aarch64-linux-gnu/ldscripts/aarch64elfb.xsce
    - /usr/lib/aarch64-linux-gnu/ldscripts/aarch64elfb.xse
    - /usr/lib/aarch64-linux-gnu/ldscripts/aarch64elfb.xsw
    - /usr/lib/aarch64-linux-gnu/ldscripts/aarch64elfb.xswe
    - /usr/lib/aarch64-linux-gnu/ldscripts/aarch64elfb.xu
    - /usr/lib/aarch64-linux-gnu/ldscripts/aarch64elfb.xw
    - /usr/lib/aarch64-linux-gnu/ldscripts/aarch64elfb.xwe
    - /usr/lib/aarch64-linux-gnu/ldscripts/aarch64linux.x
    - /usr/lib/aarch64-linux-gnu/ldscripts/aarch64linux.xbn
    - /usr/lib/aarch64-linux-gnu/ldscripts/aarch64linux.xc
    - /usr/lib/aarch64-linux-gnu/ldscripts/aarch64linux.xce
    - /usr/lib/aarch64-linux-gnu/ldscripts/aarch64linux.xd
    - /usr/lib/aarch64-linux-gnu/ldscripts/aarch64linux.xdc
    - /usr/lib/aarch64-linux-gnu/ldscripts/aarch64linux.xdce
    - /usr/lib/aarch64-linux-gnu/ldscripts/aarch64linux.xde
    - /usr/lib/aarch64-linux-gnu/ldscripts/aarch64linux.xdw
    - /usr/lib/aarch64-linux-gnu/ldscripts/aarch64linux.xdwe
    - /usr/lib/aarch64-linux-gnu/ldscripts/aarch64linux.xe
    - /usr/lib/aarch64-linux-gnu/ldscripts/aarch64linux.xn
    - /usr/lib/aarch64-linux-gnu/ldscripts/aarch64linux.xr
    - /usr/lib/aarch64-linux-gnu/ldscripts/aarch64linux.xs
    - /usr/lib/aarch64-linux-gnu/ldscripts/aarch64linux.xsc
    - /usr/lib/aarch64-linux-gnu/ldscripts/aarch64linux.xsce
    - /usr/lib/aarch64-linux-gnu/ldscripts/aarch64linux.xse
    - /usr/lib/aarch64-linux-gnu/ldscripts/aarch64linux.xsw
    - /usr/lib/aarch64-linux-gnu/ldscripts/aarch64linux.xswe
    - /usr/lib/aarch64-linux-gnu/ldscripts/aarch64linux.xu
    - /usr/lib/aarch64-linux-gnu/ldscripts/aarch64linux.xw
    - /usr/lib/aarch64-linux-gnu/ldscripts/aarch64linux.xwe
    - /usr/lib/aarch64-linux-gnu/ldscripts/aarch64linux32.x
    - /usr/lib/aarch64-linux-gnu/ldscripts/aarch64linux32.xbn
    - /usr/lib/aarch64-linux-gnu/ldscripts/aarch64linux32.xc
    - /usr/lib/aarch64-linux-gnu/ldscripts/aarch64linux32.xce
    - /usr/lib/aarch64-linux-gnu/ldscripts/aarch64linux32.xd
    - /usr/lib/aarch64-linux-gnu/ldscripts/aarch64linux32.xdc
    - /usr/lib/aarch64-linux-gnu/ldscripts/aarch64linux32.xdce
    - /usr/lib/aarch64-linux-gnu/ldscripts/aarch64linux32.xde
    - /usr/lib/aarch64-linux-gnu/ldscripts/aarch64linux32.xdw
    - /usr/lib/aarch64-linux-gnu/ldscripts/aarch64linux32.xdwe
    - /usr/lib/aarch64-linux-gnu/ldscripts/aarch64linux32.xe
    - /usr/lib/aarch64-linux-gnu/ldscripts/aarch64linux32.xn
    - /usr/lib/aarch64-linux-gnu/ldscripts/aarch64linux32.xr
    - /usr/lib/aarch64-linux-gnu/ldscripts/aarch64linux32.xs
    - /usr/lib/aarch64-linux-gnu/ldscripts/aarch64linux32.xsc
    - /usr/lib/aarch64-linux-gnu/ldscripts/aarch64linux32.xsce
    - /usr/lib/aarch64-linux-gnu/ldscripts/aarch64linux32.xse
    - /usr/lib/aarch64-linux-gnu/ldscripts/aarch64linux32.xsw
    - /usr/lib/aarch64-linux-gnu/ldscripts/aarch64linux32.xswe
    - /usr/lib/aarch64-linux-gnu/ldscripts/aarch64linux32.xu
    - /usr/lib/aarch64-linux-gnu/ldscripts/aarch64linux32.xw
    - /usr/lib/aarch64-linux-gnu/ldscripts/aarch64linux32.xwe
    - /usr/lib/aarch64-linux-gnu/ldscripts/aarch64linux32b.x
    - /usr/lib/aarch64-linux-gnu/ldscripts/aarch64linux32b.xbn
    - /usr/lib/aarch64-linux-gnu/ldscripts/aarch64linux32b.xc
    - /usr/lib/aarch64-linux-gnu/ldscripts/aarch64linux32b.xce
    - /usr/lib/aarch64-linux-gnu/ldscripts/aarch64linux32b.xd
    - /usr/lib/aarch64-linux-gnu/ldscripts/aarch64linux32b.xdc
    - /usr/lib/aarch64-linux-gnu/ldscripts/aarch64linux32b.xdce
    - /usr/lib/aarch64-linux-gnu/ldscripts/aarch64linux32b.xde
    - /usr/lib/aarch64-linux-gnu/ldscripts/aarch64linux32b.xdw
    - /usr/lib/aarch64-linux-gnu/ldscripts/aarch64linux32b.xdwe
    - /usr/lib/aarch64-linux-gnu/ldscripts/aarch64linux32b.xe
    - /usr/lib/aarch64-linux-gnu/ldscripts/aarch64linux32b.xn
    - /usr/lib/aarch64-linux-gnu/ldscripts/aarch64linux32b.xr
    - /usr/lib/aarch64-linux-gnu/ldscripts/aarch64linux32b.xs
    - /usr/lib/aarch64-linux-gnu/ldscripts/aarch64linux32b.xsc
    - /usr/lib/aarch64-linux-gnu/ldscripts/aarch64linux32b.xsce
    - /usr/lib/aarch64-linux-gnu/ldscripts/aarch64linux32b.xse
    - /usr/lib/aarch64-linux-gnu/ldscripts/aarch64linux32b.xsw
    - /usr/lib/aarch64-linux-gnu/ldscripts/aarch64linux32b.xswe
    - /usr/lib/aarch64-linux-gnu/ldscripts/aarch64linux32b.xu
    - /usr/lib/aarch64-linux-gnu/ldscripts/aarch64linux32b.xw
    - /usr/lib/aarch64-linux-gnu/ldscripts/aarch64linux32b.xwe
    - /usr/lib/aarch64-linux-gnu/ldscripts/aarch64linuxb.x
    - /usr/lib/aarch64-linux-gnu/ldscripts/aarch64linuxb.xbn
    - /usr/lib/aarch64-linux-gnu/ldscripts/aarch64linuxb.xc
    - /usr/lib/aarch64-linux-gnu/ldscripts/aarch64linuxb.xce
    - /usr/lib/aarch64-linux-gnu/ldscripts/aarch64linuxb.xd
    - /usr/lib/aarch64-linux-gnu/ldscripts/aarch64linuxb.xdc
    - /usr/lib/aarch64-linux-gnu/ldscripts/aarch64linuxb.xdce
    - /usr/lib/aarch64-linux-gnu/ldscripts/aarch64linuxb.xde
    - /usr/lib/aarch64-linux-gnu/ldscripts/aarch64linuxb.xdw
    - /usr/lib/aarch64-linux-gnu/ldscripts/aarch64linuxb.xdwe
    - /usr/lib/aarch64-linux-gnu/ldscripts/aarch64linuxb.xe
    - /usr/lib/aarch64-linux-gnu/ldscripts/aarch64linuxb.xn
    - /usr/lib/aarch64-linux-gnu/ldscripts/aarch64linuxb.xr
    - /usr/lib/aarch64-linux-gnu/ldscripts/aarch64linuxb.xs
    - /usr/lib/aarch64-linux-gnu/ldscripts/aarch64linuxb.xsc
    - /usr/lib/aarch64-linux-gnu/ldscripts/aarch64linuxb.xsce
    - /usr/lib/aarch64-linux-gnu/ldscripts/aarch64linuxb.xse
    - /usr/lib/aarch64-linux-gnu/ldscripts/aarch64linuxb.xsw
    - /usr/lib/aarch64-linux-gnu/ldscripts/aarch64linuxb.xswe
    - /usr/lib/aarch64-linux-gnu/ldscripts/aarch64linuxb.xu
    - /usr/lib/aarch64-linux-gnu/ldscripts/aarch64linuxb.xw
    - /usr/lib/aarch64-linux-gnu/ldscripts/aarch64linuxb.xwe
    - /usr/lib/aarch64-linux-gnu/ldscripts/armelf.x
    - /usr/lib/aarch64-linux-gnu/ldscripts/armelf.xbn
    - /usr/lib/aarch64-linux-gnu/ldscripts/armelf.xc
    - /usr/lib/aarch64-linux-gnu/ldscripts/armelf.xce
    - /usr/lib/aarch64-linux-gnu/ldscripts/armelf.xd
    - /usr/lib/aarch64-linux-gnu/ldscripts/armelf.xdc
    - /usr/lib/aarch64-linux-gnu/ldscripts/armelf.xdce
    - /usr/lib/aarch64-linux-gnu/ldscripts/armelf.xde
    - /usr/lib/aarch64-linux-gnu/ldscripts/armelf.xdw
    - /usr/lib/aarch64-linux-gnu/ldscripts/armelf.xdwe
    - /usr/lib/aarch64-linux-gnu/ldscripts/armelf.xe
    - /usr/lib/aarch64-linux-gnu/ldscripts/armelf.xn
    - /usr/lib/aarch64-linux-gnu/ldscripts/armelf.xr
    - /usr/lib/aarch64-linux-gnu/ldscripts/armelf.xs
    - /usr/lib/aarch64-linux-gnu/ldscripts/armelf.xsc
    - /usr/lib/aarch64-linux-gnu/ldscripts/armelf.xsce
    - /usr/lib/aarch64-linux-gnu/ldscripts/armelf.xse
    - /usr/lib/aarch64-linux-gnu/ldscripts/armelf.xsw
    - /usr/lib/aarch64-linux-gnu/ldscripts/armelf.xswe
    - /usr/lib/aarch64-linux-gnu/ldscripts/armelf.xu
    - /usr/lib/aarch64-linux-gnu/ldscripts/armelf.xw
    - /usr/lib/aarch64-linux-gnu/ldscripts/armelf.xwe
    - /usr/lib/aarch64-linux-gnu/ldscripts/armelf_linux_eabi.x
    - /usr/lib/aarch64-linux-gnu/ldscripts/armelf_linux_eabi.xbn
    - /usr/lib/aarch64-linux-gnu/ldscripts/armelf_linux_eabi.xc
    - /usr/lib/aarch64-linux-gnu/ldscripts/armelf_linux_eabi.xce
    - /usr/lib/aarch64-linux-gnu/ldscripts/armelf_linux_eabi.xd
    - /usr/lib/aarch64-linux-gnu/ldscripts/armelf_linux_eabi.xdc
    - /usr/lib/aarch64-linux-gnu/ldscripts/armelf_linux_eabi.xdce
    - /usr/lib/aarch64-linux-gnu/ldscripts/armelf_linux_eabi.xde
    - /usr/lib/aarch64-linux-gnu/ldscripts/armelf_linux_eabi.xdw
    - /usr/lib/aarch64-linux-gnu/ldscripts/armelf_linux_eabi.xdwe
    - /usr/lib/aarch64-linux-gnu/ldscripts/armelf_linux_eabi.xe
    - /usr/lib/aarch64-linux-gnu/ldscripts/armelf_linux_eabi.xn
    - /usr/lib/aarch64-linux-gnu/ldscripts/armelf_linux_eabi.xr
    - /usr/lib/aarch64-linux-gnu/ldscripts/armelf_linux_eabi.xs
    - /usr/lib/aarch64-linux-gnu/ldscripts/armelf_linux_eabi.xsc
    - /usr/lib/aarch64-linux-gnu/ldscripts/armelf_linux_eabi.xsce
    - /usr/lib/aarch64-linux-gnu/ldscripts/armelf_linux_eabi.xse
    - /usr/lib/aarch64-linux-gnu/ldscripts/armelf_linux_eabi.xsw
    - /usr/lib/aarch64-linux-gnu/ldscripts/armelf_linux_eabi.xswe
    - /usr/lib/aarch64-linux-gnu/ldscripts/armelf_linux_eabi.xu
    - /usr/lib/aarch64-linux-gnu/ldscripts/armelf_linux_eabi.xw
    - /usr/lib/aarch64-linux-gnu/ldscripts/armelf_linux_eabi.xwe
    - /usr/lib/aarch64-linux-gnu/ldscripts/armelfb.x
    - /usr/lib/aarch64-linux-gnu/ldscripts/armelfb.xbn
    - /usr/lib/aarch64-linux-gnu/ldscripts/armelfb.xc
    - /usr/lib/aarch64-linux-gnu/ldscripts/armelfb.xce
    - /usr/lib/aarch64-linux-gnu/ldscripts/armelfb.xd
    - /usr/lib/aarch64-linux-gnu/ldscripts/armelfb.xdc
    - /usr/lib/aarch64-linux-gnu/ldscripts/armelfb.xdce
    - /usr/lib/aarch64-linux-gnu/ldscripts/armelfb.xde
    - /usr/lib/aarch64-linux-gnu/ldscripts/armelfb.xdw
    - /usr/lib/aarch64-linux-gnu/ldscripts/armelfb.xdwe
    - /usr/lib/aarch64-linux-gnu/ldscripts/armelfb.xe
    - /usr/lib/aarch64-linux-gnu/ldscripts/armelfb.xn
    - /usr/lib/aarch64-linux-gnu/ldscripts/armelfb.xr
    - /usr/lib/aarch64-linux-gnu/ldscripts/armelfb.xs
    - /usr/lib/aarch64-linux-gnu/ldscripts/armelfb.xsc
    - /usr/lib/aarch64-linux-gnu/ldscripts/armelfb.xsce
    - /usr/lib/aarch64-linux-gnu/ldscripts/armelfb.xse
    - /usr/lib/aarch64-linux-gnu/ldscripts/armelfb.xsw
    - /usr/lib/aarch64-linux-gnu/ldscripts/armelfb.xswe
    - /usr/lib/aarch64-linux-gnu/ldscripts/armelfb.xu
    - /usr/lib/aarch64-linux-gnu/ldscripts/armelfb.xw
    - /usr/lib/aarch64-linux-gnu/ldscripts/armelfb.xwe
    - /usr/lib/aarch64-linux-gnu/ldscripts/armelfb_linux_eabi.x
    - /usr/lib/aarch64-linux-gnu/ldscripts/armelfb_linux_eabi.xbn
    - /usr/lib/aarch64-linux-gnu/ldscripts/armelfb_linux_eabi.xc
    - /usr/lib/aarch64-linux-gnu/ldscripts/armelfb_linux_eabi.xce
    - /usr/lib/aarch64-linux-gnu/ldscripts/armelfb_linux_eabi.xd
    - /usr/lib/aarch64-linux-gnu/ldscripts/armelfb_linux_eabi.xdc
    - /usr/lib/aarch64-linux-gnu/ldscripts/armelfb_linux_eabi.xdce
    - /usr/lib/aarch64-linux-gnu/ldscripts/armelfb_linux_eabi.xde
    - /usr/lib/aarch64-linux-gnu/ldscripts/armelfb_linux_eabi.xdw
    - /usr/lib/aarch64-linux-gnu/ldscripts/armelfb_linux_eabi.xdwe
    - /usr/lib/aarch64-linux-gnu/ldscripts/armelfb_linux_eabi.xe
    - /usr/lib/aarch64-linux-gnu/ldscripts/armelfb_linux_eabi.xn
    - /usr/lib/aarch64-linux-gnu/ldscripts/armelfb_linux_eabi.xr
    - /usr/lib/aarch64-linux-gnu/ldscripts/armelfb_linux_eabi.xs
    - /usr/lib/aarch64-linux-gnu/ldscripts/armelfb_linux_eabi.xsc
    - /usr/lib/aarch64-linux-gnu/ldscripts/armelfb_linux_eabi.xsce
    - /usr/lib/aarch64-linux-gnu/ldscripts/armelfb_linux_eabi.xse
    - /usr/lib/aarch64-linux-gnu/ldscripts/armelfb_linux_eabi.xsw
    - /usr/lib/aarch64-linux-gnu/ldscripts/armelfb_linux_eabi.xswe
    - /usr/lib/aarch64-linux-gnu/ldscripts/armelfb_linux_eabi.xu
    - /usr/lib/aarch64-linux-gnu/ldscripts/armelfb_linux_eabi.xw
    - /usr/lib/aarch64-linux-gnu/ldscripts/armelfb_linux_eabi.xwe
    - /usr/lib/aarch64-linux-gnu/libBrokenLocale.so.1
    - /usr/lib/aarch64-linux-gnu/libSvtAv1Enc.so.1.4.1
    - /usr/lib/aarch64-linux-gnu/libX11.so.6.4.0
    - /usr/lib/aarch64-linux-gnu/libXau.so.6.0.0
    - /usr/lib/aarch64-linux-gnu/libXdmcp.so.6.0.0
    - /usr/lib/aarch64-linux-gnu/libXpm.so.4.11.0
    - /usr/lib/aarch64-linux-gnu/libabsl_bad_any_cast_impl.so.20220623.0.0
    - /usr/lib/aarch64-linux-gnu/libabsl_bad_optional_access.so.20220623.0.0
    - /usr/lib/aarch64-linux-gnu/libabsl_bad_variant_access.so.20220623.0.0
    - /usr/lib/aarch64-linux-gnu/libabsl_base.so.20220623.0.0
    - /usr/lib/aarch64-linux-gnu/libabsl_city.so.20220623.0.0
    - /usr/lib/aarch64-linux-gnu/libabsl_civil_time.so.20220623.0.0
    - /usr/lib/aarch64-linux-gnu/libabsl_cord.so.20220623.0.0
    - /usr/lib/aarch64-linux-gnu/libabsl_cord_internal.so.20220623.0.0
    - /usr/lib/aarch64-linux-gnu/libabsl_cordz_functions.so.20220623.0.0
    - /usr/lib/aarch64-linux-gnu/libabsl_cordz_handle.so.20220623.0.0
    - /usr/lib/aarch64-linux-gnu/libabsl_cordz_info.so.20220623.0.0
    - /usr/lib/aarch64-linux-gnu/libabsl_cordz_sample_token.so.20220623.0.0
    - /usr/lib/aarch64-linux-gnu/libabsl_debugging_internal.so.20220623.0.0
    - /usr/lib/aarch64-linux-gnu/libabsl_demangle_internal.so.20220623.0.0
    - /usr/lib/aarch64-linux-gnu/libabsl_examine_stack.so.20220623.0.0
    - /usr/lib/aarch64-linux-gnu/libabsl_exponential_biased.so.20220623.0.0
    - /usr/lib/aarch64-linux-gnu/libabsl_failure_signal_handler.so.20220623.0.0
    - /usr/lib/aarch64-linux-gnu/libabsl_flags_commandlineflag.so.20220623.0.0
    - /usr/lib/aarch64-linux-gnu/libabsl_flags_commandlineflag_internal.so.20220623.0.0
    - /usr/lib/aarch64-linux-gnu/libabsl_flags_config.so.20220623.0.0
    - /usr/lib/aarch64-linux-gnu/libabsl_flags_internal.so.20220623.0.0
    - /usr/lib/aarch64-linux-gnu/libabsl_flags_marshalling.so.20220623.0.0
    - /usr/lib/aarch64-linux-gnu/libabsl_flags_parse.so.20220623.0.0
    - /usr/lib/aarch64-linux-gnu/libabsl_flags_private_handle_accessor.so.20220623.0.0
    - /usr/lib/aarch64-linux-gnu/libabsl_flags_program_name.so.20220623.0.0
    - /usr/lib/aarch64-linux-gnu/libabsl_flags_reflection.so.20220623.0.0
    - /usr/lib/aarch64-linux-gnu/libabsl_flags_usage.so.20220623.0.0
    - /usr/lib/aarch64-linux-gnu/libabsl_flags_usage_internal.so.20220623.0.0
    - /usr/lib/aarch64-linux-gnu/libabsl_graphcycles_internal.so.20220623.0.0
    - /usr/lib/aarch64-linux-gnu/libabsl_hash.so.20220623.0.0
    - /usr/lib/aarch64-linux-gnu/libabsl_hashtablez_sampler.so.20220623.0.0
    - /usr/lib/aarch64-linux-gnu/libabsl_int128.so.20220623.0.0
    - /usr/lib/aarch64-linux-gnu/libabsl_leak_check.so.20220623.0.0
    - /usr/lib/aarch64-linux-gnu/libabsl_log_severity.so.20220623.0.0
    - /usr/lib/aarch64-linux-gnu/libabsl_low_level_hash.so.20220623.0.0
    - /usr/lib/aarch64-linux-gnu/libabsl_malloc_internal.so.20220623.0.0
    - /usr/lib/aarch64-linux-gnu/libabsl_periodic_sampler.so.20220623.0.0
    - /usr/lib/aarch64-linux-gnu/libabsl_random_distributions.so.20220623.0.0
    - /usr/lib/aarch64-linux-gnu/libabsl_random_internal_distribution_test_util.so.20220623.0.0
    - /usr/lib/aarch64-linux-gnu/libabsl_random_internal_platform.so.20220623.0.0
    - /usr/lib/aarch64-linux-gnu/libabsl_random_internal_pool_urbg.so.20220623.0.0
    - /usr/lib/aarch64-linux-gnu/libabsl_random_internal_randen.so.20220623.0.0
    - /usr/lib/aarch64-linux-gnu/libabsl_random_internal_randen_hwaes.so.20220623.0.0
    - /usr/lib/aarch64-linux-gnu/libabsl_random_internal_randen_hwaes_impl.so.20220623.0.0
    - /usr/lib/aarch64-linux-gnu/libabsl_random_internal_randen_slow.so.20220623.0.0
    - /usr/lib/aarch64-linux-gnu/libabsl_random_internal_seed_material.so.20220623.0.0
    - /usr/lib/aarch64-linux-gnu/libabsl_random_seed_gen_exception.so.20220623.0.0
    - /usr/lib/aarch64-linux-gnu/libabsl_random_seed_sequences.so.20220623.0.0
    - /usr/lib/aarch64-linux-gnu/libabsl_raw_hash_set.so.20220623.0.0
    - /usr/lib/aarch64-linux-gnu/libabsl_raw_logging_internal.so.20220623.0.0
    - /usr/lib/aarch64-linux-gnu/libabsl_scoped_set_env.so.20220623.0.0
    - /usr/lib/aarch64-linux-gnu/libabsl_spinlock_wait.so.20220623.0.0
    - /usr/lib/aarch64-linux-gnu/libabsl_stacktrace.so.20220623.0.0
    - /usr/lib/aarch64-linux-gnu/libabsl_status.so.20220623.0.0
    - /usr/lib/aarch64-linux-gnu/libabsl_statusor.so.20220623.0.0
    - /usr/lib/aarch64-linux-gnu/libabsl_str_format_internal.so.20220623.0.0
    - /usr/lib/aarch64-linux-gnu/libabsl_strerror.so.20220623.0.0
    - /usr/lib/aarch64-linux-gnu/libabsl_strings.so.20220623.0.0
    - /usr/lib/aarch64-linux-gnu/libabsl_strings_internal.so.20220623.0.0
    - /usr/lib/aarch64-linux-gnu/libabsl_symbolize.so.20220623.0.0
    - /usr/lib/aarch64-linux-gnu/libabsl_synchronization.so.20220623.0.0
    - /usr/lib/aarch64-linux-gnu/libabsl_throw_delegate.so.20220623.0.0
    - /usr/lib/aarch64-linux-gnu/libabsl_time.so.20220623.0.0
    - /usr/lib/aarch64-linux-gnu/libabsl_time_zone.so.20220623.0.0
    - /usr/lib/aarch64-linux-gnu/libacl.so.1.1.2301
    - /usr/lib/aarch64-linux-gnu/libanl.so.1
    - /usr/lib/aarch64-linux-gnu/libaom.so.3.6.0
    - /usr/lib/aarch64-linux-gnu/libapt-pkg.so.6.0.0
    - /usr/lib/aarch64-linux-gnu/libapt-private.so.0.0.0
    - /usr/lib/aarch64-linux-gnu/libargon2.so.1
    - /usr/lib/aarch64-linux-gnu/libasan.so.8.0.0
    - /usr/lib/aarch64-linux-gnu/libatomic.so.1.2.0
    - /usr/lib/aarch64-linux-gnu/libattr.so.1.1.2501
    - /usr/lib/aarch64-linux-gnu/libaudit.so.1.0.0
    - /usr/lib/aarch64-linux-gnu/libavif.so.15.0.1
    - /usr/lib/aarch64-linux-gnu/libbfd-2.40-system.so
    - /usr/lib/aarch64-linux-gnu/libblkid.so.1.1.0
    - /usr/lib/aarch64-linux-gnu/libbrotlicommon.so.1.0.9
    - /usr/lib/aarch64-linux-gnu/libbrotlidec.so.1.0.9
    - /usr/lib/aarch64-linux-gnu/libbrotlienc.so.1.0.9
    - /usr/lib/aarch64-linux-gnu/libbsd.so.0.11.7
    - /usr/lib/aarch64-linux-gnu/libbz2.so.1.0.4
    - /usr/lib/aarch64-linux-gnu/libc.so.6
    - /usr/lib/aarch64-linux-gnu/libc_malloc_debug.so.0
    - /usr/lib/aarch64-linux-gnu/libcap-ng.so.0.0.0
    - /usr/lib/aarch64-linux-gnu/libcap.so.2.66
    - /usr/lib/aarch64-linux-gnu/libcc1.so.0.0.0
    - /usr/lib/aarch64-linux-gnu/libcom_err.so.2.1
    - /usr/lib/aarch64-linux-gnu/libcrypt.so.1.1.0
    - /usr/lib/aarch64-linux-gnu/libcrypto.so.3
    - /usr/lib/aarch64-linux-gnu/libctf-nobfd.so.0.0.0
    - /usr/lib/aarch64-linux-gnu/libctf.so.0.0.0
    - /usr/lib/aarch64-linux-gnu/libcurl.so.4.8.0
    - /usr/lib/aarch64-linux-gnu/libdav1d.so.6.6.0
    - /usr/lib/aarch64-linux-gnu/libdb-5.3.so
    - /usr/lib/aarch64-linux-gnu/libdebconfclient.so.0.0.0
    - /usr/lib/aarch64-linux-gnu/libdl.so.2
    - /usr/lib/aarch64-linux-gnu/libdrop_ambient.so.0.0.0
    - /usr/lib/aarch64-linux-gnu/libe2p.so.2.3
    - /usr/lib/aarch64-linux-gnu/libext2fs.so.2.4
    - /usr/lib/aarch64-linux-gnu/libffi.so.8.1.2
    - /usr/lib/aarch64-linux-gnu/libfreetype.so.6.18.3
    - /usr/lib/aarch64-linux-gnu/libgav1.so.1.0.0
    - /usr/lib/aarch64-linux-gnu/libgcc_s.so.1
    - /usr/lib/aarch64-linux-gnu/libgcrypt.so.20.4.1
    - /usr/lib/aarch64-linux-gnu/libgdbm.so.6.0.0
    - /usr/lib/aarch64-linux-gnu/libgdbm_compat.so.4.0.0
    - /usr/lib/aarch64-linux-gnu/libgmp.so.10.4.1
    - /usr/lib/aarch64-linux-gnu/libgnutls.so.30.34.3
    - /usr/lib/aarch64-linux-gnu/libgomp.so.1.0.0
    - /usr/lib/aarch64-linux-gnu/libgpg-error.so.0.33.1
    - /usr/lib/aarch64-linux-gnu/libgprofng.so.0.0.0
    - /usr/lib/aarch64-linux-gnu/libgssapi_krb5.so.2.2
    - /usr/lib/aarch64-linux-gnu/libhistory.so.8.2
    - /usr/lib/aarch64-linux-gnu/libhogweed.so.6.6
    - /usr/lib/aarch64-linux-gnu/libhwasan.so.0.0.0
    - /usr/lib/aarch64-linux-gnu/libicudata.so.72.1
    - /usr/lib/aarch64-linux-gnu/libicui18n.so.72.1
    - /usr/lib/aarch64-linux-gnu/libicuio.so.72.1
    - /usr/lib/aarch64-linux-gnu/libicutest.so.72.1
    - /usr/lib/aarch64-linux-gnu/libicutu.so.72.1
    - /usr/lib/aarch64-linux-gnu/libicuuc.so.72.1
    - /usr/lib/aarch64-linux-gnu/libidn2.so.0.3.8
    - /usr/lib/aarch64-linux-gnu/libisl.so.23.2.0
    - /usr/lib/aarch64-linux-gnu/libitm.so.1.0.0
    - /usr/lib/aarch64-linux-gnu/libjansson.so.4.14.0
    - /usr/lib/aarch64-linux-gnu/libjpeg.so.62.3.0
    - /usr/lib/aarch64-linux-gnu/libk5crypto.so.3.1
    - /usr/lib/aarch64-linux-gnu/libkeyutils.so.1.10
    - /usr/lib/aarch64-linux-gnu/libkrb5.so.3.3
    - /usr/lib/aarch64-linux-gnu/libkrb5support.so.0.1
    - /usr/lib/aarch64-linux-gnu/liblber-2.5.so.0.1.8
    - /usr/lib/aarch64-linux-gnu/libldap-2.5.so.0.1.8
    - /usr/lib/aarch64-linux-gnu/liblsan.so.0.0.0
    - /usr/lib/aarch64-linux-gnu/liblz4.so.1.9.4
    - /usr/lib/aarch64-linux-gnu/liblzma.so.5.4.1
    - /usr/lib/aarch64-linux-gnu/libm.so.6
    - /usr/lib/aarch64-linux-gnu/libmagic.so.1.0.0
    - /usr/lib/aarch64-linux-gnu/libmd.so.0.0.5
    - /usr/lib/aarch64-linux-gnu/libmemusage.so
    - /usr/lib/aarch64-linux-gnu/libmount.so.1.1.0
    - /usr/lib/aarch64-linux-gnu/libmpc.so.3.3.1
    - /usr/lib/aarch64-linux-gnu/libmpfr.so.6.2.0
    - /usr/lib/aarch64-linux-gnu/libnettle.so.8.6
    - /usr/lib/aarch64-linux-gnu/libnghttp2.so.14.24.1
    - /usr/lib/aarch64-linux-gnu/libnsl.so.1
    - /usr/lib/aarch64-linux-gnu/libnsl.so.2.0.1
    - /usr/lib/aarch64-linux-gnu/libnss_compat.so.2
    - /usr/lib/aarch64-linux-gnu/libnss_dns.so.2
    - /usr/lib/aarch64-linux-gnu/libnss_files.so.2
    - /usr/lib/aarch64-linux-gnu/libnss_hesiod.so.2
    - /usr/lib/aarch64-linux-gnu/libonig.so.5.3.0
    - /usr/lib/aarch64-linux-gnu/libopcodes-2.40-system.so
    - /usr/lib/aarch64-linux-gnu/libp11-kit.so.0.3.0
    - /usr/lib/aarch64-linux-gnu/libpam.so.0.85.1
    - /usr/lib/aarch64-linux-gnu/libpam_misc.so.0.82.1
    - /usr/lib/aarch64-linux-gnu/libpamc.so.0.82.1
    - /usr/lib/aarch64-linux-gnu/libpcprofile.so
    - /usr/lib/aarch64-linux-gnu/libpcre2-8.so.0.11.2
    - /usr/lib/aarch64-linux-gnu/libperl.so.5.36.0
    - /usr/lib/aarch64-linux-gnu/libpkgconf.so.3.0.0
    - /usr/lib/aarch64-linux-gnu/libpng16.so.16.39.0
    - /usr/lib/aarch64-linux-gnu/libpq.so.5.15
    - /usr/lib/aarch64-linux-gnu/libpsl.so.5.3.4
    - /usr/lib/aarch64-linux-gnu/libpsx.so.2.66
    - /usr/lib/aarch64-linux-gnu/libpthread.so.0
    - /usr/lib/aarch64-linux-gnu/librav1e.so.0.5.1
    - /usr/lib/aarch64-linux-gnu/libreadline.so.8.2
    - /usr/lib/aarch64-linux-gnu/libresolv.so.2
    - /usr/lib/aarch64-linux-gnu/librt.so.1
    - /usr/lib/aarch64-linux-gnu/librtmp.so.1
    - /usr/lib/aarch64-linux-gnu/libsasl2.so.2.0.25
    - /usr/lib/aarch64-linux-gnu/libseccomp.so.2.5.4
    - /usr/lib/aarch64-linux-gnu/libselinux.so.1
    - /usr/lib/aarch64-linux-gnu/libsemanage.so.2
    - /usr/lib/aarch64-linux-gnu/libsepol.so.2
    - /usr/lib/aarch64-linux-gnu/libsframe.so.0.0.0
    - /usr/lib/aarch64-linux-gnu/libsmartcols.so.1.1.0
    - /usr/lib/aarch64-linux-gnu/libsodium.so.23.3.0
    - /usr/lib/aarch64-linux-gnu/libsqlite3.so.0.8.6
    - /usr/lib/aarch64-linux-gnu/libss.so.2.0
    - /usr/lib/aarch64-linux-gnu/libssh2.so.1.0.1
    - /usr/lib/aarch64-linux-gnu/libssl.so.3
    - /usr/lib/aarch64-linux-gnu/libstdc++.so.6.0.30
    - /usr/lib/aarch64-linux-gnu/libsystemd.so.0.35.0
    - /usr/lib/aarch64-linux-gnu/libtasn1.so.6.6.3
    - /usr/lib/aarch64-linux-gnu/libthread_db.so.1
    - /usr/lib/aarch64-linux-gnu/libtic.so.6.4
    - /usr/lib/aarch64-linux-gnu/libtinfo.so.6.4
    - /usr/lib/aarch64-linux-gnu/libtirpc.so.3.0.0
    - /usr/lib/aarch64-linux-gnu/libtsan.so.2.0.0
    - /usr/lib/aarch64-linux-gnu/libubsan.so.1.0.0
    - /usr/lib/aarch64-linux-gnu/libudev.so.1.7.5
    - /usr/lib/aarch64-linux-gnu/libunistring.so.2.2.0
    - /usr/lib/aarch64-linux-gnu/libutil.so.1
    - /usr/lib/aarch64-linux-gnu/libuuid.so.1.3.0
    - /usr/lib/aarch64-linux-gnu/libwebp.so.7.1.5
    - /usr/lib/aarch64-linux-gnu/libxcb.so.1.1.0
    - /usr/lib/aarch64-linux-gnu/libxml2.so.2.9.14
    - /usr/lib/aarch64-linux-gnu/libxxhash.so.0.8.1
    - /usr/lib/aarch64-linux-gnu/libyuv.so.0.0.1857
    - /usr/lib/aarch64-linux-gnu/libz.so.1.2.13
    - /usr/lib/aarch64-linux-gnu/libzip.so.4.0
    - /usr/lib/aarch64-linux-gnu/libzstd.so.1.5.4
    - /usr/lib/aarch64-linux-gnu/ossl-modules/legacy.so
    - /usr/lib/aarch64-linux-gnu/perl-base/AutoLoader.pm
    - /usr/lib/aarch64-linux-gnu/perl-base/Carp.pm
    - /usr/lib/aarch64-linux-gnu/perl-base/Carp/Heavy.pm
    - /usr/lib/aarch64-linux-gnu/perl-base/Config.pm
    - /usr/lib/aarch64-linux-gnu/perl-base/Config_git.pl
    - /usr/lib/aarch64-linux-gnu/perl-base/Config_heavy.pl
    - /usr/lib/aarch64-linux-gnu/perl-base/Cwd.pm
    - /usr/lib/aarch64-linux-gnu/perl-base/DynaLoader.pm
    - /usr/lib/aarch64-linux-gnu/perl-base/Errno.pm
    - /usr/lib/aarch64-linux-gnu/perl-base/Exporter.pm
    - /usr/lib/aarch64-linux-gnu/perl-base/Exporter/Heavy.pm
    - /usr/lib/aarch64-linux-gnu/perl-base/Fcntl.pm
    - /usr/lib/aarch64-linux-gnu/perl-base/File/Basename.pm
    - /usr/lib/aarch64-linux-gnu/perl-base/File/Glob.pm
    - /usr/lib/aarch64-linux-gnu/perl-base/File/Path.pm
    - /usr/lib/aarch64-linux-gnu/perl-base/File/Spec.pm
    - /usr/lib/aarch64-linux-gnu/perl-base/File/Spec/Unix.pm
    - /usr/lib/aarch64-linux-gnu/perl-base/File/Temp.pm
    - /usr/lib/aarch64-linux-gnu/perl-base/FileHandle.pm
    - /usr/lib/aarch64-linux-gnu/perl-base/Getopt/Long.pm
    - /usr/lib/aarch64-linux-gnu/perl-base/Hash/Util.pm
    - /usr/lib/aarch64-linux-gnu/perl-base/IO.pm
    - /usr/lib/aarch64-linux-gnu/perl-base/IO/File.pm
    - /usr/lib/aarch64-linux-gnu/perl-base/IO/Handle.pm
    - /usr/lib/aarch64-linux-gnu/perl-base/IO/Pipe.pm
    - /usr/lib/aarch64-linux-gnu/perl-base/IO/Seekable.pm
    - /usr/lib/aarch64-linux-gnu/perl-base/IO/Select.pm
    - /usr/lib/aarch64-linux-gnu/perl-base/IO/Socket.pm
    - /usr/lib/aarch64-linux-gnu/perl-base/IO/Socket/INET.pm
    - /usr/lib/aarch64-linux-gnu/perl-base/IO/Socket/IP.pm
    - /usr/lib/aarch64-linux-gnu/perl-base/IO/Socket/UNIX.pm
    - /usr/lib/aarch64-linux-gnu/perl-base/IPC/Open2.pm
    - /usr/lib/aarch64-linux-gnu/perl-base/IPC/Open3.pm
    - /usr/lib/aarch64-linux-gnu/perl-base/List/Util.pm
    - /usr/lib/aarch64-linux-gnu/perl-base/POSIX.pm
    - /usr/lib/aarch64-linux-gnu/perl-base/Scalar/Util.pm
    - /usr/lib/aarch64-linux-gnu/perl-base/SelectSaver.pm
    - /usr/lib/aarch64-linux-gnu/perl-base/Socket.pm
    - /usr/lib/aarch64-linux-gnu/perl-base/Symbol.pm
    - /usr/lib/aarch64-linux-gnu/perl-base/Text/ParseWords.pm
    - /usr/lib/aarch64-linux-gnu/perl-base/Text/Tabs.pm
    - /usr/lib/aarch64-linux-gnu/perl-base/Text/Wrap.pm
    - /usr/lib/aarch64-linux-gnu/perl-base/Tie/Hash.pm
    - /usr/lib/aarch64-linux-gnu/perl-base/XSLoader.pm
    - /usr/lib/aarch64-linux-gnu/perl-base/attributes.pm
    - /usr/lib/aarch64-linux-gnu/perl-base/auto/Cwd/Cwd.so
    - /usr/lib/aarch64-linux-gnu/perl-base/auto/Fcntl/Fcntl.so
    - /usr/lib/aarch64-linux-gnu/perl-base/auto/File/Glob/Glob.so
    - /usr/lib/aarch64-linux-gnu/perl-base/auto/Hash/Util/Util.so
    - /usr/lib/aarch64-linux-gnu/perl-base/auto/IO/IO.so
    - /usr/lib/aarch64-linux-gnu/perl-base/auto/List/Util/Util.so
    - /usr/lib/aarch64-linux-gnu/perl-base/auto/POSIX/POSIX.so
    - /usr/lib/aarch64-linux-gnu/perl-base/auto/Socket/Socket.so
    - /usr/lib/aarch64-linux-gnu/perl-base/auto/attributes/attributes.so
    - /usr/lib/aarch64-linux-gnu/perl-base/auto/re/re.so
    - /usr/lib/aarch64-linux-gnu/perl-base/base.pm
    - /usr/lib/aarch64-linux-gnu/perl-base/builtin.pm
    - /usr/lib/aarch64-linux-gnu/perl-base/bytes.pm
    - /usr/lib/aarch64-linux-gnu/perl-base/bytes_heavy.pl
    - /usr/lib/aarch64-linux-gnu/perl-base/constant.pm
    - /usr/lib/aarch64-linux-gnu/perl-base/feature.pm
    - /usr/lib/aarch64-linux-gnu/perl-base/fields.pm
    - /usr/lib/aarch64-linux-gnu/perl-base/integer.pm
    - /usr/lib/aarch64-linux-gnu/perl-base/lib.pm
    - /usr/lib/aarch64-linux-gnu/perl-base/locale.pm
    - /usr/lib/aarch64-linux-gnu/perl-base/overload.pm
    - /usr/lib/aarch64-linux-gnu/perl-base/overloading.pm
    - /usr/lib/aarch64-linux-gnu/perl-base/parent.pm
    - /usr/lib/aarch64-linux-gnu/perl-base/re.pm
    - /usr/lib/aarch64-linux-gnu/perl-base/strict.pm
    - /usr/lib/aarch64-linux-gnu/perl-base/unicore/To/Age.pl
    - /usr/lib/aarch64-linux-gnu/perl-base/unicore/To/Bc.pl
    - /usr/lib/aarch64-linux-gnu/perl-base/unicore/To/Bmg.pl
    - /usr/lib/aarch64-linux-gnu/perl-base/unicore/To/Bpb.pl
    - /usr/lib/aarch64-linux-gnu/perl-base/unicore/To/Bpt.pl
    - /usr/lib/aarch64-linux-gnu/perl-base/unicore/To/Cf.pl
    - /usr/lib/aarch64-linux-gnu/perl-base/unicore/To/Ea.pl
    - /usr/lib/aarch64-linux-gnu/perl-base/unicore/To/EqUIdeo.pl
    - /usr/lib/aarch64-linux-gnu/perl-base/unicore/To/GCB.pl
    - /usr/lib/aarch64-linux-gnu/perl-base/unicore/To/Gc.pl
    - /usr/lib/aarch64-linux-gnu/perl-base/unicore/To/Hst.pl
    - /usr/lib/aarch64-linux-gnu/perl-base/unicore/To/Identif2.pl
    - /usr/lib/aarch64-linux-gnu/perl-base/unicore/To/Identifi.pl
    - /usr/lib/aarch64-linux-gnu/perl-base/unicore/To/InPC.pl
    - /usr/lib/aarch64-linux-gnu/perl-base/unicore/To/InSC.pl
    - /usr/lib/aarch64-linux-gnu/perl-base/unicore/To/Isc.pl
    - /usr/lib/aarch64-linux-gnu/perl-base/unicore/To/Jg.pl
    - /usr/lib/aarch64-linux-gnu/perl-base/unicore/To/Jt.pl
    - /usr/lib/aarch64-linux-gnu/perl-base/unicore/To/Lb.pl
    - /usr/lib/aarch64-linux-gnu/perl-base/unicore/To/Lc.pl
    - /usr/lib/aarch64-linux-gnu/perl-base/unicore/To/NFCQC.pl
    - /usr/lib/aarch64-linux-gnu/perl-base/unicore/To/NFDQC.pl
    - /usr/lib/aarch64-linux-gnu/perl-base/unicore/To/NFKCCF.pl
    - /usr/lib/aarch64-linux-gnu/perl-base/unicore/To/NFKCQC.pl
    - /usr/lib/aarch64-linux-gnu/perl-base/unicore/To/NFKDQC.pl
    - /usr/lib/aarch64-linux-gnu/perl-base/unicore/To/Na1.pl
    - /usr/lib/aarch64-linux-gnu/perl-base/unicore/To/NameAlia.pl
    - /usr/lib/aarch64-linux-gnu/perl-base/unicore/To/Nt.pl
    - /usr/lib/aarch64-linux-gnu/perl-base/unicore/To/Nv.pl
    - /usr/lib/aarch64-linux-gnu/perl-base/unicore/To/PerlDeci.pl
    - /usr/lib/aarch64-linux-gnu/perl-base/unicore/To/SB.pl
    - /usr/lib/aarch64-linux-gnu/perl-base/unicore/To/Sc.pl
    - /usr/lib/aarch64-linux-gnu/perl-base/unicore/To/Scx.pl
    - /usr/lib/aarch64-linux-gnu/perl-base/unicore/To/Tc.pl
    - /usr/lib/aarch64-linux-gnu/perl-base/unicore/To/Uc.pl
    - /usr/lib/aarch64-linux-gnu/perl-base/unicore/To/Vo.pl
    - /usr/lib/aarch64-linux-gnu/perl-base/unicore/To/WB.pl
    - /usr/lib/aarch64-linux-gnu/perl-base/unicore/To/_PerlLB.pl
    - /usr/lib/aarch64-linux-gnu/perl-base/unicore/To/_PerlSCX.pl
    - /usr/lib/aarch64-linux-gnu/perl-base/unicore/lib/Age/NA.pl
    - /usr/lib/aarch64-linux-gnu/perl-base/unicore/lib/Age/V100.pl
    - /usr/lib/aarch64-linux-gnu/perl-base/unicore/lib/Age/V11.pl
    - /usr/lib/aarch64-linux-gnu/perl-base/unicore/lib/Age/V110.pl
    - /usr/lib/aarch64-linux-gnu/perl-base/unicore/lib/Age/V120.pl
    - /usr/lib/aarch64-linux-gnu/perl-base/unicore/lib/Age/V130.pl
    - /usr/lib/aarch64-linux-gnu/perl-base/unicore/lib/Age/V140.pl
    - /usr/lib/aarch64-linux-gnu/perl-base/unicore/lib/Age/V20.pl
    - /usr/lib/aarch64-linux-gnu/perl-base/unicore/lib/Age/V30.pl
    - /usr/lib/aarch64-linux-gnu/perl-base/unicore/lib/Age/V31.pl
    - /usr/lib/aarch64-linux-gnu/perl-base/unicore/lib/Age/V32.pl
    - /usr/lib/aarch64-linux-gnu/perl-base/unicore/lib/Age/V40.pl
    - /usr/lib/aarch64-linux-gnu/perl-base/unicore/lib/Age/V41.pl
    - /usr/lib/aarch64-linux-gnu/perl-base/unicore/lib/Age/V50.pl
    - /usr/lib/aarch64-linux-gnu/perl-base/unicore/lib/Age/V51.pl
    - /usr/lib/aarch64-linux-gnu/perl-base/unicore/lib/Age/V52.pl
    - /usr/lib/aarch64-linux-gnu/perl-base/unicore/lib/Age/V60.pl
    - /usr/lib/aarch64-linux-gnu/perl-base/unicore/lib/Age/V61.pl
    - /usr/lib/aarch64-linux-gnu/perl-base/unicore/lib/Age/V70.pl
    - /usr/lib/aarch64-linux-gnu/perl-base/unicore/lib/Age/V80.pl
    - /usr/lib/aarch64-linux-gnu/perl-base/unicore/lib/Age/V90.pl
    - /usr/lib/aarch64-linux-gnu/perl-base/unicore/lib/Alpha/Y.pl
    - /usr/lib/aarch64-linux-gnu/perl-base/unicore/lib/Bc/AL.pl
    - /usr/lib/aarch64-linux-gnu/perl-base/unicore/lib/Bc/AN.pl
    - /usr/lib/aarch64-linux-gnu/perl-base/unicore/lib/Bc/B.pl
    - /usr/lib/aarch64-linux-gnu/perl-base/unicore/lib/Bc/BN.pl
    - /usr/lib/aarch64-linux-gnu/perl-base/unicore/lib/Bc/CS.pl
    - /usr/lib/aarch64-linux-gnu/perl-base/unicore/lib/Bc/EN.pl
    - /usr/lib/aarch64-linux-gnu/perl-base/unicore/lib/Bc/ES.pl
    - /usr/lib/aarch64-linux-gnu/perl-base/unicore/lib/Bc/ET.pl
    - /usr/lib/aarch64-linux-gnu/perl-base/unicore/lib/Bc/L.pl
    - /usr/lib/aarch64-linux-gnu/perl-base/unicore/lib/Bc/NSM.pl
    - /usr/lib/aarch64-linux-gnu/perl-base/unicore/lib/Bc/ON.pl
    - /usr/lib/aarch64-linux-gnu/perl-base/unicore/lib/Bc/R.pl
    - /usr/lib/aarch64-linux-gnu/perl-base/unicore/lib/Bc/WS.pl
    - /usr/lib/aarch64-linux-gnu/perl-base/unicore/lib/BidiC/Y.pl
    - /usr/lib/aarch64-linux-gnu/perl-base/unicore/lib/BidiM/Y.pl
    - /usr/lib/aarch64-linux-gnu/perl-base/unicore/lib/Blk/NB.pl
    - /usr/lib/aarch64-linux-gnu/perl-base/unicore/lib/Bpt/C.pl
    - /usr/lib/aarch64-linux-gnu/perl-base/unicore/lib/Bpt/N.pl
    - /usr/lib/aarch64-linux-gnu/perl-base/unicore/lib/Bpt/O.pl
    - /usr/lib/aarch64-linux-gnu/perl-base/unicore/lib/CE/Y.pl
    - /usr/lib/aarch64-linux-gnu/perl-base/unicore/lib/CI/Y.pl
    - /usr/lib/aarch64-linux-gnu/perl-base/unicore/lib/CWCF/Y.pl
    - /usr/lib/aarch64-linux-gnu/perl-base/unicore/lib/CWCM/Y.pl
    - /usr/lib/aarch64-linux-gnu/perl-base/unicore/lib/CWKCF/Y.pl
    - /usr/lib/aarch64-linux-gnu/perl-base/unicore/lib/CWL/Y.pl
    - /usr/lib/aarch64-linux-gnu/perl-base/unicore/lib/CWT/Y.pl
    - /usr/lib/aarch64-linux-gnu/perl-base/unicore/lib/CWU/Y.pl
    - /usr/lib/aarch64-linux-gnu/perl-base/unicore/lib/Cased/Y.pl
    - /usr/lib/aarch64-linux-gnu/perl-base/unicore/lib/Ccc/A.pl
    - /usr/lib/aarch64-linux-gnu/perl-base/unicore/lib/Ccc/AL.pl
    - /usr/lib/aarch64-linux-gnu/perl-base/unicore/lib/Ccc/AR.pl
    - /usr/lib/aarch64-linux-gnu/perl-base/unicore/lib/Ccc/ATAR.pl
    - /usr/lib/aarch64-linux-gnu/perl-base/unicore/lib/Ccc/B.pl
    - /usr/lib/aarch64-linux-gnu/perl-base/unicore/lib/Ccc/BR.pl
    - /usr/lib/aarch64-linux-gnu/perl-base/unicore/lib/Ccc/DB.pl
    - /usr/lib/aarch64-linux-gnu/perl-base/unicore/lib/Ccc/NK.pl
    - /usr/lib/aarch64-linux-gnu/perl-base/unicore/lib/Ccc/NR.pl
    - /usr/lib/aarch64-linux-gnu/perl-base/unicore/lib/Ccc/OV.pl
    - /usr/lib/aarch64-linux-gnu/perl-base/unicore/lib/Ccc/VR.pl
    - /usr/lib/aarch64-linux-gnu/perl-base/unicore/lib/CompEx/Y.pl
    - /usr/lib/aarch64-linux-gnu/perl-base/unicore/lib/DI/Y.pl
    - /usr/lib/aarch64-linux-gnu/perl-base/unicore/lib/Dash/Y.pl
    - /usr/lib/aarch64-linux-gnu/perl-base/unicore/lib/Dep/Y.pl
    - /usr/lib/aarch64-linux-gnu/perl-base/unicore/lib/Dia/Y.pl
    - /usr/lib/aarch64-linux-gnu/perl-base/unicore/lib/Dt/Com.pl
    - /usr/lib/aarch64-linux-gnu/perl-base/unicore/lib/Dt/Enc.pl
    - /usr/lib/aarch64-linux-gnu/perl-base/unicore/lib/Dt/Fin.pl
    - /usr/lib/aarch64-linux-gnu/perl-base/unicore/lib/Dt/Font.pl
    - /usr/lib/aarch64-linux-gnu/perl-base/unicore/lib/Dt/Init.pl
    - /usr/lib/aarch64-linux-gnu/perl-base/unicore/lib/Dt/Iso.pl
    - /usr/lib/aarch64-linux-gnu/perl-base/unicore/lib/Dt/Med.pl
    - /usr/lib/aarch64-linux-gnu/perl-base/unicore/lib/Dt/Nar.pl
    - /usr/lib/aarch64-linux-gnu/perl-base/unicore/lib/Dt/Nb.pl
    - /usr/lib/aarch64-linux-gnu/perl-base/unicore/lib/Dt/NonCanon.pl
    - /usr/lib/aarch64-linux-gnu/perl-base/unicore/lib/Dt/Sqr.pl
    - /usr/lib/aarch64-linux-gnu/perl-base/unicore/lib/Dt/Sub.pl
    - /usr/lib/aarch64-linux-gnu/perl-base/unicore/lib/Dt/Sup.pl
    - /usr/lib/aarch64-linux-gnu/perl-base/unicore/lib/Dt/Vert.pl
    - /usr/lib/aarch64-linux-gnu/perl-base/unicore/lib/EBase/Y.pl
    - /usr/lib/aarch64-linux-gnu/perl-base/unicore/lib/EComp/Y.pl
    - /usr/lib/aarch64-linux-gnu/perl-base/unicore/lib/EPres/Y.pl
    - /usr/lib/aarch64-linux-gnu/perl-base/unicore/lib/Ea/A.pl
    - /usr/lib/aarch64-linux-gnu/perl-base/unicore/lib/Ea/H.pl
    - /usr/lib/aarch64-linux-gnu/perl-base/unicore/lib/Ea/N.pl
    - /usr/lib/aarch64-linux-gnu/perl-base/unicore/lib/Ea/Na.pl
    - /usr/lib/aarch64-linux-gnu/perl-base/unicore/lib/Ea/W.pl
    - /usr/lib/aarch64-linux-gnu/perl-base/unicore/lib/Emoji/Y.pl
    - /usr/lib/aarch64-linux-gnu/perl-base/unicore/lib/Ext/Y.pl
    - /usr/lib/aarch64-linux-gnu/perl-base/unicore/lib/ExtPict/Y.pl
    - /usr/lib/aarch64-linux-gnu/perl-base/unicore/lib/GCB/CN.pl
    - /usr/lib/aarch64-linux-gnu/perl-base/unicore/lib/GCB/EX.pl
    - /usr/lib/aarch64-linux-gnu/perl-base/unicore/lib/GCB/LV.pl
    - /usr/lib/aarch64-linux-gnu/perl-base/unicore/lib/GCB/LVT.pl
    - /usr/lib/aarch64-linux-gnu/perl-base/unicore/lib/GCB/PP.pl
    - /usr/lib/aarch64-linux-gnu/perl-base/unicore/lib/GCB/SM.pl
    - /usr/lib/aarch64-linux-gnu/perl-base/unicore/lib/GCB/XX.pl
    - /usr/lib/aarch64-linux-gnu/perl-base/unicore/lib/Gc/C.pl
    - /usr/lib/aarch64-linux-gnu/perl-base/unicore/lib/Gc/Cf.pl
    - /usr/lib/aarch64-linux-gnu/perl-base/unicore/lib/Gc/Cn.pl
    - /usr/lib/aarch64-linux-gnu/perl-base/unicore/lib/Gc/L.pl
    - /usr/lib/aarch64-linux-gnu/perl-base/unicore/lib/Gc/LC.pl
    - /usr/lib/aarch64-linux-gnu/perl-base/unicore/lib/Gc/Ll.pl
    - /usr/lib/aarch64-linux-gnu/perl-base/unicore/lib/Gc/Lm.pl
    - /usr/lib/aarch64-linux-gnu/perl-base/unicore/lib/Gc/Lo.pl
    - /usr/lib/aarch64-linux-gnu/perl-base/unicore/lib/Gc/Lu.pl
    - /usr/lib/aarch64-linux-gnu/perl-base/unicore/lib/Gc/M.pl
    - /usr/lib/aarch64-linux-gnu/perl-base/unicore/lib/Gc/Mc.pl
    - /usr/lib/aarch64-linux-gnu/perl-base/unicore/lib/Gc/Me.pl
    - /usr/lib/aarch64-linux-gnu/perl-base/unicore/lib/Gc/Mn.pl
    - /usr/lib/aarch64-linux-gnu/perl-base/unicore/lib/Gc/N.pl
    - /usr/lib/aarch64-linux-gnu/perl-base/unicore/lib/Gc/Nd.pl
    - /usr/lib/aarch64-linux-gnu/perl-base/unicore/lib/Gc/Nl.pl
    - /usr/lib/aarch64-linux-gnu/perl-base/unicore/lib/Gc/No.pl
    - /usr/lib/aarch64-linux-gnu/perl-base/unicore/lib/Gc/P.pl
    - /usr/lib/aarch64-linux-gnu/perl-base/unicore/lib/Gc/Pc.pl
    - /usr/lib/aarch64-linux-gnu/perl-base/unicore/lib/Gc/Pd.pl
    - /usr/lib/aarch64-linux-gnu/perl-base/unicore/lib/Gc/Pe.pl
    - /usr/lib/aarch64-linux-gnu/perl-base/unicore/lib/Gc/Pf.pl
    - /usr/lib/aarch64-linux-gnu/perl-base/unicore/lib/Gc/Pi.pl
    - /usr/lib/aarch64-linux-gnu/perl-base/unicore/lib/Gc/Po.pl
    - /usr/lib/aarch64-linux-gnu/perl-base/unicore/lib/Gc/Ps.pl
    - /usr/lib/aarch64-linux-gnu/perl-base/unicore/lib/Gc/S.pl
    - /usr/lib/aarch64-linux-gnu/perl-base/unicore/lib/Gc/Sc.pl
    - /usr/lib/aarch64-linux-gnu/perl-base/unicore/lib/Gc/Sk.pl
    - /usr/lib/aarch64-linux-gnu/perl-base/unicore/lib/Gc/Sm.pl
    - /usr/lib/aarch64-linux-gnu/perl-base/unicore/lib/Gc/So.pl
    - /usr/lib/aarch64-linux-gnu/perl-base/unicore/lib/Gc/Z.pl
    - /usr/lib/aarch64-linux-gnu/perl-base/unicore/lib/Gc/Zs.pl
    - /usr/lib/aarch64-linux-gnu/perl-base/unicore/lib/GrBase/Y.pl
    - /usr/lib/aarch64-linux-gnu/perl-base/unicore/lib/GrExt/Y.pl
    - /usr/lib/aarch64-linux-gnu/perl-base/unicore/lib/Hex/Y.pl
    - /usr/lib/aarch64-linux-gnu/perl-base/unicore/lib/Hst/NA.pl
    - /usr/lib/aarch64-linux-gnu/perl-base/unicore/lib/Hyphen/T.pl
    - /usr/lib/aarch64-linux-gnu/perl-base/unicore/lib/IDC/Y.pl
    - /usr/lib/aarch64-linux-gnu/perl-base/unicore/lib/IDS/Y.pl
    - /usr/lib/aarch64-linux-gnu/perl-base/unicore/lib/IdStatus/Allowed.pl
    - /usr/lib/aarch64-linux-gnu/perl-base/unicore/lib/IdStatus/Restrict.pl
    - /usr/lib/aarch64-linux-gnu/perl-base/unicore/lib/IdType/DefaultI.pl
    - /usr/lib/aarch64-linux-gnu/perl-base/unicore/lib/IdType/Exclusio.pl
    - /usr/lib/aarch64-linux-gnu/perl-base/unicore/lib/IdType/Inclusio.pl
    - /usr/lib/aarch64-linux-gnu/perl-base/unicore/lib/IdType/LimitedU.pl
    - /usr/lib/aarch64-linux-gnu/perl-base/unicore/lib/IdType/NotChara.pl
    - /usr/lib/aarch64-linux-gnu/perl-base/unicore/lib/IdType/NotNFKC.pl
    - /usr/lib/aarch64-linux-gnu/perl-base/unicore/lib/IdType/NotXID.pl
    - /usr/lib/aarch64-linux-gnu/perl-base/unicore/lib/IdType/Obsolete.pl
    - /usr/lib/aarch64-linux-gnu/perl-base/unicore/lib/IdType/Recommen.pl
    - /usr/lib/aarch64-linux-gnu/perl-base/unicore/lib/IdType/Technica.pl
    - /usr/lib/aarch64-linux-gnu/perl-base/unicore/lib/IdType/Uncommon.pl
    - /usr/lib/aarch64-linux-gnu/perl-base/unicore/lib/Ideo/Y.pl
    - /usr/lib/aarch64-linux-gnu/perl-base/unicore/lib/In/10_0.pl
    - /usr/lib/aarch64-linux-gnu/perl-base/unicore/lib/In/11_0.pl
    - /usr/lib/aarch64-linux-gnu/perl-base/unicore/lib/In/12_0.pl
    - /usr/lib/aarch64-linux-gnu/perl-base/unicore/lib/In/12_1.pl
    - /usr/lib/aarch64-linux-gnu/perl-base/unicore/lib/In/13_0.pl
    - /usr/lib/aarch64-linux-gnu/perl-base/unicore/lib/In/14_0.pl
    - /usr/lib/aarch64-linux-gnu/perl-base/unicore/lib/In/2_0.pl
    - /usr/lib/aarch64-linux-gnu/perl-base/unicore/lib/In/2_1.pl
    - /usr/lib/aarch64-linux-gnu/perl-base/unicore/lib/In/3_0.pl
    - /usr/lib/aarch64-linux-gnu/perl-base/unicore/lib/In/3_1.pl
    - /usr/lib/aarch64-linux-gnu/perl-base/unicore/lib/In/3_2.pl
    - /usr/lib/aarch64-linux-gnu/perl-base/unicore/lib/In/4_0.pl
    - /usr/lib/aarch64-linux-gnu/perl-base/unicore/lib/In/4_1.pl
    - /usr/lib/aarch64-linux-gnu/perl-base/unicore/lib/In/5_0.pl
    - /usr/lib/aarch64-linux-gnu/perl-base/unicore/lib/In/5_1.pl
    - /usr/lib/aarch64-linux-gnu/perl-base/unicore/lib/In/5_2.pl
    - /usr/lib/aarch64-linux-gnu/perl-base/unicore/lib/In/6_0.pl
    - /usr/lib/aarch64-linux-gnu/perl-base/unicore/lib/In/6_1.pl
    - /usr/lib/aarch64-linux-gnu/perl-base/unicore/lib/In/6_2.pl
    - /usr/lib/aarch64-linux-gnu/perl-base/unicore/lib/In/6_3.pl
    - /usr/lib/aarch64-linux-gnu/perl-base/unicore/lib/In/7_0.pl
    - /usr/lib/aarch64-linux-gnu/perl-base/unicore/lib/In/8_0.pl
    - /usr/lib/aarch64-linux-gnu/perl-base/unicore/lib/In/9_0.pl
    - /usr/lib/aarch64-linux-gnu/perl-base/unicore/lib/InPC/Bottom.pl
    - /usr/lib/aarch64-linux-gnu/perl-base/unicore/lib/InPC/BottomAn.pl
    - /usr/lib/aarch64-linux-gnu/perl-base/unicore/lib/InPC/Left.pl
    - /usr/lib/aarch64-linux-gnu/perl-base/unicore/lib/InPC/LeftAndR.pl
    - /usr/lib/aarch64-linux-gnu/perl-base/unicore/lib/InPC/NA.pl
    - /usr/lib/aarch64-linux-gnu/perl-base/unicore/lib/InPC/Overstru.pl
    - /usr/lib/aarch64-linux-gnu/perl-base/unicore/lib/InPC/Right.pl
    - /usr/lib/aarch64-linux-gnu/perl-base/unicore/lib/InPC/Top.pl
    - /usr/lib/aarch64-linux-gnu/perl-base/unicore/lib/InPC/TopAndBo.pl
    - /usr/lib/aarch64-linux-gnu/perl-base/unicore/lib/InPC/TopAndL2.pl
    - /usr/lib/aarch64-linux-gnu/perl-base/unicore/lib/InPC/TopAndLe.pl
    - /usr/lib/aarch64-linux-gnu/perl-base/unicore/lib/InPC/TopAndRi.pl
    - /usr/lib/aarch64-linux-gnu/perl-base/unicore/lib/InPC/VisualOr.pl
    - /usr/lib/aarch64-linux-gnu/perl-base/unicore/lib/InSC/Avagraha.pl
    - /usr/lib/aarch64-linux-gnu/perl-base/unicore/lib/InSC/Bindu.pl
    - /usr/lib/aarch64-linux-gnu/perl-base/unicore/lib/InSC/Cantilla.pl
    - /usr/lib/aarch64-linux-gnu/perl-base/unicore/lib/InSC/Consona2.pl
    - /usr/lib/aarch64-linux-gnu/perl-base/unicore/lib/InSC/Consona3.pl
    - /usr/lib/aarch64-linux-gnu/perl-base/unicore/lib/InSC/Consona4.pl
    - /usr/lib/aarch64-linux-gnu/perl-base/unicore/lib/InSC/Consona5.pl
    - /usr/lib/aarch64-linux-gnu/perl-base/unicore/lib/InSC/Consona6.pl
    - /usr/lib/aarch64-linux-gnu/perl-base/unicore/lib/InSC/Consona7.pl
    - /usr/lib/aarch64-linux-gnu/perl-base/unicore/lib/InSC/Consona8.pl
    - /usr/lib/aarch64-linux-gnu/perl-base/unicore/lib/InSC/Consonan.pl
    - /usr/lib/aarch64-linux-gnu/perl-base/unicore/lib/InSC/Invisibl.pl
    - /usr/lib/aarch64-linux-gnu/perl-base/unicore/lib/InSC/Nukta.pl
    - /usr/lib/aarch64-linux-gnu/perl-base/unicore/lib/InSC/Number.pl
    - /usr/lib/aarch64-linux-gnu/perl-base/unicore/lib/InSC/Other.pl
    - /usr/lib/aarch64-linux-gnu/perl-base/unicore/lib/InSC/PureKill.pl
    - /usr/lib/aarch64-linux-gnu/perl-base/unicore/lib/InSC/Syllable.pl
    - /usr/lib/aarch64-linux-gnu/perl-base/unicore/lib/InSC/ToneMark.pl
    - /usr/lib/aarch64-linux-gnu/perl-base/unicore/lib/InSC/Virama.pl
    - /usr/lib/aarch64-linux-gnu/perl-base/unicore/lib/InSC/Visarga.pl
    - /usr/lib/aarch64-linux-gnu/perl-base/unicore/lib/InSC/Vowel.pl
    - /usr/lib/aarch64-linux-gnu/perl-base/unicore/lib/InSC/VowelDep.pl
    - /usr/lib/aarch64-linux-gnu/perl-base/unicore/lib/InSC/VowelInd.pl
    - /usr/lib/aarch64-linux-gnu/perl-base/unicore/lib/Jg/Ain.pl
    - /usr/lib/aarch64-linux-gnu/perl-base/unicore/lib/Jg/Alef.pl
    - /usr/lib/aarch64-linux-gnu/perl-base/unicore/lib/Jg/Beh.pl
    - /usr/lib/aarch64-linux-gnu/perl-base/unicore/lib/Jg/Dal.pl
    - /usr/lib/aarch64-linux-gnu/perl-base/unicore/lib/Jg/FarsiYeh.pl
    - /usr/lib/aarch64-linux-gnu/perl-base/unicore/lib/Jg/Feh.pl
    - /usr/lib/aarch64-linux-gnu/perl-base/unicore/lib/Jg/Gaf.pl
    - /usr/lib/aarch64-linux-gnu/perl-base/unicore/lib/Jg/Hah.pl
    - /usr/lib/aarch64-linux-gnu/perl-base/unicore/lib/Jg/HanifiRo.pl
    - /usr/lib/aarch64-linux-gnu/perl-base/unicore/lib/Jg/Kaf.pl
    - /usr/lib/aarch64-linux-gnu/perl-base/unicore/lib/Jg/Lam.pl
    - /usr/lib/aarch64-linux-gnu/perl-base/unicore/lib/Jg/NoJoinin.pl
    - /usr/lib/aarch64-linux-gnu/perl-base/unicore/lib/Jg/Noon.pl
    - /usr/lib/aarch64-linux-gnu/perl-base/unicore/lib/Jg/Qaf.pl
    - /usr/lib/aarch64-linux-gnu/perl-base/unicore/lib/Jg/Reh.pl
    - /usr/lib/aarch64-linux-gnu/perl-base/unicore/lib/Jg/Sad.pl
    - /usr/lib/aarch64-linux-gnu/perl-base/unicore/lib/Jg/Seen.pl
    - /usr/lib/aarch64-linux-gnu/perl-base/unicore/lib/Jg/Tah.pl
    - /usr/lib/aarch64-linux-gnu/perl-base/unicore/lib/Jg/Waw.pl
    - /usr/lib/aarch64-linux-gnu/perl-base/unicore/lib/Jg/Yeh.pl
    - /usr/lib/aarch64-linux-gnu/perl-base/unicore/lib/Jt/C.pl
    - /usr/lib/aarch64-linux-gnu/perl-base/unicore/lib/Jt/D.pl
    - /usr/lib/aarch64-linux-gnu/perl-base/unicore/lib/Jt/L.pl
    - /usr/lib/aarch64-linux-gnu/perl-base/unicore/lib/Jt/R.pl
    - /usr/lib/aarch64-linux-gnu/perl-base/unicore/lib/Jt/T.pl
    - /usr/lib/aarch64-linux-gnu/perl-base/unicore/lib/Jt/U.pl
    - /usr/lib/aarch64-linux-gnu/perl-base/unicore/lib/Lb/AI.pl
    - /usr/lib/aarch64-linux-gnu/perl-base/unicore/lib/Lb/AL.pl
    - /usr/lib/aarch64-linux-gnu/perl-base/unicore/lib/Lb/BA.pl
    - /usr/lib/aarch64-linux-gnu/perl-base/unicore/lib/Lb/BB.pl
    - /usr/lib/aarch64-linux-gnu/perl-base/unicore/lib/Lb/CJ.pl
    - /usr/lib/aarch64-linux-gnu/perl-base/unicore/lib/Lb/CL.pl
    - /usr/lib/aarch64-linux-gnu/perl-base/unicore/lib/Lb/CM.pl
    - /usr/lib/aarch64-linux-gnu/perl-base/unicore/lib/Lb/EX.pl
    - /usr/lib/aarch64-linux-gnu/perl-base/unicore/lib/Lb/GL.pl
    - /usr/lib/aarch64-linux-gnu/perl-base/unicore/lib/Lb/ID.pl
    - /usr/lib/aarch64-linux-gnu/perl-base/unicore/lib/Lb/IN.pl
    - /usr/lib/aarch64-linux-gnu/perl-base/unicore/lib/Lb/IS.pl
    - /usr/lib/aarch64-linux-gnu/perl-base/unicore/lib/Lb/NS.pl
    - /usr/lib/aarch64-linux-gnu/perl-base/unicore/lib/Lb/NU.pl
    - /usr/lib/aarch64-linux-gnu/perl-base/unicore/lib/Lb/OP.pl
    - /usr/lib/aarch64-linux-gnu/perl-base/unicore/lib/Lb/PO.pl
    - /usr/lib/aarch64-linux-gnu/perl-base/unicore/lib/Lb/PR.pl
    - /usr/lib/aarch64-linux-gnu/perl-base/unicore/lib/Lb/QU.pl
    - /usr/lib/aarch64-linux-gnu/perl-base/unicore/lib/Lb/SA.pl
    - /usr/lib/aarch64-linux-gnu/perl-base/unicore/lib/Lb/XX.pl
    - /usr/lib/aarch64-linux-gnu/perl-base/unicore/lib/Lower/Y.pl
    - /usr/lib/aarch64-linux-gnu/perl-base/unicore/lib/Math/Y.pl
    - /usr/lib/aarch64-linux-gnu/perl-base/unicore/lib/NFCQC/M.pl
    - /usr/lib/aarch64-linux-gnu/perl-base/unicore/lib/NFCQC/Y.pl
    - /usr/lib/aarch64-linux-gnu/perl-base/unicore/lib/NFDQC/N.pl
    - /usr/lib/aarch64-linux-gnu/perl-base/unicore/lib/NFDQC/Y.pl
    - /usr/lib/aarch64-linux-gnu/perl-base/unicore/lib/NFKCQC/N.pl
    - /usr/lib/aarch64-linux-gnu/perl-base/unicore/lib/NFKCQC/Y.pl
    - /usr/lib/aarch64-linux-gnu/perl-base/unicore/lib/NFKDQC/N.pl
    - /usr/lib/aarch64-linux-gnu/perl-base/unicore/lib/NFKDQC/Y.pl
    - /usr/lib/aarch64-linux-gnu/perl-base/unicore/lib/Nt/Di.pl
    - /usr/lib/aarch64-linux-gnu/perl-base/unicore/lib/Nt/None.pl
    - /usr/lib/aarch64-linux-gnu/perl-base/unicore/lib/Nt/Nu.pl
    - /usr/lib/aarch64-linux-gnu/perl-base/unicore/lib/Nv/0.pl
    - /usr/lib/aarch64-linux-gnu/perl-base/unicore/lib/Nv/1.pl
    - /usr/lib/aarch64-linux-gnu/perl-base/unicore/lib/Nv/10.pl
    - /usr/lib/aarch64-linux-gnu/perl-base/unicore/lib/Nv/100.pl
    - /usr/lib/aarch64-linux-gnu/perl-base/unicore/lib/Nv/1000.pl
    - /usr/lib/aarch64-linux-gnu/perl-base/unicore/lib/Nv/10000.pl
    - /usr/lib/aarch64-linux-gnu/perl-base/unicore/lib/Nv/100000.pl
    - /usr/lib/aarch64-linux-gnu/perl-base/unicore/lib/Nv/11.pl
    - /usr/lib/aarch64-linux-gnu/perl-base/unicore/lib/Nv/12.pl
    - /usr/lib/aarch64-linux-gnu/perl-base/unicore/lib/Nv/13.pl
    - /usr/lib/aarch64-linux-gnu/perl-base/unicore/lib/Nv/14.pl
    - /usr/lib/aarch64-linux-gnu/perl-base/unicore/lib/Nv/15.pl
    - /usr/lib/aarch64-linux-gnu/perl-base/unicore/lib/Nv/16.pl
    - /usr/lib/aarch64-linux-gnu/perl-base/unicore/lib/Nv/17.pl
    - /usr/lib/aarch64-linux-gnu/perl-base/unicore/lib/Nv/18.pl
    - /usr/lib/aarch64-linux-gnu/perl-base/unicore/lib/Nv/19.pl
    - /usr/lib/aarch64-linux-gnu/perl-base/unicore/lib/Nv/1_16.pl
    - /usr/lib/aarch64-linux-gnu/perl-base/unicore/lib/Nv/1_2.pl
    - /usr/lib/aarch64-linux-gnu/perl-base/unicore/lib/Nv/1_3.pl
    - /usr/lib/aarch64-linux-gnu/perl-base/unicore/lib/Nv/1_4.pl
    - /usr/lib/aarch64-linux-gnu/perl-base/unicore/lib/Nv/1_6.pl
    - /usr/lib/aarch64-linux-gnu/perl-base/unicore/lib/Nv/1_8.pl
    - /usr/lib/aarch64-linux-gnu/perl-base/unicore/lib/Nv/2.pl
    - /usr/lib/aarch64-linux-gnu/perl-base/unicore/lib/Nv/20.pl
    - /usr/lib/aarch64-linux-gnu/perl-base/unicore/lib/Nv/200.pl
    - /usr/lib/aarch64-linux-gnu/perl-base/unicore/lib/Nv/2000.pl
    - /usr/lib/aarch64-linux-gnu/perl-base/unicore/lib/Nv/20000.pl
    - /usr/lib/aarch64-linux-gnu/perl-base/unicore/lib/Nv/2_3.pl
    - /usr/lib/aarch64-linux-gnu/perl-base/unicore/lib/Nv/3.pl
    - /usr/lib/aarch64-linux-gnu/perl-base/unicore/lib/Nv/30.pl
    - /usr/lib/aarch64-linux-gnu/perl-base/unicore/lib/Nv/300.pl
    - /usr/lib/aarch64-linux-gnu/perl-base/unicore/lib/Nv/3000.pl
    - /usr/lib/aarch64-linux-gnu/perl-base/unicore/lib/Nv/30000.pl
    - /usr/lib/aarch64-linux-gnu/perl-base/unicore/lib/Nv/3_16.pl
    - /usr/lib/aarch64-linux-gnu/perl-base/unicore/lib/Nv/3_4.pl
    - /usr/lib/aarch64-linux-gnu/perl-base/unicore/lib/Nv/4.pl
    - /usr/lib/aarch64-linux-gnu/perl-base/unicore/lib/Nv/40.pl
    - /usr/lib/aarch64-linux-gnu/perl-base/unicore/lib/Nv/400.pl
    - /usr/lib/aarch64-linux-gnu/perl-base/unicore/lib/Nv/4000.pl
    - /usr/lib/aarch64-linux-gnu/perl-base/unicore/lib/Nv/40000.pl
    - /usr/lib/aarch64-linux-gnu/perl-base/unicore/lib/Nv/5.pl
    - /usr/lib/aarch64-linux-gnu/perl-base/unicore/lib/Nv/50.pl
    - /usr/lib/aarch64-linux-gnu/perl-base/unicore/lib/Nv/500.pl
    - /usr/lib/aarch64-linux-gnu/perl-base/unicore/lib/Nv/5000.pl
    - /usr/lib/aarch64-linux-gnu/perl-base/unicore/lib/Nv/50000.pl
    - /usr/lib/aarch64-linux-gnu/perl-base/unicore/lib/Nv/6.pl
    - /usr/lib/aarch64-linux-gnu/perl-base/unicore/lib/Nv/60.pl
    - /usr/lib/aarch64-linux-gnu/perl-base/unicore/lib/Nv/600.pl
    - /usr/lib/aarch64-linux-gnu/perl-base/unicore/lib/Nv/6000.pl
    - /usr/lib/aarch64-linux-gnu/perl-base/unicore/lib/Nv/60000.pl
    - /usr/lib/aarch64-linux-gnu/perl-base/unicore/lib/Nv/7.pl
    - /usr/lib/aarch64-linux-gnu/perl-base/unicore/lib/Nv/70.pl
    - /usr/lib/aarch64-linux-gnu/perl-base/unicore/lib/Nv/700.pl
    - /usr/lib/aarch64-linux-gnu/perl-base/unicore/lib/Nv/7000.pl
    - /usr/lib/aarch64-linux-gnu/perl-base/unicore/lib/Nv/70000.pl
    - /usr/lib/aarch64-linux-gnu/perl-base/unicore/lib/Nv/8.pl
    - /usr/lib/aarch64-linux-gnu/perl-base/unicore/lib/Nv/80.pl
    - /usr/lib/aarch64-linux-gnu/perl-base/unicore/lib/Nv/800.pl
    - /usr/lib/aarch64-linux-gnu/perl-base/unicore/lib/Nv/8000.pl
    - /usr/lib/aarch64-linux-gnu/perl-base/unicore/lib/Nv/80000.pl
    - /usr/lib/aarch64-linux-gnu/perl-base/unicore/lib/Nv/9.pl
    - /usr/lib/aarch64-linux-gnu/perl-base/unicore/lib/Nv/90.pl
    - /usr/lib/aarch64-linux-gnu/perl-base/unicore/lib/Nv/900.pl
    - /usr/lib/aarch64-linux-gnu/perl-base/unicore/lib/Nv/9000.pl
    - /usr/lib/aarch64-linux-gnu/perl-base/unicore/lib/Nv/90000.pl
    - /usr/lib/aarch64-linux-gnu/perl-base/unicore/lib/PCM/Y.pl
    - /usr/lib/aarch64-linux-gnu/perl-base/unicore/lib/PatSyn/Y.pl
    - /usr/lib/aarch64-linux-gnu/perl-base/unicore/lib/Perl/Alnum.pl
    - /usr/lib/aarch64-linux-gnu/perl-base/unicore/lib/Perl/Assigned.pl
    - /usr/lib/aarch64-linux-gnu/perl-base/unicore/lib/Perl/Blank.pl
    - /usr/lib/aarch64-linux-gnu/perl-base/unicore/lib/Perl/Graph.pl
    - /usr/lib/aarch64-linux-gnu/perl-base/unicore/lib/Perl/PerlWord.pl
    - /usr/lib/aarch64-linux-gnu/perl-base/unicore/lib/Perl/PosixPun.pl
    - /usr/lib/aarch64-linux-gnu/perl-base/unicore/lib/Perl/Print.pl
    - /usr/lib/aarch64-linux-gnu/perl-base/unicore/lib/Perl/SpacePer.pl
    - /usr/lib/aarch64-linux-gnu/perl-base/unicore/lib/Perl/Title.pl
    - /usr/lib/aarch64-linux-gnu/perl-base/unicore/lib/Perl/Word.pl
    - /usr/lib/aarch64-linux-gnu/perl-base/unicore/lib/Perl/XPosixPu.pl
    - /usr/lib/aarch64-linux-gnu/perl-base/unicore/lib/Perl/_PerlAny.pl
    - /usr/lib/aarch64-linux-gnu/perl-base/unicore/lib/Perl/_PerlCh2.pl
    - /usr/lib/aarch64-linux-gnu/perl-base/unicore/lib/Perl/_PerlCha.pl
    - /usr/lib/aarch64-linux-gnu/perl-base/unicore/lib/Perl/_PerlFol.pl
    - /usr/lib/aarch64-linux-gnu/perl-base/unicore/lib/Perl/_PerlIDC.pl
    - /usr/lib/aarch64-linux-gnu/perl-base/unicore/lib/Perl/_PerlIDS.pl
    - /usr/lib/aarch64-linux-gnu/perl-base/unicore/lib/Perl/_PerlIsI.pl
    - /usr/lib/aarch64-linux-gnu/perl-base/unicore/lib/Perl/_PerlNch.pl
    - /usr/lib/aarch64-linux-gnu/perl-base/unicore/lib/Perl/_PerlPat.pl
    - /usr/lib/aarch64-linux-gnu/perl-base/unicore/lib/Perl/_PerlPr2.pl
    - /usr/lib/aarch64-linux-gnu/perl-base/unicore/lib/Perl/_PerlPro.pl
    - /usr/lib/aarch64-linux-gnu/perl-base/unicore/lib/Perl/_PerlQuo.pl
    - /usr/lib/aarch64-linux-gnu/perl-base/unicore/lib/QMark/Y.pl
    - /usr/lib/aarch64-linux-gnu/perl-base/unicore/lib/SB/AT.pl
    - /usr/lib/aarch64-linux-gnu/perl-base/unicore/lib/SB/CL.pl
    - /usr/lib/aarch64-linux-gnu/perl-base/unicore/lib/SB/EX.pl
    - /usr/lib/aarch64-linux-gnu/perl-base/unicore/lib/SB/FO.pl
    - /usr/lib/aarch64-linux-gnu/perl-base/unicore/lib/SB/LE.pl
    - /usr/lib/aarch64-linux-gnu/perl-base/unicore/lib/SB/LO.pl
    - /usr/lib/aarch64-linux-gnu/perl-base/unicore/lib/SB/NU.pl
    - /usr/lib/aarch64-linux-gnu/perl-base/unicore/lib/SB/SC.pl
    - /usr/lib/aarch64-linux-gnu/perl-base/unicore/lib/SB/ST.pl
    - /usr/lib/aarch64-linux-gnu/perl-base/unicore/lib/SB/Sp.pl
    - /usr/lib/aarch64-linux-gnu/perl-base/unicore/lib/SB/UP.pl
    - /usr/lib/aarch64-linux-gnu/perl-base/unicore/lib/SB/XX.pl
    - /usr/lib/aarch64-linux-gnu/perl-base/unicore/lib/SD/Y.pl
    - /usr/lib/aarch64-linux-gnu/perl-base/unicore/lib/STerm/Y.pl
    - /usr/lib/aarch64-linux-gnu/perl-base/unicore/lib/Sc/Arab.pl
    - /usr/lib/aarch64-linux-gnu/perl-base/unicore/lib/Sc/Beng.pl
    - /usr/lib/aarch64-linux-gnu/perl-base/unicore/lib/Sc/Cprt.pl
    - /usr/lib/aarch64-linux-gnu/perl-base/unicore/lib/Sc/Cyrl.pl
    - /usr/lib/aarch64-linux-gnu/perl-base/unicore/lib/Sc/Deva.pl
    - /usr/lib/aarch64-linux-gnu/perl-base/unicore/lib/Sc/Dupl.pl
    - /usr/lib/aarch64-linux-gnu/perl-base/unicore/lib/Sc/Geor.pl
    - /usr/lib/aarch64-linux-gnu/perl-base/unicore/lib/Sc/Glag.pl
    - /usr/lib/aarch64-linux-gnu/perl-base/unicore/lib/Sc/Gong.pl
    - /usr/lib/aarch64-linux-gnu/perl-base/unicore/lib/Sc/Gonm.pl
    - /usr/lib/aarch64-linux-gnu/perl-base/unicore/lib/Sc/Gran.pl
    - /usr/lib/aarch64-linux-gnu/perl-base/unicore/lib/Sc/Grek.pl
    - /usr/lib/aarch64-linux-gnu/perl-base/unicore/lib/Sc/Gujr.pl
    - /usr/lib/aarch64-linux-gnu/perl-base/unicore/lib/Sc/Guru.pl
    - /usr/lib/aarch64-linux-gnu/perl-base/unicore/lib/Sc/Han.pl
    - /usr/lib/aarch64-linux-gnu/perl-base/unicore/lib/Sc/Hang.pl
    - /usr/lib/aarch64-linux-gnu/perl-base/unicore/lib/Sc/Hira.pl
    - /usr/lib/aarch64-linux-gnu/perl-base/unicore/lib/Sc/Kana.pl
    - /usr/lib/aarch64-linux-gnu/perl-base/unicore/lib/Sc/Knda.pl
    - /usr/lib/aarch64-linux-gnu/perl-base/unicore/lib/Sc/Latn.pl
    - /usr/lib/aarch64-linux-gnu/perl-base/unicore/lib/Sc/Limb.pl
    - /usr/lib/aarch64-linux-gnu/perl-base/unicore/lib/Sc/Linb.pl
    - /usr/lib/aarch64-linux-gnu/perl-base/unicore/lib/Sc/Mlym.pl
    - /usr/lib/aarch64-linux-gnu/perl-base/unicore/lib/Sc/Mong.pl
    - /usr/lib/aarch64-linux-gnu/perl-base/unicore/lib/Sc/Mult.pl
    - /usr/lib/aarch64-linux-gnu/perl-base/unicore/lib/Sc/Orya.pl
    - /usr/lib/aarch64-linux-gnu/perl-base/unicore/lib/Sc/Sinh.pl
    - /usr/lib/aarch64-linux-gnu/perl-base/unicore/lib/Sc/Syrc.pl
    - /usr/lib/aarch64-linux-gnu/perl-base/unicore/lib/Sc/Taml.pl
    - /usr/lib/aarch64-linux-gnu/perl-base/unicore/lib/Sc/Telu.pl
    - /usr/lib/aarch64-linux-gnu/perl-base/unicore/lib/Sc/Zinh.pl
    - /usr/lib/aarch64-linux-gnu/perl-base/unicore/lib/Sc/Zyyy.pl
    - /usr/lib/aarch64-linux-gnu/perl-base/unicore/lib/Scx/Adlm.pl
    - /usr/lib/aarch64-linux-gnu/perl-base/unicore/lib/Scx/Arab.pl
    - /usr/lib/aarch64-linux-gnu/perl-base/unicore/lib/Scx/Armn.pl
    - /usr/lib/aarch64-linux-gnu/perl-base/unicore/lib/Scx/Beng.pl
    - /usr/lib/aarch64-linux-gnu/perl-base/unicore/lib/Scx/Bhks.pl
    - /usr/lib/aarch64-linux-gnu/perl-base/unicore/lib/Scx/Bopo.pl
    - /usr/lib/aarch64-linux-gnu/perl-base/unicore/lib/Scx/Cakm.pl
    - /usr/lib/aarch64-linux-gnu/perl-base/unicore/lib/Scx/Cham.pl
    - /usr/lib/aarch64-linux-gnu/perl-base/unicore/lib/Scx/Copt.pl
    - /usr/lib/aarch64-linux-gnu/perl-base/unicore/lib/Scx/Cprt.pl
    - /usr/lib/aarch64-linux-gnu/perl-base/unicore/lib/Scx/Cyrl.pl
    - /usr/lib/aarch64-linux-gnu/perl-base/unicore/lib/Scx/Deva.pl
    - /usr/lib/aarch64-linux-gnu/perl-base/unicore/lib/Scx/Diak.pl
    - /usr/lib/aarch64-linux-gnu/perl-base/unicore/lib/Scx/Dupl.pl
    - /usr/lib/aarch64-linux-gnu/perl-base/unicore/lib/Scx/Ethi.pl
    - /usr/lib/aarch64-linux-gnu/perl-base/unicore/lib/Scx/Geor.pl
    - /usr/lib/aarch64-linux-gnu/perl-base/unicore/lib/Scx/Glag.pl
    - /usr/lib/aarch64-linux-gnu/perl-base/unicore/lib/Scx/Gong.pl
    - /usr/lib/aarch64-linux-gnu/perl-base/unicore/lib/Scx/Gonm.pl
    - /usr/lib/aarch64-linux-gnu/perl-base/unicore/lib/Scx/Gran.pl
    - /usr/lib/aarch64-linux-gnu/perl-base/unicore/lib/Scx/Grek.pl
    - /usr/lib/aarch64-linux-gnu/perl-base/unicore/lib/Scx/Gujr.pl
    - /usr/lib/aarch64-linux-gnu/perl-base/unicore/lib/Scx/Guru.pl
    - /usr/lib/aarch64-linux-gnu/perl-base/unicore/lib/Scx/Han.pl
    - /usr/lib/aarch64-linux-gnu/perl-base/unicore/lib/Scx/Hang.pl
    - /usr/lib/aarch64-linux-gnu/perl-base/unicore/lib/Scx/Hebr.pl
    - /usr/lib/aarch64-linux-gnu/perl-base/unicore/lib/Scx/Hira.pl
    - /usr/lib/aarch64-linux-gnu/perl-base/unicore/lib/Scx/Hmng.pl
    - /usr/lib/aarch64-linux-gnu/perl-base/unicore/lib/Scx/Hmnp.pl
    - /usr/lib/aarch64-linux-gnu/perl-base/unicore/lib/Scx/Kana.pl
    - /usr/lib/aarch64-linux-gnu/perl-base/unicore/lib/Scx/Khar.pl
    - /usr/lib/aarch64-linux-gnu/perl-base/unicore/lib/Scx/Khmr.pl
    - /usr/lib/aarch64-linux-gnu/perl-base/unicore/lib/Scx/Khoj.pl
    - /usr/lib/aarch64-linux-gnu/perl-base/unicore/lib/Scx/Knda.pl
    - /usr/lib/aarch64-linux-gnu/perl-base/unicore/lib/Scx/Kthi.pl
    - /usr/lib/aarch64-linux-gnu/perl-base/unicore/lib/Scx/Lana.pl
    - /usr/lib/aarch64-linux-gnu/perl-base/unicore/lib/Scx/Lao.pl
    - /usr/lib/aarch64-linux-gnu/perl-base/unicore/lib/Scx/Latn.pl
    - /usr/lib/aarch64-linux-gnu/perl-base/unicore/lib/Scx/Limb.pl
    - /usr/lib/aarch64-linux-gnu/perl-base/unicore/lib/Scx/Lina.pl
    - /usr/lib/aarch64-linux-gnu/perl-base/unicore/lib/Scx/Linb.pl
    - /usr/lib/aarch64-linux-gnu/perl-base/unicore/lib/Scx/Mlym.pl
    - /usr/lib/aarch64-linux-gnu/perl-base/unicore/lib/Scx/Mong.pl
    - /usr/lib/aarch64-linux-gnu/perl-base/unicore/lib/Scx/Mult.pl
    - /usr/lib/aarch64-linux-gnu/perl-base/unicore/lib/Scx/Mymr.pl
    - /usr/lib/aarch64-linux-gnu/perl-base/unicore/lib/Scx/Nand.pl
    - /usr/lib/aarch64-linux-gnu/perl-base/unicore/lib/Scx/Nko.pl
    - /usr/lib/aarch64-linux-gnu/perl-base/unicore/lib/Scx/Orya.pl
    - /usr/lib/aarch64-linux-gnu/perl-base/unicore/lib/Scx/Phlp.pl
    - /usr/lib/aarch64-linux-gnu/perl-base/unicore/lib/Scx/Rohg.pl
    - /usr/lib/aarch64-linux-gnu/perl-base/unicore/lib/Scx/Shrd.pl
    - /usr/lib/aarch64-linux-gnu/perl-base/unicore/lib/Scx/Sind.pl
    - /usr/lib/aarch64-linux-gnu/perl-base/unicore/lib/Scx/Sinh.pl
    - /usr/lib/aarch64-linux-gnu/perl-base/unicore/lib/Scx/Syrc.pl
    - /usr/lib/aarch64-linux-gnu/perl-base/unicore/lib/Scx/Tagb.pl
    - /usr/lib/aarch64-linux-gnu/perl-base/unicore/lib/Scx/Takr.pl
    - /usr/lib/aarch64-linux-gnu/perl-base/unicore/lib/Scx/Talu.pl
    - /usr/lib/aarch64-linux-gnu/perl-base/unicore/lib/Scx/Taml.pl
    - /usr/lib/aarch64-linux-gnu/perl-base/unicore/lib/Scx/Tang.pl
    - /usr/lib/aarch64-linux-gnu/perl-base/unicore/lib/Scx/Telu.pl
    - /usr/lib/aarch64-linux-gnu/perl-base/unicore/lib/Scx/Thaa.pl
    - /usr/lib/aarch64-linux-gnu/perl-base/unicore/lib/Scx/Tibt.pl
    - /usr/lib/aarch64-linux-gnu/perl-base/unicore/lib/Scx/Tirh.pl
    - /usr/lib/aarch64-linux-gnu/perl-base/unicore/lib/Scx/Vith.pl
    - /usr/lib/aarch64-linux-gnu/perl-base/unicore/lib/Scx/Xsux.pl
    - /usr/lib/aarch64-linux-gnu/perl-base/unicore/lib/Scx/Yezi.pl
    - /usr/lib/aarch64-linux-gnu/perl-base/unicore/lib/Scx/Yi.pl
    - /usr/lib/aarch64-linux-gnu/perl-base/unicore/lib/Scx/Zinh.pl
    - /usr/lib/aarch64-linux-gnu/perl-base/unicore/lib/Scx/Zyyy.pl
    - /usr/lib/aarch64-linux-gnu/perl-base/unicore/lib/Scx/Zzzz.pl
    - /usr/lib/aarch64-linux-gnu/perl-base/unicore/lib/Term/Y.pl
    - /usr/lib/aarch64-linux-gnu/perl-base/unicore/lib/UIdeo/Y.pl
    - /usr/lib/aarch64-linux-gnu/perl-base/unicore/lib/Upper/Y.pl
    - /usr/lib/aarch64-linux-gnu/perl-base/unicore/lib/VS/Y.pl
    - /usr/lib/aarch64-linux-gnu/perl-base/unicore/lib/Vo/R.pl
    - /usr/lib/aarch64-linux-gnu/perl-base/unicore/lib/Vo/Tr.pl
    - /usr/lib/aarch64-linux-gnu/perl-base/unicore/lib/Vo/Tu.pl
    - /usr/lib/aarch64-linux-gnu/perl-base/unicore/lib/Vo/U.pl
    - /usr/lib/aarch64-linux-gnu/perl-base/unicore/lib/WB/EX.pl
    - /usr/lib/aarch64-linux-gnu/perl-base/unicore/lib/WB/Extend.pl
    - /usr/lib/aarch64-linux-gnu/perl-base/unicore/lib/WB/FO.pl
    - /usr/lib/aarch64-linux-gnu/perl-base/unicore/lib/WB/HL.pl
    - /usr/lib/aarch64-linux-gnu/perl-base/unicore/lib/WB/KA.pl
    - /usr/lib/aarch64-linux-gnu/perl-base/unicore/lib/WB/LE.pl
    - /usr/lib/aarch64-linux-gnu/perl-base/unicore/lib/WB/MB.pl
    - /usr/lib/aarch64-linux-gnu/perl-base/unicore/lib/WB/ML.pl
    - /usr/lib/aarch64-linux-gnu/perl-base/unicore/lib/WB/MN.pl
    - /usr/lib/aarch64-linux-gnu/perl-base/unicore/lib/WB/NU.pl
    - /usr/lib/aarch64-linux-gnu/perl-base/unicore/lib/WB/WSegSpac.pl
    - /usr/lib/aarch64-linux-gnu/perl-base/unicore/lib/WB/XX.pl
    - /usr/lib/aarch64-linux-gnu/perl-base/unicore/lib/XIDC/Y.pl
    - /usr/lib/aarch64-linux-gnu/perl-base/unicore/lib/XIDS/Y.pl
    - /usr/lib/aarch64-linux-gnu/perl-base/utf8.pm
    - /usr/lib/aarch64-linux-gnu/perl-base/vars.pm
    - /usr/lib/aarch64-linux-gnu/perl-base/warnings.pm
    - /usr/lib/aarch64-linux-gnu/perl-base/warnings/register.pm
    - /usr/lib/aarch64-linux-gnu/perl/5.36.0/B.pm
    - /usr/lib/aarch64-linux-gnu/perl/5.36.0/B/Concise.pm
    - /usr/lib/aarch64-linux-gnu/perl/5.36.0/B/Showlex.pm
    - /usr/lib/aarch64-linux-gnu/perl/5.36.0/B/Terse.pm
    - /usr/lib/aarch64-linux-gnu/perl/5.36.0/B/Xref.pm
    - /usr/lib/aarch64-linux-gnu/perl/5.36.0/CORE/EXTERN.h
    - /usr/lib/aarch64-linux-gnu/perl/5.36.0/CORE/INTERN.h
    - /usr/lib/aarch64-linux-gnu/perl/5.36.0/CORE/XSUB.h
    - /usr/lib/aarch64-linux-gnu/perl/5.36.0/CORE/av.h
    - /usr/lib/aarch64-linux-gnu/perl/5.36.0/CORE/bitcount.h
    - /usr/lib/aarch64-linux-gnu/perl/5.36.0/CORE/charclass_invlists.h
    - /usr/lib/aarch64-linux-gnu/perl/5.36.0/CORE/config.h
    - /usr/lib/aarch64-linux-gnu/perl/5.36.0/CORE/cop.h
    - /usr/lib/aarch64-linux-gnu/perl/5.36.0/CORE/cv.h
    - /usr/lib/aarch64-linux-gnu/perl/5.36.0/CORE/dosish.h
    - /usr/lib/aarch64-linux-gnu/perl/5.36.0/CORE/ebcdic_tables.h
    - /usr/lib/aarch64-linux-gnu/perl/5.36.0/CORE/embed.h
    - /usr/lib/aarch64-linux-gnu/perl/5.36.0/CORE/embedvar.h
    - /usr/lib/aarch64-linux-gnu/perl/5.36.0/CORE/fakesdio.h
    - /usr/lib/aarch64-linux-gnu/perl/5.36.0/CORE/feature.h
    - /usr/lib/aarch64-linux-gnu/perl/5.36.0/CORE/form.h
    - /usr/lib/aarch64-linux-gnu/perl/5.36.0/CORE/git_version.h
    - /usr/lib/aarch64-linux-gnu/perl/5.36.0/CORE/gv.h
    - /usr/lib/aarch64-linux-gnu/perl/5.36.0/CORE/handy.h
    - /usr/lib/aarch64-linux-gnu/perl/5.36.0/CORE/hv.h
    - /usr/lib/aarch64-linux-gnu/perl/5.36.0/CORE/hv_func.h
    - /usr/lib/aarch64-linux-gnu/perl/5.36.0/CORE/hv_macro.h
    - /usr/lib/aarch64-linux-gnu/perl/5.36.0/CORE/inline.h
    - /usr/lib/aarch64-linux-gnu/perl/5.36.0/CORE/intrpvar.h
    - /usr/lib/aarch64-linux-gnu/perl/5.36.0/CORE/invlist_inline.h
    - /usr/lib/aarch64-linux-gnu/perl/5.36.0/CORE/iperlsys.h
    - /usr/lib/aarch64-linux-gnu/perl/5.36.0/CORE/keywords.h
    - /usr/lib/aarch64-linux-gnu/perl/5.36.0/CORE/l1_char_class_tab.h
    - /usr/lib/aarch64-linux-gnu/perl/5.36.0/CORE/malloc_ctl.h
    - /usr/lib/aarch64-linux-gnu/perl/5.36.0/CORE/metaconfig.h
    - /usr/lib/aarch64-linux-gnu/perl/5.36.0/CORE/mg.h
    - /usr/lib/aarch64-linux-gnu/perl/5.36.0/CORE/mg_data.h
    - /usr/lib/aarch64-linux-gnu/perl/5.36.0/CORE/mg_raw.h
    - /usr/lib/aarch64-linux-gnu/perl/5.36.0/CORE/mg_vtable.h
    - /usr/lib/aarch64-linux-gnu/perl/5.36.0/CORE/mydtrace.h
    - /usr/lib/aarch64-linux-gnu/perl/5.36.0/CORE/nostdio.h
    - /usr/lib/aarch64-linux-gnu/perl/5.36.0/CORE/op.h
    - /usr/lib/aarch64-linux-gnu/perl/5.36.0/CORE/op_reg_common.h
    - /usr/lib/aarch64-linux-gnu/perl/5.36.0/CORE/opcode.h
    - /usr/lib/aarch64-linux-gnu/perl/5.36.0/CORE/opnames.h
    - /usr/lib/aarch64-linux-gnu/perl/5.36.0/CORE/overload.h
    - /usr/lib/aarch64-linux-gnu/perl/5.36.0/CORE/pad.h
    - /usr/lib/aarch64-linux-gnu/perl/5.36.0/CORE/parser.h
    - /usr/lib/aarch64-linux-gnu/perl/5.36.0/CORE/patchlevel-debian.h
    - /usr/lib/aarch64-linux-gnu/perl/5.36.0/CORE/patchlevel.h
    - /usr/lib/aarch64-linux-gnu/perl/5.36.0/CORE/perl.h
    - /usr/lib/aarch64-linux-gnu/perl/5.36.0/CORE/perl_inc_macro.h
    - /usr/lib/aarch64-linux-gnu/perl/5.36.0/CORE/perl_langinfo.h
    - /usr/lib/aarch64-linux-gnu/perl/5.36.0/CORE/perl_siphash.h
    - /usr/lib/aarch64-linux-gnu/perl/5.36.0/CORE/perlapi.h
    - /usr/lib/aarch64-linux-gnu/perl/5.36.0/CORE/perlio.h
    - /usr/lib/aarch64-linux-gnu/perl/5.36.0/CORE/perliol.h
    - /usr/lib/aarch64-linux-gnu/perl/5.36.0/CORE/perlsdio.h
    - /usr/lib/aarch64-linux-gnu/perl/5.36.0/CORE/perlvars.h
    - /usr/lib/aarch64-linux-gnu/perl/5.36.0/CORE/perly.h
    - /usr/lib/aarch64-linux-gnu/perl/5.36.0/CORE/pp.h
    - /usr/lib/aarch64-linux-gnu/perl/5.36.0/CORE/pp_proto.h
    - /usr/lib/aarch64-linux-gnu/perl/5.36.0/CORE/proto.h
    - /usr/lib/aarch64-linux-gnu/perl/5.36.0/CORE/reentr.h
    - /usr/lib/aarch64-linux-gnu/perl/5.36.0/CORE/regcharclass.h
    - /usr/lib/aarch64-linux-gnu/perl/5.36.0/CORE/regcomp.h
    - /usr/lib/aarch64-linux-gnu/perl/5.36.0/CORE/regexp.h
    - /usr/lib/aarch64-linux-gnu/perl/5.36.0/CORE/regnodes.h
    - /usr/lib/aarch64-linux-gnu/perl/5.36.0/CORE/sbox32_hash.h
    - /usr/lib/aarch64-linux-gnu/perl/5.36.0/CORE/scope.h
    - /usr/lib/aarch64-linux-gnu/perl/5.36.0/CORE/sv.h
    - /usr/lib/aarch64-linux-gnu/perl/5.36.0/CORE/sv_inline.h
    - /usr/lib/aarch64-linux-gnu/perl/5.36.0/CORE/thread.h
    - /usr/lib/aarch64-linux-gnu/perl/5.36.0/CORE/time64.h
    - /usr/lib/aarch64-linux-gnu/perl/5.36.0/CORE/time64_config.h
    - /usr/lib/aarch64-linux-gnu/perl/5.36.0/CORE/uconfig.h
    - /usr/lib/aarch64-linux-gnu/perl/5.36.0/CORE/uni_keywords.h
    - /usr/lib/aarch64-linux-gnu/perl/5.36.0/CORE/unicode_constants.h
    - /usr/lib/aarch64-linux-gnu/perl/5.36.0/CORE/unixish.h
    - /usr/lib/aarch64-linux-gnu/perl/5.36.0/CORE/utf8.h
    - /usr/lib/aarch64-linux-gnu/perl/5.36.0/CORE/utfebcdic.h
    - /usr/lib/aarch64-linux-gnu/perl/5.36.0/CORE/util.h
    - /usr/lib/aarch64-linux-gnu/perl/5.36.0/CORE/uudmap.h
    - /usr/lib/aarch64-linux-gnu/perl/5.36.0/CORE/vutil.h
    - /usr/lib/aarch64-linux-gnu/perl/5.36.0/CORE/warnings.h
    - /usr/lib/aarch64-linux-gnu/perl/5.36.0/CORE/zaphod32_hash.h
    - /usr/lib/aarch64-linux-gnu/perl/5.36.0/Compress/Raw/Bzip2.pm
    - /usr/lib/aarch64-linux-gnu/perl/5.36.0/Compress/Raw/Zlib.pm
    - /usr/lib/aarch64-linux-gnu/perl/5.36.0/Config.pm
    - /usr/lib/aarch64-linux-gnu/perl/5.36.0/Config.pod
    - /usr/lib/aarch64-linux-gnu/perl/5.36.0/Config_git.pl
    - /usr/lib/aarch64-linux-gnu/perl/5.36.0/Config_heavy.pl
    - /usr/lib/aarch64-linux-gnu/perl/5.36.0/Cwd.pm
    - /usr/lib/aarch64-linux-gnu/perl/5.36.0/DB_File.pm
    - /usr/lib/aarch64-linux-gnu/perl/5.36.0/Data/Dumper.pm
    - /usr/lib/aarch64-linux-gnu/perl/5.36.0/Devel/PPPort.pm
    - /usr/lib/aarch64-linux-gnu/perl/5.36.0/Devel/Peek.pm
    - /usr/lib/aarch64-linux-gnu/perl/5.36.0/Digest/MD5.pm
    - /usr/lib/aarch64-linux-gnu/perl/5.36.0/Digest/SHA.pm
    - /usr/lib/aarch64-linux-gnu/perl/5.36.0/DynaLoader.pm
    - /usr/lib/aarch64-linux-gnu/perl/5.36.0/Encode.pm
    - /usr/lib/aarch64-linux-gnu/perl/5.36.0/Encode/Alias.pm
    - /usr/lib/aarch64-linux-gnu/perl/5.36.0/Encode/Byte.pm
    - /usr/lib/aarch64-linux-gnu/perl/5.36.0/Encode/CJKConstants.pm
    - /usr/lib/aarch64-linux-gnu/perl/5.36.0/Encode/CN.pm
    - /usr/lib/aarch64-linux-gnu/perl/5.36.0/Encode/CN/HZ.pm
    - /usr/lib/aarch64-linux-gnu/perl/5.36.0/Encode/Config.pm
    - /usr/lib/aarch64-linux-gnu/perl/5.36.0/Encode/EBCDIC.pm
    - /usr/lib/aarch64-linux-gnu/perl/5.36.0/Encode/Encoder.pm
    - /usr/lib/aarch64-linux-gnu/perl/5.36.0/Encode/Encoding.pm
    - /usr/lib/aarch64-linux-gnu/perl/5.36.0/Encode/GSM0338.pm
    - /usr/lib/aarch64-linux-gnu/perl/5.36.0/Encode/Guess.pm
    - /usr/lib/aarch64-linux-gnu/perl/5.36.0/Encode/JP.pm
    - /usr/lib/aarch64-linux-gnu/perl/5.36.0/Encode/JP/H2Z.pm
    - /usr/lib/aarch64-linux-gnu/perl/5.36.0/Encode/JP/JIS7.pm
    - /usr/lib/aarch64-linux-gnu/perl/5.36.0/Encode/KR.pm
    - /usr/lib/aarch64-linux-gnu/perl/5.36.0/Encode/KR/2022_KR.pm
    - /usr/lib/aarch64-linux-gnu/perl/5.36.0/Encode/MIME/Header.pm
    - /usr/lib/aarch64-linux-gnu/perl/5.36.0/Encode/MIME/Header/ISO_2022_JP.pm
    - /usr/lib/aarch64-linux-gnu/perl/5.36.0/Encode/MIME/Name.pm
    - /usr/lib/aarch64-linux-gnu/perl/5.36.0/Encode/Symbol.pm
    - /usr/lib/aarch64-linux-gnu/perl/5.36.0/Encode/TW.pm
    - /usr/lib/aarch64-linux-gnu/perl/5.36.0/Encode/Unicode.pm
    - /usr/lib/aarch64-linux-gnu/perl/5.36.0/Encode/Unicode/UTF7.pm
    - /usr/lib/aarch64-linux-gnu/perl/5.36.0/Errno.pm
    - /usr/lib/aarch64-linux-gnu/perl/5.36.0/Fcntl.pm
    - /usr/lib/aarch64-linux-gnu/perl/5.36.0/File/DosGlob.pm
    - /usr/lib/aarch64-linux-gnu/perl/5.36.0/File/Glob.pm
    - /usr/lib/aarch64-linux-gnu/perl/5.36.0/File/Spec.pm
    - /usr/lib/aarch64-linux-gnu/perl/5.36.0/File/Spec/AmigaOS.pm
    - /usr/lib/aarch64-linux-gnu/perl/5.36.0/File/Spec/Cygwin.pm
    - /usr/lib/aarch64-linux-gnu/perl/5.36.0/File/Spec/Epoc.pm
    - /usr/lib/aarch64-linux-gnu/perl/5.36.0/File/Spec/Functions.pm
    - /usr/lib/aarch64-linux-gnu/perl/5.36.0/File/Spec/Mac.pm
    - /usr/lib/aarch64-linux-gnu/perl/5.36.0/File/Spec/OS2.pm
    - /usr/lib/aarch64-linux-gnu/perl/5.36.0/File/Spec/Unix.pm
    - /usr/lib/aarch64-linux-gnu/perl/5.36.0/File/Spec/VMS.pm
    - /usr/lib/aarch64-linux-gnu/perl/5.36.0/File/Spec/Win32.pm
    - /usr/lib/aarch64-linux-gnu/perl/5.36.0/Filter/Util/Call.pm
    - /usr/lib/aarch64-linux-gnu/perl/5.36.0/GDBM_File.pm
    - /usr/lib/aarch64-linux-gnu/perl/5.36.0/Hash/Util.pm
    - /usr/lib/aarch64-linux-gnu/perl/5.36.0/Hash/Util/FieldHash.pm
    - /usr/lib/aarch64-linux-gnu/perl/5.36.0/I18N/Langinfo.pm
    - /usr/lib/aarch64-linux-gnu/perl/5.36.0/IO.pm
    - /usr/lib/aarch64-linux-gnu/perl/5.36.0/IO/Dir.pm
    - /usr/lib/aarch64-linux-gnu/perl/5.36.0/IO/File.pm
    - /usr/lib/aarch64-linux-gnu/perl/5.36.0/IO/Handle.pm
    - /usr/lib/aarch64-linux-gnu/perl/5.36.0/IO/Pipe.pm
    - /usr/lib/aarch64-linux-gnu/perl/5.36.0/IO/Poll.pm
    - /usr/lib/aarch64-linux-gnu/perl/5.36.0/IO/Seekable.pm
    - /usr/lib/aarch64-linux-gnu/perl/5.36.0/IO/Select.pm
    - /usr/lib/aarch64-linux-gnu/perl/5.36.0/IO/Socket.pm
    - /usr/lib/aarch64-linux-gnu/perl/5.36.0/IO/Socket/INET.pm
    - /usr/lib/aarch64-linux-gnu/perl/5.36.0/IO/Socket/UNIX.pm
    - /usr/lib/aarch64-linux-gnu/perl/5.36.0/IPC/Msg.pm
    - /usr/lib/aarch64-linux-gnu/perl/5.36.0/IPC/Semaphore.pm
    - /usr/lib/aarch64-linux-gnu/perl/5.36.0/IPC/SharedMem.pm
    - /usr/lib/aarch64-linux-gnu/perl/5.36.0/IPC/SysV.pm
    - /usr/lib/aarch64-linux-gnu/perl/5.36.0/List/Util.pm
    - /usr/lib/aarch64-linux-gnu/perl/5.36.0/List/Util/XS.pm
    - /usr/lib/aarch64-linux-gnu/perl/5.36.0/MIME/Base64.pm
    - /usr/lib/aarch64-linux-gnu/perl/5.36.0/MIME/QuotedPrint.pm
    - /usr/lib/aarch64-linux-gnu/perl/5.36.0/Math/BigInt/FastCalc.pm
    - /usr/lib/aarch64-linux-gnu/perl/5.36.0/NDBM_File.pm
    - /usr/lib/aarch64-linux-gnu/perl/5.36.0/O.pm
    - /usr/lib/aarch64-linux-gnu/perl/5.36.0/ODBM_File.pm
    - /usr/lib/aarch64-linux-gnu/perl/5.36.0/Opcode.pm
    - /usr/lib/aarch64-linux-gnu/perl/5.36.0/POSIX.pm
    - /usr/lib/aarch64-linux-gnu/perl/5.36.0/POSIX.pod
    - /usr/lib/aarch64-linux-gnu/perl/5.36.0/PerlIO/encoding.pm
    - /usr/lib/aarch64-linux-gnu/perl/5.36.0/PerlIO/mmap.pm
    - /usr/lib/aarch64-linux-gnu/perl/5.36.0/PerlIO/scalar.pm
    - /usr/lib/aarch64-linux-gnu/perl/5.36.0/PerlIO/via.pm
    - /usr/lib/aarch64-linux-gnu/perl/5.36.0/SDBM_File.pm
    - /usr/lib/aarch64-linux-gnu/perl/5.36.0/Scalar/Util.pm
    - /usr/lib/aarch64-linux-gnu/perl/5.36.0/Socket.pm
    - /usr/lib/aarch64-linux-gnu/perl/5.36.0/Storable.pm
    - /usr/lib/aarch64-linux-gnu/perl/5.36.0/Sub/Util.pm
    - /usr/lib/aarch64-linux-gnu/perl/5.36.0/Sys/Hostname.pm
    - /usr/lib/aarch64-linux-gnu/perl/5.36.0/Sys/Syslog.pm
    - /usr/lib/aarch64-linux-gnu/perl/5.36.0/Time/HiRes.pm
    - /usr/lib/aarch64-linux-gnu/perl/5.36.0/Time/Piece.pm
    - /usr/lib/aarch64-linux-gnu/perl/5.36.0/Time/Seconds.pm
    - /usr/lib/aarch64-linux-gnu/perl/5.36.0/Unicode/Collate.pm
    - /usr/lib/aarch64-linux-gnu/perl/5.36.0/Unicode/Collate/Locale.pm
    - /usr/lib/aarch64-linux-gnu/perl/5.36.0/Unicode/Normalize.pm
    - /usr/lib/aarch64-linux-gnu/perl/5.36.0/_h2ph_pre.ph
    - /usr/lib/aarch64-linux-gnu/perl/5.36.0/asm-generic/bitsperlong.ph
    - /usr/lib/aarch64-linux-gnu/perl/5.36.0/asm-generic/int-ll64.ph
    - /usr/lib/aarch64-linux-gnu/perl/5.36.0/asm-generic/ioctl.ph
    - /usr/lib/aarch64-linux-gnu/perl/5.36.0/asm-generic/ioctls.ph
    - /usr/lib/aarch64-linux-gnu/perl/5.36.0/asm-generic/posix_types.ph
    - /usr/lib/aarch64-linux-gnu/perl/5.36.0/asm-generic/socket.ph
    - /usr/lib/aarch64-linux-gnu/perl/5.36.0/asm-generic/sockios.ph
    - /usr/lib/aarch64-linux-gnu/perl/5.36.0/asm-generic/termbits-common.ph
    - /usr/lib/aarch64-linux-gnu/perl/5.36.0/asm-generic/termbits.ph
    - /usr/lib/aarch64-linux-gnu/perl/5.36.0/asm-generic/termios.ph
    - /usr/lib/aarch64-linux-gnu/perl/5.36.0/asm-generic/types.ph
    - /usr/lib/aarch64-linux-gnu/perl/5.36.0/asm-generic/unistd.ph
    - /usr/lib/aarch64-linux-gnu/perl/5.36.0/asm/bitsperlong.ph
    - /usr/lib/aarch64-linux-gnu/perl/5.36.0/asm/ioctl.ph
    - /usr/lib/aarch64-linux-gnu/perl/5.36.0/asm/ioctls.ph
    - /usr/lib/aarch64-linux-gnu/perl/5.36.0/asm/posix_types.ph
    - /usr/lib/aarch64-linux-gnu/perl/5.36.0/asm/sigcontext.ph
    - /usr/lib/aarch64-linux-gnu/perl/5.36.0/asm/socket.ph
    - /usr/lib/aarch64-linux-gnu/perl/5.36.0/asm/sockios.ph
    - /usr/lib/aarch64-linux-gnu/perl/5.36.0/asm/sve_context.ph
    - /usr/lib/aarch64-linux-gnu/perl/5.36.0/asm/termbits.ph
    - /usr/lib/aarch64-linux-gnu/perl/5.36.0/asm/termios.ph
    - /usr/lib/aarch64-linux-gnu/perl/5.36.0/asm/types.ph
    - /usr/lib/aarch64-linux-gnu/perl/5.36.0/asm/unistd.ph
    - /usr/lib/aarch64-linux-gnu/perl/5.36.0/attributes.pm
    - /usr/lib/aarch64-linux-gnu/perl/5.36.0/auto/B/B.so
    - /usr/lib/aarch64-linux-gnu/perl/5.36.0/auto/Compress/Raw/Bzip2/Bzip2.so
    - /usr/lib/aarch64-linux-gnu/perl/5.36.0/auto/Compress/Raw/Zlib/Zlib.so
    - /usr/lib/aarch64-linux-gnu/perl/5.36.0/auto/Cwd/Cwd.so
    - /usr/lib/aarch64-linux-gnu/perl/5.36.0/auto/DB_File/DB_File.so
    - /usr/lib/aarch64-linux-gnu/perl/5.36.0/auto/Data/Dumper/Dumper.so
    - /usr/lib/aarch64-linux-gnu/perl/5.36.0/auto/Devel/Peek/Peek.so
    - /usr/lib/aarch64-linux-gnu/perl/5.36.0/auto/Digest/MD5/MD5.so
    - /usr/lib/aarch64-linux-gnu/perl/5.36.0/auto/Digest/SHA/SHA.so
    - /usr/lib/aarch64-linux-gnu/perl/5.36.0/auto/Encode/Byte/Byte.so
    - /usr/lib/aarch64-linux-gnu/perl/5.36.0/auto/Encode/CN/CN.so
    - /usr/lib/aarch64-linux-gnu/perl/5.36.0/auto/Encode/EBCDIC/EBCDIC.so
    - /usr/lib/aarch64-linux-gnu/perl/5.36.0/auto/Encode/Encode.so
    - /usr/lib/aarch64-linux-gnu/perl/5.36.0/auto/Encode/JP/JP.so
    - /usr/lib/aarch64-linux-gnu/perl/5.36.0/auto/Encode/KR/KR.so
    - /usr/lib/aarch64-linux-gnu/perl/5.36.0/auto/Encode/Symbol/Symbol.so
    - /usr/lib/aarch64-linux-gnu/perl/5.36.0/auto/Encode/TW/TW.so
    - /usr/lib/aarch64-linux-gnu/perl/5.36.0/auto/Encode/Unicode/Unicode.so
    - /usr/lib/aarch64-linux-gnu/perl/5.36.0/auto/Fcntl/Fcntl.so
    - /usr/lib/aarch64-linux-gnu/perl/5.36.0/auto/File/DosGlob/DosGlob.so
    - /usr/lib/aarch64-linux-gnu/perl/5.36.0/auto/File/Glob/Glob.so
    - /usr/lib/aarch64-linux-gnu/perl/5.36.0/auto/Filter/Util/Call/Call.so
    - /usr/lib/aarch64-linux-gnu/perl/5.36.0/auto/GDBM_File/GDBM_File.so
    - /usr/lib/aarch64-linux-gnu/perl/5.36.0/auto/Hash/Util/FieldHash/FieldHash.so
    - /usr/lib/aarch64-linux-gnu/perl/5.36.0/auto/Hash/Util/Util.so
    - /usr/lib/aarch64-linux-gnu/perl/5.36.0/auto/I18N/Langinfo/Langinfo.so
    - /usr/lib/aarch64-linux-gnu/perl/5.36.0/auto/IO/IO.so
    - /usr/lib/aarch64-linux-gnu/perl/5.36.0/auto/IPC/SysV/SysV.so
    - /usr/lib/aarch64-linux-gnu/perl/5.36.0/auto/List/Util/Util.so
    - /usr/lib/aarch64-linux-gnu/perl/5.36.0/auto/MIME/Base64/Base64.so
    - /usr/lib/aarch64-linux-gnu/perl/5.36.0/auto/Math/BigInt/FastCalc/FastCalc.so
    - /usr/lib/aarch64-linux-gnu/perl/5.36.0/auto/NDBM_File/NDBM_File.so
    - /usr/lib/aarch64-linux-gnu/perl/5.36.0/auto/ODBM_File/ODBM_File.so
    - /usr/lib/aarch64-linux-gnu/perl/5.36.0/auto/Opcode/Opcode.so
    - /usr/lib/aarch64-linux-gnu/perl/5.36.0/auto/POSIX/POSIX.so
    - /usr/lib/aarch64-linux-gnu/perl/5.36.0/auto/PerlIO/encoding/encoding.so
    - /usr/lib/aarch64-linux-gnu/perl/5.36.0/auto/PerlIO/mmap/mmap.so
    - /usr/lib/aarch64-linux-gnu/perl/5.36.0/auto/PerlIO/scalar/scalar.so
    - /usr/lib/aarch64-linux-gnu/perl/5.36.0/auto/PerlIO/via/via.so
    - /usr/lib/aarch64-linux-gnu/perl/5.36.0/auto/SDBM_File/SDBM_File.so
    - /usr/lib/aarch64-linux-gnu/perl/5.36.0/auto/Socket/Socket.so
    - /usr/lib/aarch64-linux-gnu/perl/5.36.0/auto/Storable/Storable.so
    - /usr/lib/aarch64-linux-gnu/perl/5.36.0/auto/Sys/Hostname/Hostname.so
    - /usr/lib/aarch64-linux-gnu/perl/5.36.0/auto/Sys/Syslog/Syslog.so
    - /usr/lib/aarch64-linux-gnu/perl/5.36.0/auto/Time/HiRes/HiRes.so
    - /usr/lib/aarch64-linux-gnu/perl/5.36.0/auto/Time/Piece/Piece.so
    - /usr/lib/aarch64-linux-gnu/perl/5.36.0/auto/Unicode/Collate/Collate.so
    - /usr/lib/aarch64-linux-gnu/perl/5.36.0/auto/Unicode/Normalize/Normalize.so
    - /usr/lib/aarch64-linux-gnu/perl/5.36.0/auto/attributes/attributes.so
    - /usr/lib/aarch64-linux-gnu/perl/5.36.0/auto/mro/mro.so
    - /usr/lib/aarch64-linux-gnu/perl/5.36.0/auto/re/re.so
    - /usr/lib/aarch64-linux-gnu/perl/5.36.0/auto/threads/shared/shared.so
    - /usr/lib/aarch64-linux-gnu/perl/5.36.0/auto/threads/threads.so
    - /usr/lib/aarch64-linux-gnu/perl/5.36.0/bits/atomic_wide_counter.ph
    - /usr/lib/aarch64-linux-gnu/perl/5.36.0/bits/byteswap.ph
    - /usr/lib/aarch64-linux-gnu/perl/5.36.0/bits/confname.ph
    - /usr/lib/aarch64-linux-gnu/perl/5.36.0/bits/endian.ph
    - /usr/lib/aarch64-linux-gnu/perl/5.36.0/bits/endianness.ph
    - /usr/lib/aarch64-linux-gnu/perl/5.36.0/bits/environments.ph
    - /usr/lib/aarch64-linux-gnu/perl/5.36.0/bits/floatn-common.ph
    - /usr/lib/aarch64-linux-gnu/perl/5.36.0/bits/floatn.ph
    - /usr/lib/aarch64-linux-gnu/perl/5.36.0/bits/getopt_core.ph
    - /usr/lib/aarch64-linux-gnu/perl/5.36.0/bits/getopt_posix.ph
    - /usr/lib/aarch64-linux-gnu/perl/5.36.0/bits/ioctl-types.ph
    - /usr/lib/aarch64-linux-gnu/perl/5.36.0/bits/ioctls.ph
    - /usr/lib/aarch64-linux-gnu/perl/5.36.0/bits/long-double.ph
    - /usr/lib/aarch64-linux-gnu/perl/5.36.0/bits/posix_opt.ph
    - /usr/lib/aarch64-linux-gnu/perl/5.36.0/bits/procfs-extra.ph
    - /usr/lib/aarch64-linux-gnu/perl/5.36.0/bits/procfs-id.ph
    - /usr/lib/aarch64-linux-gnu/perl/5.36.0/bits/procfs-prregset.ph
    - /usr/lib/aarch64-linux-gnu/perl/5.36.0/bits/procfs.ph
    - /usr/lib/aarch64-linux-gnu/perl/5.36.0/bits/pthreadtypes-arch.ph
    - /usr/lib/aarch64-linux-gnu/perl/5.36.0/bits/pthreadtypes.ph
    - /usr/lib/aarch64-linux-gnu/perl/5.36.0/bits/select.ph
    - /usr/lib/aarch64-linux-gnu/perl/5.36.0/bits/select2.ph
    - /usr/lib/aarch64-linux-gnu/perl/5.36.0/bits/sigaction.ph
    - /usr/lib/aarch64-linux-gnu/perl/5.36.0/bits/sigcontext.ph
    - /usr/lib/aarch64-linux-gnu/perl/5.36.0/bits/sigevent-consts.ph
    - /usr/lib/aarch64-linux-gnu/perl/5.36.0/bits/siginfo-arch.ph
    - /usr/lib/aarch64-linux-gnu/perl/5.36.0/bits/siginfo-consts-arch.ph
    - /usr/lib/aarch64-linux-gnu/perl/5.36.0/bits/siginfo-consts.ph
    - /usr/lib/aarch64-linux-gnu/perl/5.36.0/bits/signal_ext.ph
    - /usr/lib/aarch64-linux-gnu/perl/5.36.0/bits/signum-arch.ph
    - /usr/lib/aarch64-linux-gnu/perl/5.36.0/bits/signum-generic.ph
    - /usr/lib/aarch64-linux-gnu/perl/5.36.0/bits/sigstack.ph
    - /usr/lib/aarch64-linux-gnu/perl/5.36.0/bits/sigstksz.ph
    - /usr/lib/aarch64-linux-gnu/perl/5.36.0/bits/sigthread.ph
    - /usr/lib/aarch64-linux-gnu/perl/5.36.0/bits/sockaddr.ph
    - /usr/lib/aarch64-linux-gnu/perl/5.36.0/bits/socket-constants.ph
    - /usr/lib/aarch64-linux-gnu/perl/5.36.0/bits/socket.ph
    - /usr/lib/aarch64-linux-gnu/perl/5.36.0/bits/socket2.ph
    - /usr/lib/aarch64-linux-gnu/perl/5.36.0/bits/socket_type.ph
    - /usr/lib/aarch64-linux-gnu/perl/5.36.0/bits/ss_flags.ph
    - /usr/lib/aarch64-linux-gnu/perl/5.36.0/bits/stdint-intn.ph
    - /usr/lib/aarch64-linux-gnu/perl/5.36.0/bits/struct_mutex.ph
    - /usr/lib/aarch64-linux-gnu/perl/5.36.0/bits/struct_rwlock.ph
    - /usr/lib/aarch64-linux-gnu/perl/5.36.0/bits/syscall.ph
    - /usr/lib/aarch64-linux-gnu/perl/5.36.0/bits/syslog-ldbl.ph
    - /usr/lib/aarch64-linux-gnu/perl/5.36.0/bits/syslog-path.ph
    - /usr/lib/aarch64-linux-gnu/perl/5.36.0/bits/syslog.ph
    - /usr/lib/aarch64-linux-gnu/perl/5.36.0/bits/thread-shared-types.ph
    - /usr/lib/aarch64-linux-gnu/perl/5.36.0/bits/time64.ph
    - /usr/lib/aarch64-linux-gnu/perl/5.36.0/bits/timesize.ph
    - /usr/lib/aarch64-linux-gnu/perl/5.36.0/bits/types.ph
    - /usr/lib/aarch64-linux-gnu/perl/5.36.0/bits/types/__sigset_t.ph
    - /usr/lib/aarch64-linux-gnu/perl/5.36.0/bits/types/__sigval_t.ph
    - /usr/lib/aarch64-linux-gnu/perl/5.36.0/bits/types/clock_t.ph
    - /usr/lib/aarch64-linux-gnu/perl/5.36.0/bits/types/clockid_t.ph
    - /usr/lib/aarch64-linux-gnu/perl/5.36.0/bits/types/idtype_t.ph
    - /usr/lib/aarch64-linux-gnu/perl/5.36.0/bits/types/sig_atomic_t.ph
    - /usr/lib/aarch64-linux-gnu/perl/5.36.0/bits/types/sigevent_t.ph
    - /usr/lib/aarch64-linux-gnu/perl/5.36.0/bits/types/siginfo_t.ph
    - /usr/lib/aarch64-linux-gnu/perl/5.36.0/bits/types/sigset_t.ph
    - /usr/lib/aarch64-linux-gnu/perl/5.36.0/bits/types/sigval_t.ph
    - /usr/lib/aarch64-linux-gnu/perl/5.36.0/bits/types/stack_t.ph
    - /usr/lib/aarch64-linux-gnu/perl/5.36.0/bits/types/struct_iovec.ph
    - /usr/lib/aarch64-linux-gnu/perl/5.36.0/bits/types/struct_osockaddr.ph
    - /usr/lib/aarch64-linux-gnu/perl/5.36.0/bits/types/struct_rusage.ph
    - /usr/lib/aarch64-linux-gnu/perl/5.36.0/bits/types/struct_sigstack.ph
    - /usr/lib/aarch64-linux-gnu/perl/5.36.0/bits/types/struct_timespec.ph
    - /usr/lib/aarch64-linux-gnu/perl/5.36.0/bits/types/struct_timeval.ph
    - /usr/lib/aarch64-linux-gnu/perl/5.36.0/bits/types/time_t.ph
    - /usr/lib/aarch64-linux-gnu/perl/5.36.0/bits/types/timer_t.ph
    - /usr/lib/aarch64-linux-gnu/perl/5.36.0/bits/typesizes.ph
    - /usr/lib/aarch64-linux-gnu/perl/5.36.0/bits/uintn-identity.ph
    - /usr/lib/aarch64-linux-gnu/perl/5.36.0/bits/unistd.ph
    - /usr/lib/aarch64-linux-gnu/perl/5.36.0/bits/unistd_ext.ph
    - /usr/lib/aarch64-linux-gnu/perl/5.36.0/bits/waitflags.ph
    - /usr/lib/aarch64-linux-gnu/perl/5.36.0/bits/waitstatus.ph
    - /usr/lib/aarch64-linux-gnu/perl/5.36.0/bits/wordsize.ph
    - /usr/lib/aarch64-linux-gnu/perl/5.36.0/encoding.pm
    - /usr/lib/aarch64-linux-gnu/perl/5.36.0/endian.ph
    - /usr/lib/aarch64-linux-gnu/perl/5.36.0/errno.ph
    - /usr/lib/aarch64-linux-gnu/perl/5.36.0/features-time64.ph
    - /usr/lib/aarch64-linux-gnu/perl/5.36.0/features.ph
    - /usr/lib/aarch64-linux-gnu/perl/5.36.0/gnu/stubs-lp64.ph
    - /usr/lib/aarch64-linux-gnu/perl/5.36.0/gnu/stubs.ph
    - /usr/lib/aarch64-linux-gnu/perl/5.36.0/lib.pm
    - /usr/lib/aarch64-linux-gnu/perl/5.36.0/linux/ioctl.ph
    - /usr/lib/aarch64-linux-gnu/perl/5.36.0/linux/posix_types.ph
    - /usr/lib/aarch64-linux-gnu/perl/5.36.0/linux/stddef.ph
    - /usr/lib/aarch64-linux-gnu/perl/5.36.0/linux/types.ph
    - /usr/lib/aarch64-linux-gnu/perl/5.36.0/mro.pm
    - /usr/lib/aarch64-linux-gnu/perl/5.36.0/ops.pm
    - /usr/lib/aarch64-linux-gnu/perl/5.36.0/re.pm
    - /usr/lib/aarch64-linux-gnu/perl/5.36.0/signal.ph
    - /usr/lib/aarch64-linux-gnu/perl/5.36.0/stdarg.ph
    - /usr/lib/aarch64-linux-gnu/perl/5.36.0/stdc-predef.ph
    - /usr/lib/aarch64-linux-gnu/perl/5.36.0/stddef.ph
    - /usr/lib/aarch64-linux-gnu/perl/5.36.0/sys/cdefs.ph
    - /usr/lib/aarch64-linux-gnu/perl/5.36.0/sys/ioctl.ph
    - /usr/lib/aarch64-linux-gnu/perl/5.36.0/sys/procfs.ph
    - /usr/lib/aarch64-linux-gnu/perl/5.36.0/sys/select.ph
    - /usr/lib/aarch64-linux-gnu/perl/5.36.0/sys/socket.ph
    - /usr/lib/aarch64-linux-gnu/perl/5.36.0/sys/syscall.ph
    - /usr/lib/aarch64-linux-gnu/perl/5.36.0/sys/syslog.ph
    - /usr/lib/aarch64-linux-gnu/perl/5.36.0/sys/time.ph
    - /usr/lib/aarch64-linux-gnu/perl/5.36.0/sys/ttydefaults.ph
    - /usr/lib/aarch64-linux-gnu/perl/5.36.0/sys/types.ph
    - /usr/lib/aarch64-linux-gnu/perl/5.36.0/sys/ucontext.ph
    - /usr/lib/aarch64-linux-gnu/perl/5.36.0/sys/user.ph
    - /usr/lib/aarch64-linux-gnu/perl/5.36.0/sys/wait.ph
    - /usr/lib/aarch64-linux-gnu/perl/5.36.0/syscall.ph
    - /usr/lib/aarch64-linux-gnu/perl/5.36.0/sysexits.ph
    - /usr/lib/aarch64-linux-gnu/perl/5.36.0/syslimits.ph
    - /usr/lib/aarch64-linux-gnu/perl/5.36.0/syslog.ph
    - /usr/lib/aarch64-linux-gnu/perl/5.36.0/threads.pm
    - /usr/lib/aarch64-linux-gnu/perl/5.36.0/threads/shared.pm
    - /usr/lib/aarch64-linux-gnu/perl/5.36.0/unistd.ph
    - /usr/lib/aarch64-linux-gnu/perl/5.36.0/wait.ph
    - /usr/lib/aarch64-linux-gnu/perl/debian-config-data-5.36.0/README
    - /usr/lib/aarch64-linux-gnu/perl/debian-config-data-5.36.0/config.sh.debug.gz
    - /usr/lib/aarch64-linux-gnu/perl/debian-config-data-5.36.0/config.sh.shared.gz
    - /usr/lib/aarch64-linux-gnu/perl/debian-config-data-5.36.0/config.sh.static.gz
    - /usr/lib/aarch64-linux-gnu/pkgconfig/libnsl.pc
    - /usr/lib/aarch64-linux-gnu/pkgconfig/libtirpc.pc
    - /usr/lib/aarch64-linux-gnu/pkgconfig/libxcrypt.pc
    - /usr/lib/aarch64-linux-gnu/sasl2/libsasldb.so.2.0.25
    - /usr/lib/aarch64-linux-gnu/security/pam_access.so
    - /usr/lib/aarch64-linux-gnu/security/pam_debug.so
    - /usr/lib/aarch64-linux-gnu/security/pam_deny.so
    - /usr/lib/aarch64-linux-gnu/security/pam_echo.so
    - /usr/lib/aarch64-linux-gnu/security/pam_env.so
    - /usr/lib/aarch64-linux-gnu/security/pam_exec.so
    - /usr/lib/aarch64-linux-gnu/security/pam_faildelay.so
    - /usr/lib/aarch64-linux-gnu/security/pam_faillock.so
    - /usr/lib/aarch64-linux-gnu/security/pam_filter.so
    - /usr/lib/aarch64-linux-gnu/security/pam_ftp.so
    - /usr/lib/aarch64-linux-gnu/security/pam_group.so
    - /usr/lib/aarch64-linux-gnu/security/pam_issue.so
    - /usr/lib/aarch64-linux-gnu/security/pam_keyinit.so
    - /usr/lib/aarch64-linux-gnu/security/pam_lastlog.so
    - /usr/lib/aarch64-linux-gnu/security/pam_limits.so
    - /usr/lib/aarch64-linux-gnu/security/pam_listfile.so
    - /usr/lib/aarch64-linux-gnu/security/pam_localuser.so
    - /usr/lib/aarch64-linux-gnu/security/pam_loginuid.so
    - /usr/lib/aarch64-linux-gnu/security/pam_mail.so
    - /usr/lib/aarch64-linux-gnu/security/pam_mkhomedir.so
    - /usr/lib/aarch64-linux-gnu/security/pam_motd.so
    - /usr/lib/aarch64-linux-gnu/security/pam_namespace.so
    - /usr/lib/aarch64-linux-gnu/security/pam_nologin.so
    - /usr/lib/aarch64-linux-gnu/security/pam_permit.so
    - /usr/lib/aarch64-linux-gnu/security/pam_pwhistory.so
    - /usr/lib/aarch64-linux-gnu/security/pam_rhosts.so
    - /usr/lib/aarch64-linux-gnu/security/pam_rootok.so
    - /usr/lib/aarch64-linux-gnu/security/pam_securetty.so
    - /usr/lib/aarch64-linux-gnu/security/pam_selinux.so
    - /usr/lib/aarch64-linux-gnu/security/pam_sepermit.so
    - /usr/lib/aarch64-linux-gnu/security/pam_setquota.so
    - /usr/lib/aarch64-linux-gnu/security/pam_shells.so
    - /usr/lib/aarch64-linux-gnu/security/pam_stress.so
    - /usr/lib/aarch64-linux-gnu/security/pam_succeed_if.so
    - /usr/lib/aarch64-linux-gnu/security/pam_time.so
    - /usr/lib/aarch64-linux-gnu/security/pam_timestamp.so
    - /usr/lib/aarch64-linux-gnu/security/pam_tty_audit.so
    - /usr/lib/aarch64-linux-gnu/security/pam_umask.so
    - /usr/lib/aarch64-linux-gnu/security/pam_unix.so
    - /usr/lib/aarch64-linux-gnu/security/pam_userdb.so
    - /usr/lib/aarch64-linux-gnu/security/pam_usertype.so
    - /usr/lib/aarch64-linux-gnu/security/pam_warn.so
    - /usr/lib/aarch64-linux-gnu/security/pam_wheel.so
    - /usr/lib/aarch64-linux-gnu/security/pam_xauth.so
    - /usr/lib/apt/apt-helper
    - /usr/lib/apt/apt.systemd.daily
    - /usr/lib/apt/methods/cdrom
    - /usr/lib/apt/methods/copy
    - /usr/lib/apt/methods/file
    - /usr/lib/apt/methods/ftp
    - /usr/lib/apt/methods/gpgv
    - /usr/lib/apt/methods/http
    - /usr/lib/apt/methods/mirror
    - /usr/lib/apt/methods/rred
    - /usr/lib/apt/methods/rsh
    - /usr/lib/apt/methods/store
    - /usr/lib/apt/solvers/dump
    - /usr/lib/dpkg/methods/apt/desc.apt
    - /usr/lib/dpkg/methods/apt/install
    - /usr/lib/dpkg/methods/apt/names
    - /usr/lib/dpkg/methods/apt/setup
    - /usr/lib/dpkg/methods/apt/update
    - /usr/lib/engines-3/afalg.so
    - /usr/lib/engines-3/capi.so
    - /usr/lib/engines-3/loader_attic.so
    - /usr/lib/engines-3/padlock.so
    - /usr/lib/file/magic.mgc
    - /usr/lib/gcc/aarch64-linux-gnu/12/cc1
    - /usr/lib/gcc/aarch64-linux-gnu/12/crtbegin.o
    - /usr/lib/gcc/aarch64-linux-gnu/12/crtbeginS.o
    - /usr/lib/gcc/aarch64-linux-gnu/12/crtbeginT.o
    - /usr/lib/gcc/aarch64-linux-gnu/12/crtend.o
    - /usr/lib/gcc/aarch64-linux-gnu/12/crtendS.o
    - /usr/lib/gcc/aarch64-linux-gnu/12/crtfastmath.o
    - /usr/lib/gcc/aarch64-linux-gnu/12/include/acc_prof.h
    - /usr/lib/gcc/aarch64-linux-gnu/12/include/arm_acle.h
    - /usr/lib/gcc/aarch64-linux-gnu/12/include/arm_bf16.h
    - /usr/lib/gcc/aarch64-linux-gnu/12/include/arm_fp16.h
    - /usr/lib/gcc/aarch64-linux-gnu/12/include/arm_neon.h
    - /usr/lib/gcc/aarch64-linux-gnu/12/include/arm_sve.h
    - /usr/lib/gcc/aarch64-linux-gnu/12/include/backtrace-supported.h
    - /usr/lib/gcc/aarch64-linux-gnu/12/include/backtrace.h
    - /usr/lib/gcc/aarch64-linux-gnu/12/include/float.h
    - /usr/lib/gcc/aarch64-linux-gnu/12/include/gcov.h
    - /usr/lib/gcc/aarch64-linux-gnu/12/include/iso646.h
    - /usr/lib/gcc/aarch64-linux-gnu/12/include/limits.h
    - /usr/lib/gcc/aarch64-linux-gnu/12/include/omp.h
    - /usr/lib/gcc/aarch64-linux-gnu/12/include/openacc.h
    - /usr/lib/gcc/aarch64-linux-gnu/12/include/sanitizer/asan_interface.h
    - /usr/lib/gcc/aarch64-linux-gnu/12/include/sanitizer/common_interface_defs.h
    - /usr/lib/gcc/aarch64-linux-gnu/12/include/sanitizer/hwasan_interface.h
    - /usr/lib/gcc/aarch64-linux-gnu/12/include/sanitizer/lsan_interface.h
    - /usr/lib/gcc/aarch64-linux-gnu/12/include/sanitizer/tsan_interface.h
    - /usr/lib/gcc/aarch64-linux-gnu/12/include/stdalign.h
    - /usr/lib/gcc/aarch64-linux-gnu/12/include/stdarg.h
    - /usr/lib/gcc/aarch64-linux-gnu/12/include/stdatomic.h
    - /usr/lib/gcc/aarch64-linux-gnu/12/include/stdbool.h
    - /usr/lib/gcc/aarch64-linux-gnu/12/include/stddef.h
    - /usr/lib/gcc/aarch64-linux-gnu/12/include/stdfix.h
    - /usr/lib/gcc/aarch64-linux-gnu/12/include/stdint-gcc.h
    - /usr/lib/gcc/aarch64-linux-gnu/12/include/stdint.h
    - /usr/lib/gcc/aarch64-linux-gnu/12/include/stdnoreturn.h
    - /usr/lib/gcc/aarch64-linux-gnu/12/include/syslimits.h
    - /usr/lib/gcc/aarch64-linux-gnu/12/include/unwind.h
    - /usr/lib/gcc/aarch64-linux-gnu/12/include/varargs.h
    - /usr/lib/gcc/aarch64-linux-gnu/12/libasan_preinit.o
    - /usr/lib/gcc/aarch64-linux-gnu/12/libgcc_s.so
    - /usr/lib/gcc/aarch64-linux-gnu/12/liblsan_preinit.o
    - /usr/lib/gcc/aarch64-linux-gnu/12/libtsan_preinit.o
    - /usr/lib/gcc/x86_64-linux-gnu/12/cc1
    - /usr/lib/gcc/x86_64-linux-gnu/12/crtbegin.o
    - /usr/lib/gcc/x86_64-linux-gnu/12/crtbeginS.o
    - /usr/lib/gcc/x86_64-linux-gnu/12/crtbeginT.o
    - /usr/lib/gcc/x86_64-linux-gnu/12/crtend.o
    - /usr/lib/gcc/x86_64-linux-gnu/12/crtendS.o
    - /usr/lib/gcc/x86_64-linux-gnu/12/crtfastmath.o
    - /usr/lib/gcc/x86_64-linux-gnu/12/crtoffloadbegin.o
    - /usr/lib/gcc/x86_64-linux-gnu/12/crtoffloadend.o
    - /usr/lib/gcc/x86_64-linux-gnu/12/crtoffloadtable.o
    - /usr/lib/gcc/x86_64-linux-gnu/12/crtprec32.o
    - /usr/lib/gcc/x86_64-linux-gnu/12/crtprec64.o
    - /usr/lib/gcc/x86_64-linux-gnu/12/crtprec80.o
    - /usr/lib/gcc/x86_64-linux-gnu/12/include/acc_prof.h
    - /usr/lib/gcc/x86_64-linux-gnu/12/include/adxintrin.h
    - /usr/lib/gcc/x86_64-linux-gnu/12/include/ammintrin.h
    - /usr/lib/gcc/x86_64-linux-gnu/12/include/amxbf16intrin.h
    - /usr/lib/gcc/x86_64-linux-gnu/12/include/amxint8intrin.h
    - /usr/lib/gcc/x86_64-linux-gnu/12/include/amxtileintrin.h
    - /usr/lib/gcc/x86_64-linux-gnu/12/include/avx2intrin.h
    - /usr/lib/gcc/x86_64-linux-gnu/12/include/avx5124fmapsintrin.h
    - /usr/lib/gcc/x86_64-linux-gnu/12/include/avx5124vnniwintrin.h
    - /usr/lib/gcc/x86_64-linux-gnu/12/include/avx512bf16intrin.h
    - /usr/lib/gcc/x86_64-linux-gnu/12/include/avx512bf16vlintrin.h
    - /usr/lib/gcc/x86_64-linux-gnu/12/include/avx512bitalgintrin.h
    - /usr/lib/gcc/x86_64-linux-gnu/12/include/avx512bwintrin.h
    - /usr/lib/gcc/x86_64-linux-gnu/12/include/avx512cdintrin.h
    - /usr/lib/gcc/x86_64-linux-gnu/12/include/avx512dqintrin.h
    - /usr/lib/gcc/x86_64-linux-gnu/12/include/avx512erintrin.h
    - /usr/lib/gcc/x86_64-linux-gnu/12/include/avx512fintrin.h
    - /usr/lib/gcc/x86_64-linux-gnu/12/include/avx512fp16intrin.h
    - /usr/lib/gcc/x86_64-linux-gnu/12/include/avx512fp16vlintrin.h
    - /usr/lib/gcc/x86_64-linux-gnu/12/include/avx512ifmaintrin.h
    - /usr/lib/gcc/x86_64-linux-gnu/12/include/avx512ifmavlintrin.h
    - /usr/lib/gcc/x86_64-linux-gnu/12/include/avx512pfintrin.h
    - /usr/lib/gcc/x86_64-linux-gnu/12/include/avx512vbmi2intrin.h
    - /usr/lib/gcc/x86_64-linux-gnu/12/include/avx512vbmi2vlintrin.h
    - /usr/lib/gcc/x86_64-linux-gnu/12/include/avx512vbmiintrin.h
    - /usr/lib/gcc/x86_64-linux-gnu/12/include/avx512vbmivlintrin.h
    - /usr/lib/gcc/x86_64-linux-gnu/12/include/avx512vlbwintrin.h
    - /usr/lib/gcc/x86_64-linux-gnu/12/include/avx512vldqintrin.h
    - /usr/lib/gcc/x86_64-linux-gnu/12/include/avx512vlintrin.h
    - /usr/lib/gcc/x86_64-linux-gnu/12/include/avx512vnniintrin.h
    - /usr/lib/gcc/x86_64-linux-gnu/12/include/avx512vnnivlintrin.h
    - /usr/lib/gcc/x86_64-linux-gnu/12/include/avx512vp2intersectintrin.h
    - /usr/lib/gcc/x86_64-linux-gnu/12/include/avx512vp2intersectvlintrin.h
    - /usr/lib/gcc/x86_64-linux-gnu/12/include/avx512vpopcntdqintrin.h
    - /usr/lib/gcc/x86_64-linux-gnu/12/include/avx512vpopcntdqvlintrin.h
    - /usr/lib/gcc/x86_64-linux-gnu/12/include/avxintrin.h
    - /usr/lib/gcc/x86_64-linux-gnu/12/include/avxvnniintrin.h
    - /usr/lib/gcc/x86_64-linux-gnu/12/include/backtrace-supported.h
    - /usr/lib/gcc/x86_64-linux-gnu/12/include/backtrace.h
    - /usr/lib/gcc/x86_64-linux-gnu/12/include/bmi2intrin.h
    - /usr/lib/gcc/x86_64-linux-gnu/12/include/bmiintrin.h
    - /usr/lib/gcc/x86_64-linux-gnu/12/include/bmmintrin.h
    - /usr/lib/gcc/x86_64-linux-gnu/12/include/cet.h
    - /usr/lib/gcc/x86_64-linux-gnu/12/include/cetintrin.h
    - /usr/lib/gcc/x86_64-linux-gnu/12/include/cldemoteintrin.h
    - /usr/lib/gcc/x86_64-linux-gnu/12/include/clflushoptintrin.h
    - /usr/lib/gcc/x86_64-linux-gnu/12/include/clwbintrin.h
    - /usr/lib/gcc/x86_64-linux-gnu/12/include/clzerointrin.h
    - /usr/lib/gcc/x86_64-linux-gnu/12/include/cpuid.h
    - /usr/lib/gcc/x86_64-linux-gnu/12/include/cross-stdarg.h
    - /usr/lib/gcc/x86_64-linux-gnu/12/include/emmintrin.h
    - /usr/lib/gcc/x86_64-linux-gnu/12/include/enqcmdintrin.h
    - /usr/lib/gcc/x86_64-linux-gnu/12/include/f16cintrin.h
    - /usr/lib/gcc/x86_64-linux-gnu/12/include/float.h
    - /usr/lib/gcc/x86_64-linux-gnu/12/include/fma4intrin.h
    - /usr/lib/gcc/x86_64-linux-gnu/12/include/fmaintrin.h
    - /usr/lib/gcc/x86_64-linux-gnu/12/include/fxsrintrin.h
    - /usr/lib/gcc/x86_64-linux-gnu/12/include/gcov.h
    - /usr/lib/gcc/x86_64-linux-gnu/12/include/gfniintrin.h
    - /usr/lib/gcc/x86_64-linux-gnu/12/include/hresetintrin.h
    - /usr/lib/gcc/x86_64-linux-gnu/12/include/ia32intrin.h
    - /usr/lib/gcc/x86_64-linux-gnu/12/include/immintrin.h
    - /usr/lib/gcc/x86_64-linux-gnu/12/include/iso646.h
    - /usr/lib/gcc/x86_64-linux-gnu/12/include/keylockerintrin.h
    - /usr/lib/gcc/x86_64-linux-gnu/12/include/limits.h
    - /usr/lib/gcc/x86_64-linux-gnu/12/include/lwpintrin.h
    - /usr/lib/gcc/x86_64-linux-gnu/12/include/lzcntintrin.h
    - /usr/lib/gcc/x86_64-linux-gnu/12/include/mm3dnow.h
    - /usr/lib/gcc/x86_64-linux-gnu/12/include/mm_malloc.h
    - /usr/lib/gcc/x86_64-linux-gnu/12/include/mmintrin.h
    - /usr/lib/gcc/x86_64-linux-gnu/12/include/movdirintrin.h
    - /usr/lib/gcc/x86_64-linux-gnu/12/include/mwaitintrin.h
    - /usr/lib/gcc/x86_64-linux-gnu/12/include/mwaitxintrin.h
    - /usr/lib/gcc/x86_64-linux-gnu/12/include/nmmintrin.h
    - /usr/lib/gcc/x86_64-linux-gnu/12/include/omp.h
    - /usr/lib/gcc/x86_64-linux-gnu/12/include/openacc.h
    - /usr/lib/gcc/x86_64-linux-gnu/12/include/pconfigintrin.h
    - /usr/lib/gcc/x86_64-linux-gnu/12/include/pkuintrin.h
    - /usr/lib/gcc/x86_64-linux-gnu/12/include/pmmintrin.h
    - /usr/lib/gcc/x86_64-linux-gnu/12/include/popcntintrin.h
    - /usr/lib/gcc/x86_64-linux-gnu/12/include/prfchwintrin.h
    - /usr/lib/gcc/x86_64-linux-gnu/12/include/quadmath.h
    - /usr/lib/gcc/x86_64-linux-gnu/12/include/quadmath_weak.h
    - /usr/lib/gcc/x86_64-linux-gnu/12/include/rdseedintrin.h
    - /usr/lib/gcc/x86_64-linux-gnu/12/include/rtmintrin.h
    - /usr/lib/gcc/x86_64-linux-gnu/12/include/sanitizer/asan_interface.h
    - /usr/lib/gcc/x86_64-linux-gnu/12/include/sanitizer/common_interface_defs.h
    - /usr/lib/gcc/x86_64-linux-gnu/12/include/sanitizer/hwasan_interface.h
    - /usr/lib/gcc/x86_64-linux-gnu/12/include/sanitizer/lsan_interface.h
    - /usr/lib/gcc/x86_64-linux-gnu/12/include/sanitizer/tsan_interface.h
    - /usr/lib/gcc/x86_64-linux-gnu/12/include/serializeintrin.h
    - /usr/lib/gcc/x86_64-linux-gnu/12/include/sgxintrin.h
    - /usr/lib/gcc/x86_64-linux-gnu/12/include/shaintrin.h
    - /usr/lib/gcc/x86_64-linux-gnu/12/include/smmintrin.h
    - /usr/lib/gcc/x86_64-linux-gnu/12/include/stdalign.h
    - /usr/lib/gcc/x86_64-linux-gnu/12/include/stdarg.h
    - /usr/lib/gcc/x86_64-linux-gnu/12/include/stdatomic.h
    - /usr/lib/gcc/x86_64-linux-gnu/12/include/stdbool.h
    - /usr/lib/gcc/x86_64-linux-gnu/12/include/stddef.h
    - /usr/lib/gcc/x86_64-linux-gnu/12/include/stdfix.h
    - /usr/lib/gcc/x86_64-linux-gnu/12/include/stdint-gcc.h
    - /usr/lib/gcc/x86_64-linux-gnu/12/include/stdint.h
    - /usr/lib/gcc/x86_64-linux-gnu/12/include/stdnoreturn.h
    - /usr/lib/gcc/x86_64-linux-gnu/12/include/syslimits.h
    - /usr/lib/gcc/x86_64-linux-gnu/12/include/tbmintrin.h
    - /usr/lib/gcc/x86_64-linux-gnu/12/include/tmmintrin.h
    - /usr/lib/gcc/x86_64-linux-gnu/12/include/tsxldtrkintrin.h
    - /usr/lib/gcc/x86_64-linux-gnu/12/include/uintrintrin.h
    - /usr/lib/gcc/x86_64-linux-gnu/12/include/unwind.h
    - /usr/lib/gcc/x86_64-linux-gnu/12/include/vaesintrin.h
    - /usr/lib/gcc/x86_64-linux-gnu/12/include/varargs.h
    - /usr/lib/gcc/x86_64-linux-gnu/12/include/vpclmulqdqintrin.h
    - /usr/lib/gcc/x86_64-linux-gnu/12/include/waitpkgintrin.h
    - /usr/lib/gcc/x86_64-linux-gnu/12/include/wbnoinvdintrin.h
    - /usr/lib/gcc/x86_64-linux-gnu/12/include/wmmintrin.h
    - /usr/lib/gcc/x86_64-linux-gnu/12/include/x86gprintrin.h
    - /usr/lib/gcc/x86_64-linux-gnu/12/include/x86intrin.h
    - /usr/lib/gcc/x86_64-linux-gnu/12/include/xmmintrin.h
    - /usr/lib/gcc/x86_64-linux-gnu/12/include/xopintrin.h
    - /usr/lib/gcc/x86_64-linux-gnu/12/include/xsavecintrin.h
    - /usr/lib/gcc/x86_64-linux-gnu/12/include/xsaveintrin.h
    - /usr/lib/gcc/x86_64-linux-gnu/12/include/xsaveoptintrin.h
    - /usr/lib/gcc/x86_64-linux-gnu/12/include/xsavesintrin.h
    - /usr/lib/gcc/x86_64-linux-gnu/12/include/xtestintrin.h
    - /usr/lib/gcc/x86_64-linux-gnu/12/libasan_preinit.o
    - /usr/lib/gcc/x86_64-linux-gnu/12/libgcc_s.so
    - /usr/lib/gcc/x86_64-linux-gnu/12/liblsan_preinit.o
    - /usr/lib/gcc/x86_64-linux-gnu/12/libtsan_preinit.o
    - /usr/lib/init/init-d-script
    - /usr/lib/init/vars.sh
    - /usr/lib/libapk.so.3.0.0
    - /usr/lib/libbrotlicommon.so.1.2.0
    - /usr/lib/libbrotlidec.so.1.2.0
    - /usr/lib/libbrotlienc.so.1.2.0
    - /usr/lib/libcap.so.2.78
    - /usr/lib/libcares.so.2.19.5
    - /usr/lib/libcrypto.so.3
    - /usr/lib/libcurl.so.4.8.0
    - /usr/lib/libidn2.so.0.4.0
    - /usr/lib/libnghttp2.so.14.29.4
    - /usr/lib/libpsl.so.5.3.5
    - /usr/lib/libpsx.so.2.78
    - /usr/lib/libssl.so.3
    - /usr/lib/libunistring.so.5.2.1
    - /usr/lib/libz.so.1.3.2
    - /usr/lib/libzstd.so.1.5.7
    - /usr/lib/locale/C.utf8/LC_ADDRESS
    - /usr/lib/locale/C.utf8/LC_COLLATE
    - /usr/lib/locale/C.utf8/LC_CTYPE
    - /usr/lib/locale/C.utf8/LC_IDENTIFICATION
    - /usr/lib/locale/C.utf8/LC_MEASUREMENT
    - /usr/lib/locale/C.utf8/LC_MESSAGES/SYS_LC_MESSAGES
    - /usr/lib/locale/C.utf8/LC_MONETARY
    - /usr/lib/locale/C.utf8/LC_NAME
    - /usr/lib/locale/C.utf8/LC_NUMERIC
    - /usr/lib/locale/C.utf8/LC_PAPER
    - /usr/lib/locale/C.utf8/LC_TELEPHONE
    - /usr/lib/locale/C.utf8/LC_TIME
    - /usr/lib/lsb/init-functions
    - /usr/lib/lsb/init-functions.d/00-verbose
    - /usr/lib/mime/debian-view
    - /usr/lib/mime/mailcap
    - /usr/lib/mime/packages/mailcap
    - /usr/lib/mime/packages/tar
    - /usr/lib/mime/packages/util-linux
    - /usr/lib/os-release
    - /usr/lib/ossl-modules/legacy.so
    - /usr/lib/ssl/misc/CA.pl
    - /usr/lib/ssl/misc/tsget.pl
    - /usr/lib/sysctl.d/00-alpine.conf
    - /usr/lib/systemd/system/apt-daily-upgrade.service
    - /usr/lib/systemd/system/apt-daily-upgrade.timer
    - /usr/lib/systemd/system/apt-daily.service
    - /usr/lib/systemd/system/apt-daily.timer
    - /usr/lib/systemd/system/dpkg-db-backup.service
    - /usr/lib/systemd/system/dpkg-db-backup.timer
    - /usr/lib/systemd/system/e2scrub@.service
    - /usr/lib/systemd/system/e2scrub_all.service
    - /usr/lib/systemd/system/e2scrub_all.timer
    - /usr/lib/systemd/system/e2scrub_fail@.service
    - /usr/lib/systemd/system/e2scrub_reap.service
    - /usr/lib/systemd/system/fstrim.service
    - /usr/lib/systemd/system/fstrim.timer
    - /usr/lib/systemd/system/nginx-debug.service
    - /usr/lib/systemd/system/nginx.service
    - /usr/lib/systemd/system/pam_namespace.service
    - /usr/lib/terminfo/E/Eterm
    - /usr/lib/terminfo/a/ansi
    - /usr/lib/terminfo/c/cons25
    - /usr/lib/terminfo/c/cons25-debian
    - /usr/lib/terminfo/c/cygwin
    - /usr/lib/terminfo/d/dumb
    - /usr/lib/terminfo/h/hurd
    - /usr/lib/terminfo/l/linux
    - /usr/lib/terminfo/m/mach
    - /usr/lib/terminfo/m/mach-bold
    - /usr/lib/terminfo/m/mach-color
    - /usr/lib/terminfo/m/mach-gnu
    - /usr/lib/terminfo/m/mach-gnu-color
    - /usr/lib/terminfo/p/pcansi
    - /usr/lib/terminfo/r/rxvt
    - /usr/lib/terminfo/r/rxvt-basic
    - /usr/lib/terminfo/r/rxvt-unicode
    - /usr/lib/terminfo/r/rxvt-unicode-256color
    - /usr/lib/terminfo/s/screen
    - /usr/lib/terminfo/s/screen-256color
    - /usr/lib/terminfo/s/screen-256color-bce
    - /usr/lib/terminfo/s/screen-bce
    - /usr/lib/terminfo/s/screen-s
    - /usr/lib/terminfo/s/screen-w
    - /usr/lib/terminfo/s/screen.xterm-256color
    - /usr/lib/terminfo/s/sun
    - /usr/lib/terminfo/t/tmux
    - /usr/lib/terminfo/t/tmux-256color
    - /usr/lib/terminfo/v/vt100
    - /usr/lib/terminfo/v/vt102
    - /usr/lib/terminfo/v/vt220
    - /usr/lib/terminfo/v/vt52
    - /usr/lib/terminfo/w/wsvt25
    - /usr/lib/terminfo/w/wsvt25m
    - /usr/lib/terminfo/x/xterm
    - /usr/lib/terminfo/x/xterm-256color
    - /usr/lib/terminfo/x/xterm-color
    - /usr/lib/terminfo/x/xterm-mono
    - /usr/lib/terminfo/x/xterm-r5
    - /usr/lib/terminfo/x/xterm-r6
    - /usr/lib/terminfo/x/xterm-vt220
    - /usr/lib/terminfo/x/xterm-xfree86
    - /usr/lib/tmpfiles.d/passwd.conf
    - /usr/lib/udev/hwclock-set
    - /usr/lib/udev/rules.d/85-hwclock.rules
    - /usr/lib/udev/rules.d/96-e2scrub.rules
    - /usr/lib/x86_64-linux-gnu/bfd-plugins/libdep.so
    - /usr/lib/x86_64-linux-gnu/e2fsprogs/e2scrub_all_cron
    - /usr/lib/x86_64-linux-gnu/e2fsprogs/e2scrub_fail
    - /usr/lib/x86_64-linux-gnu/engines-3/afalg.so
    - /usr/lib/x86_64-linux-gnu/engines-3/loader_attic.so
    - /usr/lib/x86_64-linux-gnu/engines-3/padlock.so
    - /usr/lib/x86_64-linux-gnu/gconv/ANSI_X3.110.so
    - /usr/lib/x86_64-linux-gnu/gconv/ARMSCII-8.so
    - /usr/lib/x86_64-linux-gnu/gconv/ASMO_449.so
    - /usr/lib/x86_64-linux-gnu/gconv/BIG5.so
    - /usr/lib/x86_64-linux-gnu/gconv/BIG5HKSCS.so
    - /usr/lib/x86_64-linux-gnu/gconv/BRF.so
    - /usr/lib/x86_64-linux-gnu/gconv/CP10007.so
    - /usr/lib/x86_64-linux-gnu/gconv/CP1125.so
    - /usr/lib/x86_64-linux-gnu/gconv/CP1250.so
    - /usr/lib/x86_64-linux-gnu/gconv/CP1251.so
    - /usr/lib/x86_64-linux-gnu/gconv/CP1252.so
    - /usr/lib/x86_64-linux-gnu/gconv/CP1253.so
    - /usr/lib/x86_64-linux-gnu/gconv/CP1254.so
    - /usr/lib/x86_64-linux-gnu/gconv/CP1255.so
    - /usr/lib/x86_64-linux-gnu/gconv/CP1256.so
    - /usr/lib/x86_64-linux-gnu/gconv/CP1257.so
    - /usr/lib/x86_64-linux-gnu/gconv/CP1258.so
    - /usr/lib/x86_64-linux-gnu/gconv/CP737.so
    - /usr/lib/x86_64-linux-gnu/gconv/CP770.so
    - /usr/lib/x86_64-linux-gnu/gconv/CP771.so
    - /usr/lib/x86_64-linux-gnu/gconv/CP772.so
    - /usr/lib/x86_64-linux-gnu/gconv/CP773.so
    - /usr/lib/x86_64-linux-gnu/gconv/CP774.so
    - /usr/lib/x86_64-linux-gnu/gconv/CP775.so
    - /usr/lib/x86_64-linux-gnu/gconv/CP932.so
    - /usr/lib/x86_64-linux-gnu/gconv/CSN_369103.so
    - /usr/lib/x86_64-linux-gnu/gconv/CWI.so
    - /usr/lib/x86_64-linux-gnu/gconv/DEC-MCS.so
    - /usr/lib/x86_64-linux-gnu/gconv/EBCDIC-AT-DE-A.so
    - /usr/lib/x86_64-linux-gnu/gconv/EBCDIC-AT-DE.so
    - /usr/lib/x86_64-linux-gnu/gconv/EBCDIC-CA-FR.so
    - /usr/lib/x86_64-linux-gnu/gconv/EBCDIC-DK-NO-A.so
    - /usr/lib/x86_64-linux-gnu/gconv/EBCDIC-DK-NO.so
    - /usr/lib/x86_64-linux-gnu/gconv/EBCDIC-ES-A.so
    - /usr/lib/x86_64-linux-gnu/gconv/EBCDIC-ES-S.so
    - /usr/lib/x86_64-linux-gnu/gconv/EBCDIC-ES.so
    - /usr/lib/x86_64-linux-gnu/gconv/EBCDIC-FI-SE-A.so
    - /usr/lib/x86_64-linux-gnu/gconv/EBCDIC-FI-SE.so
    - /usr/lib/x86_64-linux-gnu/gconv/EBCDIC-FR.so
    - /usr/lib/x86_64-linux-gnu/gconv/EBCDIC-IS-FRISS.so
    - /usr/lib/x86_64-linux-gnu/gconv/EBCDIC-IT.so
    - /usr/lib/x86_64-linux-gnu/gconv/EBCDIC-PT.so
    - /usr/lib/x86_64-linux-gnu/gconv/EBCDIC-UK.so
    - /usr/lib/x86_64-linux-gnu/gconv/EBCDIC-US.so
    - /usr/lib/x86_64-linux-gnu/gconv/ECMA-CYRILLIC.so
    - /usr/lib/x86_64-linux-gnu/gconv/EUC-CN.so
    - /usr/lib/x86_64-linux-gnu/gconv/EUC-JISX0213.so
    - /usr/lib/x86_64-linux-gnu/gconv/EUC-JP-MS.so
    - /usr/lib/x86_64-linux-gnu/gconv/EUC-JP.so
    - /usr/lib/x86_64-linux-gnu/gconv/EUC-KR.so
    - /usr/lib/x86_64-linux-gnu/gconv/EUC-TW.so
    - /usr/lib/x86_64-linux-gnu/gconv/GB18030.so
    - /usr/lib/x86_64-linux-gnu/gconv/GBBIG5.so
    - /usr/lib/x86_64-linux-gnu/gconv/GBGBK.so
    - /usr/lib/x86_64-linux-gnu/gconv/GBK.so
    - /usr/lib/x86_64-linux-gnu/gconv/GEORGIAN-ACADEMY.so
    - /usr/lib/x86_64-linux-gnu/gconv/GEORGIAN-PS.so
    - /usr/lib/x86_64-linux-gnu/gconv/GOST_19768-74.so
    - /usr/lib/x86_64-linux-gnu/gconv/GREEK-CCITT.so
    - /usr/lib/x86_64-linux-gnu/gconv/GREEK7-OLD.so
    - /usr/lib/x86_64-linux-gnu/gconv/GREEK7.so
    - /usr/lib/x86_64-linux-gnu/gconv/HP-GREEK8.so
    - /usr/lib/x86_64-linux-gnu/gconv/HP-ROMAN8.so
    - /usr/lib/x86_64-linux-gnu/gconv/HP-ROMAN9.so
    - /usr/lib/x86_64-linux-gnu/gconv/HP-THAI8.so
    - /usr/lib/x86_64-linux-gnu/gconv/HP-TURKISH8.so
    - /usr/lib/x86_64-linux-gnu/gconv/IBM037.so
    - /usr/lib/x86_64-linux-gnu/gconv/IBM038.so
    - /usr/lib/x86_64-linux-gnu/gconv/IBM1004.so
    - /usr/lib/x86_64-linux-gnu/gconv/IBM1008.so
    - /usr/lib/x86_64-linux-gnu/gconv/IBM1008_420.so
    - /usr/lib/x86_64-linux-gnu/gconv/IBM1025.so
    - /usr/lib/x86_64-linux-gnu/gconv/IBM1026.so
    - /usr/lib/x86_64-linux-gnu/gconv/IBM1046.so
    - /usr/lib/x86_64-linux-gnu/gconv/IBM1047.so
    - /usr/lib/x86_64-linux-gnu/gconv/IBM1097.so
    - /usr/lib/x86_64-linux-gnu/gconv/IBM1112.so
    - /usr/lib/x86_64-linux-gnu/gconv/IBM1122.so
    - /usr/lib/x86_64-linux-gnu/gconv/IBM1123.so
    - /usr/lib/x86_64-linux-gnu/gconv/IBM1124.so
    - /usr/lib/x86_64-linux-gnu/gconv/IBM1129.so
    - /usr/lib/x86_64-linux-gnu/gconv/IBM1130.so
    - /usr/lib/x86_64-linux-gnu/gconv/IBM1132.so
    - /usr/lib/x86_64-linux-gnu/gconv/IBM1133.so
    - /usr/lib/x86_64-linux-gnu/gconv/IBM1137.so
    - /usr/lib/x86_64-linux-gnu/gconv/IBM1140.so
    - /usr/lib/x86_64-linux-gnu/gconv/IBM1141.so
    - /usr/lib/x86_64-linux-gnu/gconv/IBM1142.so
    - /usr/lib/x86_64-linux-gnu/gconv/IBM1143.so
    - /usr/lib/x86_64-linux-gnu/gconv/IBM1144.so
    - /usr/lib/x86_64-linux-gnu/gconv/IBM1145.so
    - /usr/lib/x86_64-linux-gnu/gconv/IBM1146.so
    - /usr/lib/x86_64-linux-gnu/gconv/IBM1147.so
    - /usr/lib/x86_64-linux-gnu/gconv/IBM1148.so
    - /usr/lib/x86_64-linux-gnu/gconv/IBM1149.so
    - /usr/lib/x86_64-linux-gnu/gconv/IBM1153.so
    - /usr/lib/x86_64-linux-gnu/gconv/IBM1154.so
    - /usr/lib/x86_64-linux-gnu/gconv/IBM1155.so
    - /usr/lib/x86_64-linux-gnu/gconv/IBM1156.so
    - /usr/lib/x86_64-linux-gnu/gconv/IBM1157.so
    - /usr/lib/x86_64-linux-gnu/gconv/IBM1158.so
    - /usr/lib/x86_64-linux-gnu/gconv/IBM1160.so
    - /usr/lib/x86_64-linux-gnu/gconv/IBM1161.so
    - /usr/lib/x86_64-linux-gnu/gconv/IBM1162.so
    - /usr/lib/x86_64-linux-gnu/gconv/IBM1163.so
    - /usr/lib/x86_64-linux-gnu/gconv/IBM1164.so
    - /usr/lib/x86_64-linux-gnu/gconv/IBM1166.so
    - /usr/lib/x86_64-linux-gnu/gconv/IBM1167.so
    - /usr/lib/x86_64-linux-gnu/gconv/IBM12712.so
    - /usr/lib/x86_64-linux-gnu/gconv/IBM1364.so
    - /usr/lib/x86_64-linux-gnu/gconv/IBM1371.so
    - /usr/lib/x86_64-linux-gnu/gconv/IBM1388.so
    - /usr/lib/x86_64-linux-gnu/gconv/IBM1390.so
    - /usr/lib/x86_64-linux-gnu/gconv/IBM1399.so
    - /usr/lib/x86_64-linux-gnu/gconv/IBM16804.so
    - /usr/lib/x86_64-linux-gnu/gconv/IBM256.so
    - /usr/lib/x86_64-linux-gnu/gconv/IBM273.so
    - /usr/lib/x86_64-linux-gnu/gconv/IBM274.so
    - /usr/lib/x86_64-linux-gnu/gconv/IBM275.so
    - /usr/lib/x86_64-linux-gnu/gconv/IBM277.so
    - /usr/lib/x86_64-linux-gnu/gconv/IBM278.so
    - /usr/lib/x86_64-linux-gnu/gconv/IBM280.so
    - /usr/lib/x86_64-linux-gnu/gconv/IBM281.so
    - /usr/lib/x86_64-linux-gnu/gconv/IBM284.so
    - /usr/lib/x86_64-linux-gnu/gconv/IBM285.so
    - /usr/lib/x86_64-linux-gnu/gconv/IBM290.so
    - /usr/lib/x86_64-linux-gnu/gconv/IBM297.so
    - /usr/lib/x86_64-linux-gnu/gconv/IBM420.so
    - /usr/lib/x86_64-linux-gnu/gconv/IBM423.so
    - /usr/lib/x86_64-linux-gnu/gconv/IBM424.so
    - /usr/lib/x86_64-linux-gnu/gconv/IBM437.so
    - /usr/lib/x86_64-linux-gnu/gconv/IBM4517.so
    - /usr/lib/x86_64-linux-gnu/gconv/IBM4899.so
    - /usr/lib/x86_64-linux-gnu/gconv/IBM4909.so
    - /usr/lib/x86_64-linux-gnu/gconv/IBM4971.so
    - /usr/lib/x86_64-linux-gnu/gconv/IBM500.so
    - /usr/lib/x86_64-linux-gnu/gconv/IBM5347.so
    - /usr/lib/x86_64-linux-gnu/gconv/IBM803.so
    - /usr/lib/x86_64-linux-gnu/gconv/IBM850.so
    - /usr/lib/x86_64-linux-gnu/gconv/IBM851.so
    - /usr/lib/x86_64-linux-gnu/gconv/IBM852.so
    - /usr/lib/x86_64-linux-gnu/gconv/IBM855.so
    - /usr/lib/x86_64-linux-gnu/gconv/IBM856.so
    - /usr/lib/x86_64-linux-gnu/gconv/IBM857.so
    - /usr/lib/x86_64-linux-gnu/gconv/IBM858.so
    - /usr/lib/x86_64-linux-gnu/gconv/IBM860.so
    - /usr/lib/x86_64-linux-gnu/gconv/IBM861.so
    - /usr/lib/x86_64-linux-gnu/gconv/IBM862.so
    - /usr/lib/x86_64-linux-gnu/gconv/IBM863.so
    - /usr/lib/x86_64-linux-gnu/gconv/IBM864.so
    - /usr/lib/x86_64-linux-gnu/gconv/IBM865.so
    - /usr/lib/x86_64-linux-gnu/gconv/IBM866.so
    - /usr/lib/x86_64-linux-gnu/gconv/IBM866NAV.so
    - /usr/lib/x86_64-linux-gnu/gconv/IBM868.so
    - /usr/lib/x86_64-linux-gnu/gconv/IBM869.so
    - /usr/lib/x86_64-linux-gnu/gconv/IBM870.so
    - /usr/lib/x86_64-linux-gnu/gconv/IBM871.so
    - /usr/lib/x86_64-linux-gnu/gconv/IBM874.so
    - /usr/lib/x86_64-linux-gnu/gconv/IBM875.so
    - /usr/lib/x86_64-linux-gnu/gconv/IBM880.so
    - /usr/lib/x86_64-linux-gnu/gconv/IBM891.so
    - /usr/lib/x86_64-linux-gnu/gconv/IBM901.so
    - /usr/lib/x86_64-linux-gnu/gconv/IBM902.so
    - /usr/lib/x86_64-linux-gnu/gconv/IBM903.so
    - /usr/lib/x86_64-linux-gnu/gconv/IBM9030.so
    - /usr/lib/x86_64-linux-gnu/gconv/IBM904.so
    - /usr/lib/x86_64-linux-gnu/gconv/IBM905.so
    - /usr/lib/x86_64-linux-gnu/gconv/IBM9066.so
    - /usr/lib/x86_64-linux-gnu/gconv/IBM918.so
    - /usr/lib/x86_64-linux-gnu/gconv/IBM921.so
    - /usr/lib/x86_64-linux-gnu/gconv/IBM922.so
    - /usr/lib/x86_64-linux-gnu/gconv/IBM930.so
    - /usr/lib/x86_64-linux-gnu/gconv/IBM932.so
    - /usr/lib/x86_64-linux-gnu/gconv/IBM933.so
    - /usr/lib/x86_64-linux-gnu/gconv/IBM935.so
    - /usr/lib/x86_64-linux-gnu/gconv/IBM937.so
    - /usr/lib/x86_64-linux-gnu/gconv/IBM939.so
    - /usr/lib/x86_64-linux-gnu/gconv/IBM943.so
    - /usr/lib/x86_64-linux-gnu/gconv/IBM9448.so
    - /usr/lib/x86_64-linux-gnu/gconv/IEC_P27-1.so
    - /usr/lib/x86_64-linux-gnu/gconv/INIS-8.so
    - /usr/lib/x86_64-linux-gnu/gconv/INIS-CYRILLIC.so
    - /usr/lib/x86_64-linux-gnu/gconv/INIS.so
    - /usr/lib/x86_64-linux-gnu/gconv/ISIRI-3342.so
    - /usr/lib/x86_64-linux-gnu/gconv/ISO-2022-CN-EXT.so
    - /usr/lib/x86_64-linux-gnu/gconv/ISO-2022-CN.so
    - /usr/lib/x86_64-linux-gnu/gconv/ISO-2022-JP-3.so
    - /usr/lib/x86_64-linux-gnu/gconv/ISO-2022-JP.so
    - /usr/lib/x86_64-linux-gnu/gconv/ISO-2022-KR.so
    - /usr/lib/x86_64-linux-gnu/gconv/ISO-IR-197.so
    - /usr/lib/x86_64-linux-gnu/gconv/ISO-IR-209.so
    - /usr/lib/x86_64-linux-gnu/gconv/ISO646.so
    - /usr/lib/x86_64-linux-gnu/gconv/ISO8859-1.so
    - /usr/lib/x86_64-linux-gnu/gconv/ISO8859-10.so
    - /usr/lib/x86_64-linux-gnu/gconv/ISO8859-11.so
    - /usr/lib/x86_64-linux-gnu/gconv/ISO8859-13.so
    - /usr/lib/x86_64-linux-gnu/gconv/ISO8859-14.so
    - /usr/lib/x86_64-linux-gnu/gconv/ISO8859-15.so
    - /usr/lib/x86_64-linux-gnu/gconv/ISO8859-16.so
    - /usr/lib/x86_64-linux-gnu/gconv/ISO8859-2.so
    - /usr/lib/x86_64-linux-gnu/gconv/ISO8859-3.so
    - /usr/lib/x86_64-linux-gnu/gconv/ISO8859-4.so
    - /usr/lib/x86_64-linux-gnu/gconv/ISO8859-5.so
    - /usr/lib/x86_64-linux-gnu/gconv/ISO8859-6.so
    - /usr/lib/x86_64-linux-gnu/gconv/ISO8859-7.so
    - /usr/lib/x86_64-linux-gnu/gconv/ISO8859-8.so
    - /usr/lib/x86_64-linux-gnu/gconv/ISO8859-9.so
    - /usr/lib/x86_64-linux-gnu/gconv/ISO8859-9E.so
    - /usr/lib/x86_64-linux-gnu/gconv/ISO_10367-BOX.so
    - /usr/lib/x86_64-linux-gnu/gconv/ISO_11548-1.so
    - /usr/lib/x86_64-linux-gnu/gconv/ISO_2033.so
    - /usr/lib/x86_64-linux-gnu/gconv/ISO_5427-EXT.so
    - /usr/lib/x86_64-linux-gnu/gconv/ISO_5427.so
    - /usr/lib/x86_64-linux-gnu/gconv/ISO_5428.so
    - /usr/lib/x86_64-linux-gnu/gconv/ISO_6937-2.so
    - /usr/lib/x86_64-linux-gnu/gconv/ISO_6937.so
    - /usr/lib/x86_64-linux-gnu/gconv/JOHAB.so
    - /usr/lib/x86_64-linux-gnu/gconv/KOI-8.so
    - /usr/lib/x86_64-linux-gnu/gconv/KOI8-R.so
    - /usr/lib/x86_64-linux-gnu/gconv/KOI8-RU.so
    - /usr/lib/x86_64-linux-gnu/gconv/KOI8-T.so
    - /usr/lib/x86_64-linux-gnu/gconv/KOI8-U.so
    - /usr/lib/x86_64-linux-gnu/gconv/LATIN-GREEK-1.so
    - /usr/lib/x86_64-linux-gnu/gconv/LATIN-GREEK.so
    - /usr/lib/x86_64-linux-gnu/gconv/MAC-CENTRALEUROPE.so
    - /usr/lib/x86_64-linux-gnu/gconv/MAC-IS.so
    - /usr/lib/x86_64-linux-gnu/gconv/MAC-SAMI.so
    - /usr/lib/x86_64-linux-gnu/gconv/MAC-UK.so
    - /usr/lib/x86_64-linux-gnu/gconv/MACINTOSH.so
    - /usr/lib/x86_64-linux-gnu/gconv/MIK.so
    - /usr/lib/x86_64-linux-gnu/gconv/NATS-DANO.so
    - /usr/lib/x86_64-linux-gnu/gconv/NATS-SEFI.so
    - /usr/lib/x86_64-linux-gnu/gconv/PT154.so
    - /usr/lib/x86_64-linux-gnu/gconv/RK1048.so
    - /usr/lib/x86_64-linux-gnu/gconv/SAMI-WS2.so
    - /usr/lib/x86_64-linux-gnu/gconv/SHIFT_JISX0213.so
    - /usr/lib/x86_64-linux-gnu/gconv/SJIS.so
    - /usr/lib/x86_64-linux-gnu/gconv/T.61.so
    - /usr/lib/x86_64-linux-gnu/gconv/TCVN5712-1.so
    - /usr/lib/x86_64-linux-gnu/gconv/TIS-620.so
    - /usr/lib/x86_64-linux-gnu/gconv/TSCII.so
    - /usr/lib/x86_64-linux-gnu/gconv/UHC.so
    - /usr/lib/x86_64-linux-gnu/gconv/UNICODE.so
    - /usr/lib/x86_64-linux-gnu/gconv/UTF-16.so
    - /usr/lib/x86_64-linux-gnu/gconv/UTF-32.so
    - /usr/lib/x86_64-linux-gnu/gconv/UTF-7.so
    - /usr/lib/x86_64-linux-gnu/gconv/VISCII.so
    - /usr/lib/x86_64-linux-gnu/gconv/gconv-modules
    - /usr/lib/x86_64-linux-gnu/gconv/gconv-modules.cache
    - /usr/lib/x86_64-linux-gnu/gconv/gconv-modules.d/gconv-modules-extra.conf
    - /usr/lib/x86_64-linux-gnu/gconv/libCNS.so
    - /usr/lib/x86_64-linux-gnu/gconv/libGB.so
    - /usr/lib/x86_64-linux-gnu/gconv/libISOIR165.so
    - /usr/lib/x86_64-linux-gnu/gconv/libJIS.so
    - /usr/lib/x86_64-linux-gnu/gconv/libJISX0213.so
    - /usr/lib/x86_64-linux-gnu/gconv/libKSC.so
    - /usr/lib/x86_64-linux-gnu/gprofng/libgp-collector.so
    - /usr/lib/x86_64-linux-gnu/gprofng/libgp-collectorAPI.so
    - /usr/lib/x86_64-linux-gnu/gprofng/libgp-heap.so
    - /usr/lib/x86_64-linux-gnu/gprofng/libgp-iotrace.so
    - /usr/lib/x86_64-linux-gnu/gprofng/libgp-sync.so
    - /usr/lib/x86_64-linux-gnu/krb5/plugins/preauth/spake.so
    - /usr/lib/x86_64-linux-gnu/ld-linux-x86-64.so.2
    - /usr/lib/x86_64-linux-gnu/ldscripts/elf32_x86_64.x
    - /usr/lib/x86_64-linux-gnu/ldscripts/elf32_x86_64.xbn
    - /usr/lib/x86_64-linux-gnu/ldscripts/elf32_x86_64.xc
    - /usr/lib/x86_64-linux-gnu/ldscripts/elf32_x86_64.xce
    - /usr/lib/x86_64-linux-gnu/ldscripts/elf32_x86_64.xd
    - /usr/lib/x86_64-linux-gnu/ldscripts/elf32_x86_64.xdc
    - /usr/lib/x86_64-linux-gnu/ldscripts/elf32_x86_64.xdce
    - /usr/lib/x86_64-linux-gnu/ldscripts/elf32_x86_64.xde
    - /usr/lib/x86_64-linux-gnu/ldscripts/elf32_x86_64.xdw
    - /usr/lib/x86_64-linux-gnu/ldscripts/elf32_x86_64.xdwe
    - /usr/lib/x86_64-linux-gnu/ldscripts/elf32_x86_64.xe
    - /usr/lib/x86_64-linux-gnu/ldscripts/elf32_x86_64.xn
    - /usr/lib/x86_64-linux-gnu/ldscripts/elf32_x86_64.xr
    - /usr/lib/x86_64-linux-gnu/ldscripts/elf32_x86_64.xs
    - /usr/lib/x86_64-linux-gnu/ldscripts/elf32_x86_64.xsc
    - /usr/lib/x86_64-linux-gnu/ldscripts/elf32_x86_64.xsce
    - /usr/lib/x86_64-linux-gnu/ldscripts/elf32_x86_64.xse
    - /usr/lib/x86_64-linux-gnu/ldscripts/elf32_x86_64.xsw
    - /usr/lib/x86_64-linux-gnu/ldscripts/elf32_x86_64.xswe
    - /usr/lib/x86_64-linux-gnu/ldscripts/elf32_x86_64.xu
    - /usr/lib/x86_64-linux-gnu/ldscripts/elf32_x86_64.xw
    - /usr/lib/x86_64-linux-gnu/ldscripts/elf32_x86_64.xwe
    - /usr/lib/x86_64-linux-gnu/ldscripts/elf_i386.x
    - /usr/lib/x86_64-linux-gnu/ldscripts/elf_i386.xbn
    - /usr/lib/x86_64-linux-gnu/ldscripts/elf_i386.xc
    - /usr/lib/x86_64-linux-gnu/ldscripts/elf_i386.xce
    - /usr/lib/x86_64-linux-gnu/ldscripts/elf_i386.xd
    - /usr/lib/x86_64-linux-gnu/ldscripts/elf_i386.xdc
    - /usr/lib/x86_64-linux-gnu/ldscripts/elf_i386.xdce
    - /usr/lib/x86_64-linux-gnu/ldscripts/elf_i386.xde
    - /usr/lib/x86_64-linux-gnu/ldscripts/elf_i386.xdw
    - /usr/lib/x86_64-linux-gnu/ldscripts/elf_i386.xdwe
    - /usr/lib/x86_64-linux-gnu/ldscripts/elf_i386.xe
    - /usr/lib/x86_64-linux-gnu/ldscripts/elf_i386.xn
    - /usr/lib/x86_64-linux-gnu/ldscripts/elf_i386.xr
    - /usr/lib/x86_64-linux-gnu/ldscripts/elf_i386.xs
    - /usr/lib/x86_64-linux-gnu/ldscripts/elf_i386.xsc
    - /usr/lib/x86_64-linux-gnu/ldscripts/elf_i386.xsce
    - /usr/lib/x86_64-linux-gnu/ldscripts/elf_i386.xse
    - /usr/lib/x86_64-linux-gnu/ldscripts/elf_i386.xsw
    - /usr/lib/x86_64-linux-gnu/ldscripts/elf_i386.xswe
    - /usr/lib/x86_64-linux-gnu/ldscripts/elf_i386.xu
    - /usr/lib/x86_64-linux-gnu/ldscripts/elf_i386.xw
    - /usr/lib/x86_64-linux-gnu/ldscripts/elf_i386.xwe
    - /usr/lib/x86_64-linux-gnu/ldscripts/elf_iamcu.x
    - /usr/lib/x86_64-linux-gnu/ldscripts/elf_iamcu.xbn
    - /usr/lib/x86_64-linux-gnu/ldscripts/elf_iamcu.xc
    - /usr/lib/x86_64-linux-gnu/ldscripts/elf_iamcu.xce
    - /usr/lib/x86_64-linux-gnu/ldscripts/elf_iamcu.xd
    - /usr/lib/x86_64-linux-gnu/ldscripts/elf_iamcu.xdc
    - /usr/lib/x86_64-linux-gnu/ldscripts/elf_iamcu.xdce
    - /usr/lib/x86_64-linux-gnu/ldscripts/elf_iamcu.xde
    - /usr/lib/x86_64-linux-gnu/ldscripts/elf_iamcu.xdw
    - /usr/lib/x86_64-linux-gnu/ldscripts/elf_iamcu.xdwe
    - /usr/lib/x86_64-linux-gnu/ldscripts/elf_iamcu.xe
    - /usr/lib/x86_64-linux-gnu/ldscripts/elf_iamcu.xn
    - /usr/lib/x86_64-linux-gnu/ldscripts/elf_iamcu.xr
    - /usr/lib/x86_64-linux-gnu/ldscripts/elf_iamcu.xs
    - /usr/lib/x86_64-linux-gnu/ldscripts/elf_iamcu.xsc
    - /usr/lib/x86_64-linux-gnu/ldscripts/elf_iamcu.xsce
    - /usr/lib/x86_64-linux-gnu/ldscripts/elf_iamcu.xse
    - /usr/lib/x86_64-linux-gnu/ldscripts/elf_iamcu.xsw
    - /usr/lib/x86_64-linux-gnu/ldscripts/elf_iamcu.xswe
    - /usr/lib/x86_64-linux-gnu/ldscripts/elf_iamcu.xu
    - /usr/lib/x86_64-linux-gnu/ldscripts/elf_iamcu.xw
    - /usr/lib/x86_64-linux-gnu/ldscripts/elf_iamcu.xwe
    - /usr/lib/x86_64-linux-gnu/ldscripts/elf_x86_64.x
    - /usr/lib/x86_64-linux-gnu/ldscripts/elf_x86_64.xbn
    - /usr/lib/x86_64-linux-gnu/ldscripts/elf_x86_64.xc
    - /usr/lib/x86_64-linux-gnu/ldscripts/elf_x86_64.xce
    - /usr/lib/x86_64-linux-gnu/ldscripts/elf_x86_64.xd
    - /usr/lib/x86_64-linux-gnu/ldscripts/elf_x86_64.xdc
    - /usr/lib/x86_64-linux-gnu/ldscripts/elf_x86_64.xdce
    - /usr/lib/x86_64-linux-gnu/ldscripts/elf_x86_64.xde
    - /usr/lib/x86_64-linux-gnu/ldscripts/elf_x86_64.xdw
    - /usr/lib/x86_64-linux-gnu/ldscripts/elf_x86_64.xdwe
    - /usr/lib/x86_64-linux-gnu/ldscripts/elf_x86_64.xe
    - /usr/lib/x86_64-linux-gnu/ldscripts/elf_x86_64.xn
    - /usr/lib/x86_64-linux-gnu/ldscripts/elf_x86_64.xr
    - /usr/lib/x86_64-linux-gnu/ldscripts/elf_x86_64.xs
    - /usr/lib/x86_64-linux-gnu/ldscripts/elf_x86_64.xsc
    - /usr/lib/x86_64-linux-gnu/ldscripts/elf_x86_64.xsce
    - /usr/lib/x86_64-linux-gnu/ldscripts/elf_x86_64.xse
    - /usr/lib/x86_64-linux-gnu/ldscripts/elf_x86_64.xsw
    - /usr/lib/x86_64-linux-gnu/ldscripts/elf_x86_64.xswe
    - /usr/lib/x86_64-linux-gnu/ldscripts/elf_x86_64.xu
    - /usr/lib/x86_64-linux-gnu/ldscripts/elf_x86_64.xw
    - /usr/lib/x86_64-linux-gnu/ldscripts/elf_x86_64.xwe
    - /usr/lib/x86_64-linux-gnu/ldscripts/i386pe.x
    - /usr/lib/x86_64-linux-gnu/ldscripts/i386pe.xa
    - /usr/lib/x86_64-linux-gnu/ldscripts/i386pe.xbn
    - /usr/lib/x86_64-linux-gnu/ldscripts/i386pe.xe
    - /usr/lib/x86_64-linux-gnu/ldscripts/i386pe.xn
    - /usr/lib/x86_64-linux-gnu/ldscripts/i386pe.xr
    - /usr/lib/x86_64-linux-gnu/ldscripts/i386pe.xu
    - /usr/lib/x86_64-linux-gnu/ldscripts/i386pep.x
    - /usr/lib/x86_64-linux-gnu/ldscripts/i386pep.xa
    - /usr/lib/x86_64-linux-gnu/ldscripts/i386pep.xbn
    - /usr/lib/x86_64-linux-gnu/ldscripts/i386pep.xe
    - /usr/lib/x86_64-linux-gnu/ldscripts/i386pep.xn
    - /usr/lib/x86_64-linux-gnu/ldscripts/i386pep.xr
    - /usr/lib/x86_64-linux-gnu/ldscripts/i386pep.xu
    - /usr/lib/x86_64-linux-gnu/libBrokenLocale.so.1
    - /usr/lib/x86_64-linux-gnu/libSvtAv1Enc.so.1.4.1
    - /usr/lib/x86_64-linux-gnu/libX11.so.6.4.0
    - /usr/lib/x86_64-linux-gnu/libXau.so.6.0.0
    - /usr/lib/x86_64-linux-gnu/libXdmcp.so.6.0.0
    - /usr/lib/x86_64-linux-gnu/libXpm.so.4.11.0
    - /usr/lib/x86_64-linux-gnu/libabsl_bad_any_cast_impl.so.20220623.0.0
    - /usr/lib/x86_64-linux-gnu/libabsl_bad_optional_access.so.20220623.0.0
    - /usr/lib/x86_64-linux-gnu/libabsl_bad_variant_access.so.20220623.0.0
    - /usr/lib/x86_64-linux-gnu/libabsl_base.so.20220623.0.0
    - /usr/lib/x86_64-linux-gnu/libabsl_city.so.20220623.0.0
    - /usr/lib/x86_64-linux-gnu/libabsl_civil_time.so.20220623.0.0
    - /usr/lib/x86_64-linux-gnu/libabsl_cord.so.20220623.0.0
    - /usr/lib/x86_64-linux-gnu/libabsl_cord_internal.so.20220623.0.0
    - /usr/lib/x86_64-linux-gnu/libabsl_cordz_functions.so.20220623.0.0
    - /usr/lib/x86_64-linux-gnu/libabsl_cordz_handle.so.20220623.0.0
    - /usr/lib/x86_64-linux-gnu/libabsl_cordz_info.so.20220623.0.0
    - /usr/lib/x86_64-linux-gnu/libabsl_cordz_sample_token.so.20220623.0.0
    - /usr/lib/x86_64-linux-gnu/libabsl_debugging_internal.so.20220623.0.0
    - /usr/lib/x86_64-linux-gnu/libabsl_demangle_internal.so.20220623.0.0
    - /usr/lib/x86_64-linux-gnu/libabsl_examine_stack.so.20220623.0.0
    - /usr/lib/x86_64-linux-gnu/libabsl_exponential_biased.so.20220623.0.0
    - /usr/lib/x86_64-linux-gnu/libabsl_failure_signal_handler.so.20220623.0.0
    - /usr/lib/x86_64-linux-gnu/libabsl_flags_commandlineflag.so.20220623.0.0
    - /usr/lib/x86_64-linux-gnu/libabsl_flags_commandlineflag_internal.so.20220623.0.0
    - /usr/lib/x86_64-linux-gnu/libabsl_flags_config.so.20220623.0.0
    - /usr/lib/x86_64-linux-gnu/libabsl_flags_internal.so.20220623.0.0
    - /usr/lib/x86_64-linux-gnu/libabsl_flags_marshalling.so.20220623.0.0
    - /usr/lib/x86_64-linux-gnu/libabsl_flags_parse.so.20220623.0.0
    - /usr/lib/x86_64-linux-gnu/libabsl_flags_private_handle_accessor.so.20220623.0.0
    - /usr/lib/x86_64-linux-gnu/libabsl_flags_program_name.so.20220623.0.0
    - /usr/lib/x86_64-linux-gnu/libabsl_flags_reflection.so.20220623.0.0
    - /usr/lib/x86_64-linux-gnu/libabsl_flags_usage.so.20220623.0.0
    - /usr/lib/x86_64-linux-gnu/libabsl_flags_usage_internal.so.20220623.0.0
    - /usr/lib/x86_64-linux-gnu/libabsl_graphcycles_internal.so.20220623.0.0
    - /usr/lib/x86_64-linux-gnu/libabsl_hash.so.20220623.0.0
    - /usr/lib/x86_64-linux-gnu/libabsl_hashtablez_sampler.so.20220623.0.0
    - /usr/lib/x86_64-linux-gnu/libabsl_int128.so.20220623.0.0
    - /usr/lib/x86_64-linux-gnu/libabsl_leak_check.so.20220623.0.0
    - /usr/lib/x86_64-linux-gnu/libabsl_log_severity.so.20220623.0.0
    - /usr/lib/x86_64-linux-gnu/libabsl_low_level_hash.so.20220623.0.0
    - /usr/lib/x86_64-linux-gnu/libabsl_malloc_internal.so.20220623.0.0
    - /usr/lib/x86_64-linux-gnu/libabsl_periodic_sampler.so.20220623.0.0
    - /usr/lib/x86_64-linux-gnu/libabsl_random_distributions.so.20220623.0.0
    - /usr/lib/x86_64-linux-gnu/libabsl_random_internal_distribution_test_util.so.20220623.0.0
    - /usr/lib/x86_64-linux-gnu/libabsl_random_internal_platform.so.20220623.0.0
    - /usr/lib/x86_64-linux-gnu/libabsl_random_internal_pool_urbg.so.20220623.0.0
    - /usr/lib/x86_64-linux-gnu/libabsl_random_internal_randen.so.20220623.0.0
    - /usr/lib/x86_64-linux-gnu/libabsl_random_internal_randen_hwaes.so.20220623.0.0
    - /usr/lib/x86_64-linux-gnu/libabsl_random_internal_randen_hwaes_impl.so.20220623.0.0
    - /usr/lib/x86_64-linux-gnu/libabsl_random_internal_randen_slow.so.20220623.0.0
    - /usr/lib/x86_64-linux-gnu/libabsl_random_internal_seed_material.so.20220623.0.0
    - /usr/lib/x86_64-linux-gnu/libabsl_random_seed_gen_exception.so.20220623.0.0
    - /usr/lib/x86_64-linux-gnu/libabsl_random_seed_sequences.so.20220623.0.0
    - /usr/lib/x86_64-linux-gnu/libabsl_raw_hash_set.so.20220623.0.0
    - /usr/lib/x86_64-linux-gnu/libabsl_raw_logging_internal.so.20220623.0.0
    - /usr/lib/x86_64-linux-gnu/libabsl_scoped_set_env.so.20220623.0.0
    - /usr/lib/x86_64-linux-gnu/libabsl_spinlock_wait.so.20220623.0.0
    - /usr/lib/x86_64-linux-gnu/libabsl_stacktrace.so.20220623.0.0
    - /usr/lib/x86_64-linux-gnu/libabsl_status.so.20220623.0.0
    - /usr/lib/x86_64-linux-gnu/libabsl_statusor.so.20220623.0.0
    - /usr/lib/x86_64-linux-gnu/libabsl_str_format_internal.so.20220623.0.0
    - /usr/lib/x86_64-linux-gnu/libabsl_strerror.so.20220623.0.0
    - /usr/lib/x86_64-linux-gnu/libabsl_strings.so.20220623.0.0
    - /usr/lib/x86_64-linux-gnu/libabsl_strings_internal.so.20220623.0.0
    - /usr/lib/x86_64-linux-gnu/libabsl_symbolize.so.20220623.0.0
    - /usr/lib/x86_64-linux-gnu/libabsl_synchronization.so.20220623.0.0
    - /usr/lib/x86_64-linux-gnu/libabsl_throw_delegate.so.20220623.0.0
    - /usr/lib/x86_64-linux-gnu/libabsl_time.so.20220623.0.0
    - /usr/lib/x86_64-linux-gnu/libabsl_time_zone.so.20220623.0.0
    - /usr/lib/x86_64-linux-gnu/libacl.so.1.1.2301
    - /usr/lib/x86_64-linux-gnu/libanl.so.1
    - /usr/lib/x86_64-linux-gnu/libaom.so.3.6.0
    - /usr/lib/x86_64-linux-gnu/libapt-pkg.so.6.0.0
    - /usr/lib/x86_64-linux-gnu/libapt-private.so.0.0.0
    - /usr/lib/x86_64-linux-gnu/libargon2.so.1
    - /usr/lib/x86_64-linux-gnu/libasan.so.8.0.0
    - /usr/lib/x86_64-linux-gnu/libatomic.so.1.2.0
    - /usr/lib/x86_64-linux-gnu/libattr.so.1.1.2501
    - /usr/lib/x86_64-linux-gnu/libaudit.so.1.0.0
    - /usr/lib/x86_64-linux-gnu/libavif.so.15.0.1
    - /usr/lib/x86_64-linux-gnu/libbfd-2.40-system.so
    - /usr/lib/x86_64-linux-gnu/libblkid.so.1.1.0
    - /usr/lib/x86_64-linux-gnu/libbrotlicommon.so.1.0.9
    - /usr/lib/x86_64-linux-gnu/libbrotlidec.so.1.0.9
    - /usr/lib/x86_64-linux-gnu/libbrotlienc.so.1.0.9
    - /usr/lib/x86_64-linux-gnu/libbsd.so.0.11.7
    - /usr/lib/x86_64-linux-gnu/libbz2.so.1.0.4
    - /usr/lib/x86_64-linux-gnu/libc.so.6
    - /usr/lib/x86_64-linux-gnu/libc_malloc_debug.so.0
    - /usr/lib/x86_64-linux-gnu/libcap-ng.so.0.0.0
    - /usr/lib/x86_64-linux-gnu/libcap.so.2.66
    - /usr/lib/x86_64-linux-gnu/libcc1.so.0.0.0
    - /usr/lib/x86_64-linux-gnu/libcom_err.so.2.1
    - /usr/lib/x86_64-linux-gnu/libcrypt.so.1.1.0
    - /usr/lib/x86_64-linux-gnu/libcrypto.so.3
    - /usr/lib/x86_64-linux-gnu/libctf-nobfd.so.0.0.0
    - /usr/lib/x86_64-linux-gnu/libctf.so.0.0.0
    - /usr/lib/x86_64-linux-gnu/libcurl.so.4.8.0
    - /usr/lib/x86_64-linux-gnu/libdav1d.so.6.6.0
    - /usr/lib/x86_64-linux-gnu/libdb-5.3.so
    - /usr/lib/x86_64-linux-gnu/libdebconfclient.so.0.0.0
    - /usr/lib/x86_64-linux-gnu/libdl.so.2
    - /usr/lib/x86_64-linux-gnu/libdrop_ambient.so.0.0.0
    - /usr/lib/x86_64-linux-gnu/libe2p.so.2.3
    - /usr/lib/x86_64-linux-gnu/libext2fs.so.2.4
    - /usr/lib/x86_64-linux-gnu/libffi.so.8.1.2
    - /usr/lib/x86_64-linux-gnu/libfreetype.so.6.18.3
    - /usr/lib/x86_64-linux-gnu/libgav1.so.1.0.0
    - /usr/lib/x86_64-linux-gnu/libgcc_s.so.1
    - /usr/lib/x86_64-linux-gnu/libgcrypt.so.20.4.1
    - /usr/lib/x86_64-linux-gnu/libgdbm.so.6.0.0
    - /usr/lib/x86_64-linux-gnu/libgdbm_compat.so.4.0.0
    - /usr/lib/x86_64-linux-gnu/libgmp.so.10.4.1
    - /usr/lib/x86_64-linux-gnu/libgnutls.so.30.34.3
    - /usr/lib/x86_64-linux-gnu/libgomp.so.1.0.0
    - /usr/lib/x86_64-linux-gnu/libgpg-error.so.0.33.1
    - /usr/lib/x86_64-linux-gnu/libgprofng.so.0.0.0
    - /usr/lib/x86_64-linux-gnu/libgssapi_krb5.so.2.2
    - /usr/lib/x86_64-linux-gnu/libhistory.so.8.2
    - /usr/lib/x86_64-linux-gnu/libhogweed.so.6.6
    - /usr/lib/x86_64-linux-gnu/libicudata.so.72.1
    - /usr/lib/x86_64-linux-gnu/libicui18n.so.72.1
    - /usr/lib/x86_64-linux-gnu/libicuio.so.72.1
    - /usr/lib/x86_64-linux-gnu/libicutest.so.72.1
    - /usr/lib/x86_64-linux-gnu/libicutu.so.72.1
    - /usr/lib/x86_64-linux-gnu/libicuuc.so.72.1
    - /usr/lib/x86_64-linux-gnu/libidn2.so.0.3.8
    - /usr/lib/x86_64-linux-gnu/libisl.so.23.2.0
    - /usr/lib/x86_64-linux-gnu/libitm.so.1.0.0
    - /usr/lib/x86_64-linux-gnu/libjansson.so.4.14.0
    - /usr/lib/x86_64-linux-gnu/libjpeg.so.62.3.0
    - /usr/lib/x86_64-linux-gnu/libk5crypto.so.3.1
    - /usr/lib/x86_64-linux-gnu/libkeyutils.so.1.10
    - /usr/lib/x86_64-linux-gnu/libkrb5.so.3.3
    - /usr/lib/x86_64-linux-gnu/libkrb5support.so.0.1
    - /usr/lib/x86_64-linux-gnu/liblber-2.5.so.0.1.8
    - /usr/lib/x86_64-linux-gnu/libldap-2.5.so.0.1.8
    - /usr/lib/x86_64-linux-gnu/liblsan.so.0.0.0
    - /usr/lib/x86_64-linux-gnu/liblz4.so.1.9.4
    - /usr/lib/x86_64-linux-gnu/liblzma.so.5.4.1
    - /usr/lib/x86_64-linux-gnu/libm.so.6
    - /usr/lib/x86_64-linux-gnu/libmagic.so.1.0.0
    - /usr/lib/x86_64-linux-gnu/libmd.so.0.0.5
    - /usr/lib/x86_64-linux-gnu/libmemusage.so
    - /usr/lib/x86_64-linux-gnu/libmount.so.1.1.0
    - /usr/lib/x86_64-linux-gnu/libmpc.so.3.3.1
    - /usr/lib/x86_64-linux-gnu/libmpfr.so.6.2.0
    - /usr/lib/x86_64-linux-gnu/libmvec.so.1
    - /usr/lib/x86_64-linux-gnu/libnettle.so.8.6
    - /usr/lib/x86_64-linux-gnu/libnghttp2.so.14.24.1
    - /usr/lib/x86_64-linux-gnu/libnsl.so.1
    - /usr/lib/x86_64-linux-gnu/libnsl.so.2.0.1
    - /usr/lib/x86_64-linux-gnu/libnss_compat.so.2
    - /usr/lib/x86_64-linux-gnu/libnss_dns.so.2
    - /usr/lib/x86_64-linux-gnu/libnss_files.so.2
    - /usr/lib/x86_64-linux-gnu/libnss_hesiod.so.2
    - /usr/lib/x86_64-linux-gnu/libonig.so.5.3.0
    - /usr/lib/x86_64-linux-gnu/libopcodes-2.40-system.so
    - /usr/lib/x86_64-linux-gnu/libp11-kit.so.0.3.0
    - /usr/lib/x86_64-linux-gnu/libpam.so.0.85.1
    - /usr/lib/x86_64-linux-gnu/libpam_misc.so.0.82.1
    - /usr/lib/x86_64-linux-gnu/libpamc.so.0.82.1
    - /usr/lib/x86_64-linux-gnu/libpcprofile.so
    - /usr/lib/x86_64-linux-gnu/libpcre2-8.so.0.11.2
    - /usr/lib/x86_64-linux-gnu/libperl.so.5.36.0
    - /usr/lib/x86_64-linux-gnu/libpkgconf.so.3.0.0
    - /usr/lib/x86_64-linux-gnu/libpng16.so.16.39.0
    - /usr/lib/x86_64-linux-gnu/libpq.so.5.15
    - /usr/lib/x86_64-linux-gnu/libpsl.so.5.3.4
    - /usr/lib/x86_64-linux-gnu/libpsx.so.2.66
    - /usr/lib/x86_64-linux-gnu/libpthread.so.0
    - /usr/lib/x86_64-linux-gnu/libquadmath.so.0.0.0
    - /usr/lib/x86_64-linux-gnu/librav1e.so.0.5.1
    - /usr/lib/x86_64-linux-gnu/libreadline.so.8.2
    - /usr/lib/x86_64-linux-gnu/libresolv.so.2
    - /usr/lib/x86_64-linux-gnu/librt.so.1
    - /usr/lib/x86_64-linux-gnu/librtmp.so.1
    - /usr/lib/x86_64-linux-gnu/libsasl2.so.2.0.25
    - /usr/lib/x86_64-linux-gnu/libseccomp.so.2.5.4
    - /usr/lib/x86_64-linux-gnu/libselinux.so.1
    - /usr/lib/x86_64-linux-gnu/libsemanage.so.2
    - /usr/lib/x86_64-linux-gnu/libsepol.so.2
    - /usr/lib/x86_64-linux-gnu/libsframe.so.0.0.0
    - /usr/lib/x86_64-linux-gnu/libsmartcols.so.1.1.0
    - /usr/lib/x86_64-linux-gnu/libsodium.so.23.3.0
    - /usr/lib/x86_64-linux-gnu/libsqlite3.so.0.8.6
    - /usr/lib/x86_64-linux-gnu/libss.so.2.0
    - /usr/lib/x86_64-linux-gnu/libssh2.so.1.0.1
    - /usr/lib/x86_64-linux-gnu/libssl.so.3
    - /usr/lib/x86_64-linux-gnu/libstdc++.so.6.0.30
    - /usr/lib/x86_64-linux-gnu/libsystemd.so.0.35.0
    - /usr/lib/x86_64-linux-gnu/libtasn1.so.6.6.3
    - /usr/lib/x86_64-linux-gnu/libthread_db.so.1
    - /usr/lib/x86_64-linux-gnu/libtic.so.6.4
    - /usr/lib/x86_64-linux-gnu/libtinfo.so.6.4
    - /usr/lib/x86_64-linux-gnu/libtirpc.so.3.0.0
    - /usr/lib/x86_64-linux-gnu/libtsan.so.2.0.0
    - /usr/lib/x86_64-linux-gnu/libubsan.so.1.0.0
    - /usr/lib/x86_64-linux-gnu/libudev.so.1.7.5
    - /usr/lib/x86_64-linux-gnu/libunistring.so.2.2.0
    - /usr/lib/x86_64-linux-gnu/libutil.so.1
    - /usr/lib/x86_64-linux-gnu/libuuid.so.1.3.0
    - /usr/lib/x86_64-linux-gnu/libwebp.so.7.1.5
    - /usr/lib/x86_64-linux-gnu/libxcb.so.1.1.0
    - /usr/lib/x86_64-linux-gnu/libxml2.so.2.9.14
    - /usr/lib/x86_64-linux-gnu/libxxhash.so.0.8.1
    - /usr/lib/x86_64-linux-gnu/libyuv.so.0.0.1857
    - /usr/lib/x86_64-linux-gnu/libz.so.1.2.13
    - /usr/lib/x86_64-linux-gnu/libzip.so.4.0
    - /usr/lib/x86_64-linux-gnu/libzstd.so.1.5.4
    - /usr/lib/x86_64-linux-gnu/ossl-modules/legacy.so
    - /usr/lib/x86_64-linux-gnu/perl-base/AutoLoader.pm
    - /usr/lib/x86_64-linux-gnu/perl-base/Carp.pm
    - /usr/lib/x86_64-linux-gnu/perl-base/Carp/Heavy.pm
    - /usr/lib/x86_64-linux-gnu/perl-base/Config.pm
    - /usr/lib/x86_64-linux-gnu/perl-base/Config_git.pl
    - /usr/lib/x86_64-linux-gnu/perl-base/Config_heavy.pl
    - /usr/lib/x86_64-linux-gnu/perl-base/Cwd.pm
    - /usr/lib/x86_64-linux-gnu/perl-base/DynaLoader.pm
    - /usr/lib/x86_64-linux-gnu/perl-base/Errno.pm
    - /usr/lib/x86_64-linux-gnu/perl-base/Exporter.pm
    - /usr/lib/x86_64-linux-gnu/perl-base/Exporter/Heavy.pm
    - /usr/lib/x86_64-linux-gnu/perl-base/Fcntl.pm
    - /usr/lib/x86_64-linux-gnu/perl-base/File/Basename.pm
    - /usr/lib/x86_64-linux-gnu/perl-base/File/Glob.pm
    - /usr/lib/x86_64-linux-gnu/perl-base/File/Path.pm
    - /usr/lib/x86_64-linux-gnu/perl-base/File/Spec.pm
    - /usr/lib/x86_64-linux-gnu/perl-base/File/Spec/Unix.pm
    - /usr/lib/x86_64-linux-gnu/perl-base/File/Temp.pm
    - /usr/lib/x86_64-linux-gnu/perl-base/FileHandle.pm
    - /usr/lib/x86_64-linux-gnu/perl-base/Getopt/Long.pm
    - /usr/lib/x86_64-linux-gnu/perl-base/Hash/Util.pm
    - /usr/lib/x86_64-linux-gnu/perl-base/IO.pm
    - /usr/lib/x86_64-linux-gnu/perl-base/IO/File.pm
    - /usr/lib/x86_64-linux-gnu/perl-base/IO/Handle.pm
    - /usr/lib/x86_64-linux-gnu/perl-base/IO/Pipe.pm
    - /usr/lib/x86_64-linux-gnu/perl-base/IO/Seekable.pm
    - /usr/lib/x86_64-linux-gnu/perl-base/IO/Select.pm
    - /usr/lib/x86_64-linux-gnu/perl-base/IO/Socket.pm
    - /usr/lib/x86_64-linux-gnu/perl-base/IO/Socket/INET.pm
    - /usr/lib/x86_64-linux-gnu/perl-base/IO/Socket/IP.pm
    - /usr/lib/x86_64-linux-gnu/perl-base/IO/Socket/UNIX.pm
    - /usr/lib/x86_64-linux-gnu/perl-base/IPC/Open2.pm
    - /usr/lib/x86_64-linux-gnu/perl-base/IPC/Open3.pm
    - /usr/lib/x86_64-linux-gnu/perl-base/List/Util.pm
    - /usr/lib/x86_64-linux-gnu/perl-base/POSIX.pm
    - /usr/lib/x86_64-linux-gnu/perl-base/Scalar/Util.pm
    - /usr/lib/x86_64-linux-gnu/perl-base/SelectSaver.pm
    - /usr/lib/x86_64-linux-gnu/perl-base/Socket.pm
    - /usr/lib/x86_64-linux-gnu/perl-base/Symbol.pm
    - /usr/lib/x86_64-linux-gnu/perl-base/Text/ParseWords.pm
    - /usr/lib/x86_64-linux-gnu/perl-base/Text/Tabs.pm
    - /usr/lib/x86_64-linux-gnu/perl-base/Text/Wrap.pm
    - /usr/lib/x86_64-linux-gnu/perl-base/Tie/Hash.pm
    - /usr/lib/x86_64-linux-gnu/perl-base/XSLoader.pm
    - /usr/lib/x86_64-linux-gnu/perl-base/attributes.pm
    - /usr/lib/x86_64-linux-gnu/perl-base/auto/Cwd/Cwd.so
    - /usr/lib/x86_64-linux-gnu/perl-base/auto/Fcntl/Fcntl.so
    - /usr/lib/x86_64-linux-gnu/perl-base/auto/File/Glob/Glob.so
    - /usr/lib/x86_64-linux-gnu/perl-base/auto/Hash/Util/Util.so
    - /usr/lib/x86_64-linux-gnu/perl-base/auto/IO/IO.so
    - /usr/lib/x86_64-linux-gnu/perl-base/auto/List/Util/Util.so
    - /usr/lib/x86_64-linux-gnu/perl-base/auto/POSIX/POSIX.so
    - /usr/lib/x86_64-linux-gnu/perl-base/auto/Socket/Socket.so
    - /usr/lib/x86_64-linux-gnu/perl-base/auto/attributes/attributes.so
    - /usr/lib/x86_64-linux-gnu/perl-base/auto/re/re.so
    - /usr/lib/x86_64-linux-gnu/perl-base/base.pm
    - /usr/lib/x86_64-linux-gnu/perl-base/builtin.pm
    - /usr/lib/x86_64-linux-gnu/perl-base/bytes.pm
    - /usr/lib/x86_64-linux-gnu/perl-base/bytes_heavy.pl
    - /usr/lib/x86_64-linux-gnu/perl-base/constant.pm
    - /usr/lib/x86_64-linux-gnu/perl-base/feature.pm
    - /usr/lib/x86_64-linux-gnu/perl-base/fields.pm
    - /usr/lib/x86_64-linux-gnu/perl-base/integer.pm
    - /usr/lib/x86_64-linux-gnu/perl-base/lib.pm
    - /usr/lib/x86_64-linux-gnu/perl-base/locale.pm
    - /usr/lib/x86_64-linux-gnu/perl-base/overload.pm
    - /usr/lib/x86_64-linux-gnu/perl-base/overloading.pm
    - /usr/lib/x86_64-linux-gnu/perl-base/parent.pm
    - /usr/lib/x86_64-linux-gnu/perl-base/re.pm
    - /usr/lib/x86_64-linux-gnu/perl-base/strict.pm
    - /usr/lib/x86_64-linux-gnu/perl-base/unicore/To/Age.pl
    - /usr/lib/x86_64-linux-gnu/perl-base/unicore/To/Bc.pl
    - /usr/lib/x86_64-linux-gnu/perl-base/unicore/To/Bmg.pl
    - /usr/lib/x86_64-linux-gnu/perl-base/unicore/To/Bpb.pl
    - /usr/lib/x86_64-linux-gnu/perl-base/unicore/To/Bpt.pl
    - /usr/lib/x86_64-linux-gnu/perl-base/unicore/To/Cf.pl
    - /usr/lib/x86_64-linux-gnu/perl-base/unicore/To/Ea.pl
    - /usr/lib/x86_64-linux-gnu/perl-base/unicore/To/EqUIdeo.pl
    - /usr/lib/x86_64-linux-gnu/perl-base/unicore/To/GCB.pl
    - /usr/lib/x86_64-linux-gnu/perl-base/unicore/To/Gc.pl
    - /usr/lib/x86_64-linux-gnu/perl-base/unicore/To/Hst.pl
    - /usr/lib/x86_64-linux-gnu/perl-base/unicore/To/Identif2.pl
    - /usr/lib/x86_64-linux-gnu/perl-base/unicore/To/Identifi.pl
    - /usr/lib/x86_64-linux-gnu/perl-base/unicore/To/InPC.pl
    - /usr/lib/x86_64-linux-gnu/perl-base/unicore/To/InSC.pl
    - /usr/lib/x86_64-linux-gnu/perl-base/unicore/To/Isc.pl
    - /usr/lib/x86_64-linux-gnu/perl-base/unicore/To/Jg.pl
    - /usr/lib/x86_64-linux-gnu/perl-base/unicore/To/Jt.pl
    - /usr/lib/x86_64-linux-gnu/perl-base/unicore/To/Lb.pl
    - /usr/lib/x86_64-linux-gnu/perl-base/unicore/To/Lc.pl
    - /usr/lib/x86_64-linux-gnu/perl-base/unicore/To/NFCQC.pl
    - /usr/lib/x86_64-linux-gnu/perl-base/unicore/To/NFDQC.pl
    - /usr/lib/x86_64-linux-gnu/perl-base/unicore/To/NFKCCF.pl
    - /usr/lib/x86_64-linux-gnu/perl-base/unicore/To/NFKCQC.pl
    - /usr/lib/x86_64-linux-gnu/perl-base/unicore/To/NFKDQC.pl
    - /usr/lib/x86_64-linux-gnu/perl-base/unicore/To/Na1.pl
    - /usr/lib/x86_64-linux-gnu/perl-base/unicore/To/NameAlia.pl
    - /usr/lib/x86_64-linux-gnu/perl-base/unicore/To/Nt.pl
    - /usr/lib/x86_64-linux-gnu/perl-base/unicore/To/Nv.pl
    - /usr/lib/x86_64-linux-gnu/perl-base/unicore/To/PerlDeci.pl
    - /usr/lib/x86_64-linux-gnu/perl-base/unicore/To/SB.pl
    - /usr/lib/x86_64-linux-gnu/perl-base/unicore/To/Sc.pl
    - /usr/lib/x86_64-linux-gnu/perl-base/unicore/To/Scx.pl
    - /usr/lib/x86_64-linux-gnu/perl-base/unicore/To/Tc.pl
    - /usr/lib/x86_64-linux-gnu/perl-base/unicore/To/Uc.pl
    - /usr/lib/x86_64-linux-gnu/perl-base/unicore/To/Vo.pl
    - /usr/lib/x86_64-linux-gnu/perl-base/unicore/To/WB.pl
    - /usr/lib/x86_64-linux-gnu/perl-base/unicore/To/_PerlLB.pl
    - /usr/lib/x86_64-linux-gnu/perl-base/unicore/To/_PerlSCX.pl
    - /usr/lib/x86_64-linux-gnu/perl-base/unicore/lib/Age/NA.pl
    - /usr/lib/x86_64-linux-gnu/perl-base/unicore/lib/Age/V100.pl
    - /usr/lib/x86_64-linux-gnu/perl-base/unicore/lib/Age/V11.pl
    - /usr/lib/x86_64-linux-gnu/perl-base/unicore/lib/Age/V110.pl
    - /usr/lib/x86_64-linux-gnu/perl-base/unicore/lib/Age/V120.pl
    - /usr/lib/x86_64-linux-gnu/perl-base/unicore/lib/Age/V130.pl
    - /usr/lib/x86_64-linux-gnu/perl-base/unicore/lib/Age/V140.pl
    - /usr/lib/x86_64-linux-gnu/perl-base/unicore/lib/Age/V20.pl
    - /usr/lib/x86_64-linux-gnu/perl-base/unicore/lib/Age/V30.pl
    - /usr/lib/x86_64-linux-gnu/perl-base/unicore/lib/Age/V31.pl
    - /usr/lib/x86_64-linux-gnu/perl-base/unicore/lib/Age/V32.pl
    - /usr/lib/x86_64-linux-gnu/perl-base/unicore/lib/Age/V40.pl
    - /usr/lib/x86_64-linux-gnu/perl-base/unicore/lib/Age/V41.pl
    - /usr/lib/x86_64-linux-gnu/perl-base/unicore/lib/Age/V50.pl
    - /usr/lib/x86_64-linux-gnu/perl-base/unicore/lib/Age/V51.pl
    - /usr/lib/x86_64-linux-gnu/perl-base/unicore/lib/Age/V52.pl
    - /usr/lib/x86_64-linux-gnu/perl-base/unicore/lib/Age/V60.pl
    - /usr/lib/x86_64-linux-gnu/perl-base/unicore/lib/Age/V61.pl
    - /usr/lib/x86_64-linux-gnu/perl-base/unicore/lib/Age/V70.pl
    - /usr/lib/x86_64-linux-gnu/perl-base/unicore/lib/Age/V80.pl
    - /usr/lib/x86_64-linux-gnu/perl-base/unicore/lib/Age/V90.pl
    - /usr/lib/x86_64-linux-gnu/perl-base/unicore/lib/Alpha/Y.pl
    - /usr/lib/x86_64-linux-gnu/perl-base/unicore/lib/Bc/AL.pl
    - /usr/lib/x86_64-linux-gnu/perl-base/unicore/lib/Bc/AN.pl
    - /usr/lib/x86_64-linux-gnu/perl-base/unicore/lib/Bc/B.pl
    - /usr/lib/x86_64-linux-gnu/perl-base/unicore/lib/Bc/BN.pl
    - /usr/lib/x86_64-linux-gnu/perl-base/unicore/lib/Bc/CS.pl
    - /usr/lib/x86_64-linux-gnu/perl-base/unicore/lib/Bc/EN.pl
    - /usr/lib/x86_64-linux-gnu/perl-base/unicore/lib/Bc/ES.pl
    - /usr/lib/x86_64-linux-gnu/perl-base/unicore/lib/Bc/ET.pl
    - /usr/lib/x86_64-linux-gnu/perl-base/unicore/lib/Bc/L.pl
    - /usr/lib/x86_64-linux-gnu/perl-base/unicore/lib/Bc/NSM.pl
    - /usr/lib/x86_64-linux-gnu/perl-base/unicore/lib/Bc/ON.pl
    - /usr/lib/x86_64-linux-gnu/perl-base/unicore/lib/Bc/R.pl
    - /usr/lib/x86_64-linux-gnu/perl-base/unicore/lib/Bc/WS.pl
    - /usr/lib/x86_64-linux-gnu/perl-base/unicore/lib/BidiC/Y.pl
    - /usr/lib/x86_64-linux-gnu/perl-base/unicore/lib/BidiM/Y.pl
    - /usr/lib/x86_64-linux-gnu/perl-base/unicore/lib/Blk/NB.pl
    - /usr/lib/x86_64-linux-gnu/perl-base/unicore/lib/Bpt/C.pl
    - /usr/lib/x86_64-linux-gnu/perl-base/unicore/lib/Bpt/N.pl
    - /usr/lib/x86_64-linux-gnu/perl-base/unicore/lib/Bpt/O.pl
    - /usr/lib/x86_64-linux-gnu/perl-base/unicore/lib/CE/Y.pl
    - /usr/lib/x86_64-linux-gnu/perl-base/unicore/lib/CI/Y.pl
    - /usr/lib/x86_64-linux-gnu/perl-base/unicore/lib/CWCF/Y.pl
    - /usr/lib/x86_64-linux-gnu/perl-base/unicore/lib/CWCM/Y.pl
    - /usr/lib/x86_64-linux-gnu/perl-base/unicore/lib/CWKCF/Y.pl
    - /usr/lib/x86_64-linux-gnu/perl-base/unicore/lib/CWL/Y.pl
    - /usr/lib/x86_64-linux-gnu/perl-base/unicore/lib/CWT/Y.pl
    - /usr/lib/x86_64-linux-gnu/perl-base/unicore/lib/CWU/Y.pl
    - /usr/lib/x86_64-linux-gnu/perl-base/unicore/lib/Cased/Y.pl
    - /usr/lib/x86_64-linux-gnu/perl-base/unicore/lib/Ccc/A.pl
    - /usr/lib/x86_64-linux-gnu/perl-base/unicore/lib/Ccc/AL.pl
    - /usr/lib/x86_64-linux-gnu/perl-base/unicore/lib/Ccc/AR.pl
    - /usr/lib/x86_64-linux-gnu/perl-base/unicore/lib/Ccc/ATAR.pl
    - /usr/lib/x86_64-linux-gnu/perl-base/unicore/lib/Ccc/B.pl
    - /usr/lib/x86_64-linux-gnu/perl-base/unicore/lib/Ccc/BR.pl
    - /usr/lib/x86_64-linux-gnu/perl-base/unicore/lib/Ccc/DB.pl
    - /usr/lib/x86_64-linux-gnu/perl-base/unicore/lib/Ccc/NK.pl
    - /usr/lib/x86_64-linux-gnu/perl-base/unicore/lib/Ccc/NR.pl
    - /usr/lib/x86_64-linux-gnu/perl-base/unicore/lib/Ccc/OV.pl
    - /usr/lib/x86_64-linux-gnu/perl-base/unicore/lib/Ccc/VR.pl
    - /usr/lib/x86_64-linux-gnu/perl-base/unicore/lib/CompEx/Y.pl
    - /usr/lib/x86_64-linux-gnu/perl-base/unicore/lib/DI/Y.pl
    - /usr/lib/x86_64-linux-gnu/perl-base/unicore/lib/Dash/Y.pl
    - /usr/lib/x86_64-linux-gnu/perl-base/unicore/lib/Dep/Y.pl
    - /usr/lib/x86_64-linux-gnu/perl-base/unicore/lib/Dia/Y.pl
    - /usr/lib/x86_64-linux-gnu/perl-base/unicore/lib/Dt/Com.pl
    - /usr/lib/x86_64-linux-gnu/perl-base/unicore/lib/Dt/Enc.pl
    - /usr/lib/x86_64-linux-gnu/perl-base/unicore/lib/Dt/Fin.pl
    - /usr/lib/x86_64-linux-gnu/perl-base/unicore/lib/Dt/Font.pl
    - /usr/lib/x86_64-linux-gnu/perl-base/unicore/lib/Dt/Init.pl
    - /usr/lib/x86_64-linux-gnu/perl-base/unicore/lib/Dt/Iso.pl
    - /usr/lib/x86_64-linux-gnu/perl-base/unicore/lib/Dt/Med.pl
    - /usr/lib/x86_64-linux-gnu/perl-base/unicore/lib/Dt/Nar.pl
    - /usr/lib/x86_64-linux-gnu/perl-base/unicore/lib/Dt/Nb.pl
    - /usr/lib/x86_64-linux-gnu/perl-base/unicore/lib/Dt/NonCanon.pl
    - /usr/lib/x86_64-linux-gnu/perl-base/unicore/lib/Dt/Sqr.pl
    - /usr/lib/x86_64-linux-gnu/perl-base/unicore/lib/Dt/Sub.pl
    - /usr/lib/x86_64-linux-gnu/perl-base/unicore/lib/Dt/Sup.pl
    - /usr/lib/x86_64-linux-gnu/perl-base/unicore/lib/Dt/Vert.pl
    - /usr/lib/x86_64-linux-gnu/perl-base/unicore/lib/EBase/Y.pl
    - /usr/lib/x86_64-linux-gnu/perl-base/unicore/lib/EComp/Y.pl
    - /usr/lib/x86_64-linux-gnu/perl-base/unicore/lib/EPres/Y.pl
    - /usr/lib/x86_64-linux-gnu/perl-base/unicore/lib/Ea/A.pl
    - /usr/lib/x86_64-linux-gnu/perl-base/unicore/lib/Ea/H.pl
    - /usr/lib/x86_64-linux-gnu/perl-base/unicore/lib/Ea/N.pl
    - /usr/lib/x86_64-linux-gnu/perl-base/unicore/lib/Ea/Na.pl
    - /usr/lib/x86_64-linux-gnu/perl-base/unicore/lib/Ea/W.pl
    - /usr/lib/x86_64-linux-gnu/perl-base/unicore/lib/Emoji/Y.pl
    - /usr/lib/x86_64-linux-gnu/perl-base/unicore/lib/Ext/Y.pl
    - /usr/lib/x86_64-linux-gnu/perl-base/unicore/lib/ExtPict/Y.pl
    - /usr/lib/x86_64-linux-gnu/perl-base/unicore/lib/GCB/CN.pl
    - /usr/lib/x86_64-linux-gnu/perl-base/unicore/lib/GCB/EX.pl
    - /usr/lib/x86_64-linux-gnu/perl-base/unicore/lib/GCB/LV.pl
    - /usr/lib/x86_64-linux-gnu/perl-base/unicore/lib/GCB/LVT.pl
    - /usr/lib/x86_64-linux-gnu/perl-base/unicore/lib/GCB/PP.pl
    - /usr/lib/x86_64-linux-gnu/perl-base/unicore/lib/GCB/SM.pl
    - /usr/lib/x86_64-linux-gnu/perl-base/unicore/lib/GCB/XX.pl
    - /usr/lib/x86_64-linux-gnu/perl-base/unicore/lib/Gc/C.pl
    - /usr/lib/x86_64-linux-gnu/perl-base/unicore/lib/Gc/Cf.pl
    - /usr/lib/x86_64-linux-gnu/perl-base/unicore/lib/Gc/Cn.pl
    - /usr/lib/x86_64-linux-gnu/perl-base/unicore/lib/Gc/L.pl
    - /usr/lib/x86_64-linux-gnu/perl-base/unicore/lib/Gc/LC.pl
    - /usr/lib/x86_64-linux-gnu/perl-base/unicore/lib/Gc/Ll.pl
    - /usr/lib/x86_64-linux-gnu/perl-base/unicore/lib/Gc/Lm.pl
    - /usr/lib/x86_64-linux-gnu/perl-base/unicore/lib/Gc/Lo.pl
    - /usr/lib/x86_64-linux-gnu/perl-base/unicore/lib/Gc/Lu.pl
    - /usr/lib/x86_64-linux-gnu/perl-base/unicore/lib/Gc/M.pl
    - /usr/lib/x86_64-linux-gnu/perl-base/unicore/lib/Gc/Mc.pl
    - /usr/lib/x86_64-linux-gnu/perl-base/unicore/lib/Gc/Me.pl
    - /usr/lib/x86_64-linux-gnu/perl-base/unicore/lib/Gc/Mn.pl
    - /usr/lib/x86_64-linux-gnu/perl-base/unicore/lib/Gc/N.pl
    - /usr/lib/x86_64-linux-gnu/perl-base/unicore/lib/Gc/Nd.pl
    - /usr/lib/x86_64-linux-gnu/perl-base/unicore/lib/Gc/Nl.pl
    - /usr/lib/x86_64-linux-gnu/perl-base/unicore/lib/Gc/No.pl
    - /usr/lib/x86_64-linux-gnu/perl-base/unicore/lib/Gc/P.pl
    - /usr/lib/x86_64-linux-gnu/perl-base/unicore/lib/Gc/Pc.pl
    - /usr/lib/x86_64-linux-gnu/perl-base/unicore/lib/Gc/Pd.pl
    - /usr/lib/x86_64-linux-gnu/perl-base/unicore/lib/Gc/Pe.pl
    - /usr/lib/x86_64-linux-gnu/perl-base/unicore/lib/Gc/Pf.pl
    - /usr/lib/x86_64-linux-gnu/perl-base/unicore/lib/Gc/Pi.pl
    - /usr/lib/x86_64-linux-gnu/perl-base/unicore/lib/Gc/Po.pl
    - /usr/lib/x86_64-linux-gnu/perl-base/unicore/lib/Gc/Ps.pl
    - /usr/lib/x86_64-linux-gnu/perl-base/unicore/lib/Gc/S.pl
    - /usr/lib/x86_64-linux-gnu/perl-base/unicore/lib/Gc/Sc.pl
    - /usr/lib/x86_64-linux-gnu/perl-base/unicore/lib/Gc/Sk.pl
    - /usr/lib/x86_64-linux-gnu/perl-base/unicore/lib/Gc/Sm.pl
    - /usr/lib/x86_64-linux-gnu/perl-base/unicore/lib/Gc/So.pl
    - /usr/lib/x86_64-linux-gnu/perl-base/unicore/lib/Gc/Z.pl
    - /usr/lib/x86_64-linux-gnu/perl-base/unicore/lib/Gc/Zs.pl
    - /usr/lib/x86_64-linux-gnu/perl-base/unicore/lib/GrBase/Y.pl
    - /usr/lib/x86_64-linux-gnu/perl-base/unicore/lib/GrExt/Y.pl
    - /usr/lib/x86_64-linux-gnu/perl-base/unicore/lib/Hex/Y.pl
    - /usr/lib/x86_64-linux-gnu/perl-base/unicore/lib/Hst/NA.pl
    - /usr/lib/x86_64-linux-gnu/perl-base/unicore/lib/Hyphen/T.pl
    - /usr/lib/x86_64-linux-gnu/perl-base/unicore/lib/IDC/Y.pl
    - /usr/lib/x86_64-linux-gnu/perl-base/unicore/lib/IDS/Y.pl
    - /usr/lib/x86_64-linux-gnu/perl-base/unicore/lib/IdStatus/Allowed.pl
    - /usr/lib/x86_64-linux-gnu/perl-base/unicore/lib/IdStatus/Restrict.pl
    - /usr/lib/x86_64-linux-gnu/perl-base/unicore/lib/IdType/DefaultI.pl
    - /usr/lib/x86_64-linux-gnu/perl-base/unicore/lib/IdType/Exclusio.pl
    - /usr/lib/x86_64-linux-gnu/perl-base/unicore/lib/IdType/Inclusio.pl
    - /usr/lib/x86_64-linux-gnu/perl-base/unicore/lib/IdType/LimitedU.pl
    - /usr/lib/x86_64-linux-gnu/perl-base/unicore/lib/IdType/NotChara.pl
    - /usr/lib/x86_64-linux-gnu/perl-base/unicore/lib/IdType/NotNFKC.pl
    - /usr/lib/x86_64-linux-gnu/perl-base/unicore/lib/IdType/NotXID.pl
    - /usr/lib/x86_64-linux-gnu/perl-base/unicore/lib/IdType/Obsolete.pl
    - /usr/lib/x86_64-linux-gnu/perl-base/unicore/lib/IdType/Recommen.pl
    - /usr/lib/x86_64-linux-gnu/perl-base/unicore/lib/IdType/Technica.pl
    - /usr/lib/x86_64-linux-gnu/perl-base/unicore/lib/IdType/Uncommon.pl
    - /usr/lib/x86_64-linux-gnu/perl-base/unicore/lib/Ideo/Y.pl
    - /usr/lib/x86_64-linux-gnu/perl-base/unicore/lib/In/10_0.pl
    - /usr/lib/x86_64-linux-gnu/perl-base/unicore/lib/In/11_0.pl
    - /usr/lib/x86_64-linux-gnu/perl-base/unicore/lib/In/12_0.pl
    - /usr/lib/x86_64-linux-gnu/perl-base/unicore/lib/In/12_1.pl
    - /usr/lib/x86_64-linux-gnu/perl-base/unicore/lib/In/13_0.pl
    - /usr/lib/x86_64-linux-gnu/perl-base/unicore/lib/In/14_0.pl
    - /usr/lib/x86_64-linux-gnu/perl-base/unicore/lib/In/2_0.pl
    - /usr/lib/x86_64-linux-gnu/perl-base/unicore/lib/In/2_1.pl
    - /usr/lib/x86_64-linux-gnu/perl-base/unicore/lib/In/3_0.pl
    - /usr/lib/x86_64-linux-gnu/perl-base/unicore/lib/In/3_1.pl
    - /usr/lib/x86_64-linux-gnu/perl-base/unicore/lib/In/3_2.pl
    - /usr/lib/x86_64-linux-gnu/perl-base/unicore/lib/In/4_0.pl
    - /usr/lib/x86_64-linux-gnu/perl-base/unicore/lib/In/4_1.pl
    - /usr/lib/x86_64-linux-gnu/perl-base/unicore/lib/In/5_0.pl
    - /usr/lib/x86_64-linux-gnu/perl-base/unicore/lib/In/5_1.pl
    - /usr/lib/x86_64-linux-gnu/perl-base/unicore/lib/In/5_2.pl
    - /usr/lib/x86_64-linux-gnu/perl-base/unicore/lib/In/6_0.pl
    - /usr/lib/x86_64-linux-gnu/perl-base/unicore/lib/In/6_1.pl
    - /usr/lib/x86_64-linux-gnu/perl-base/unicore/lib/In/6_2.pl
    - /usr/lib/x86_64-linux-gnu/perl-base/unicore/lib/In/6_3.pl
    - /usr/lib/x86_64-linux-gnu/perl-base/unicore/lib/In/7_0.pl
    - /usr/lib/x86_64-linux-gnu/perl-base/unicore/lib/In/8_0.pl
    - /usr/lib/x86_64-linux-gnu/perl-base/unicore/lib/In/9_0.pl
    - /usr/lib/x86_64-linux-gnu/perl-base/unicore/lib/InPC/Bottom.pl
    - /usr/lib/x86_64-linux-gnu/perl-base/unicore/lib/InPC/BottomAn.pl
    - /usr/lib/x86_64-linux-gnu/perl-base/unicore/lib/InPC/Left.pl
    - /usr/lib/x86_64-linux-gnu/perl-base/unicore/lib/InPC/LeftAndR.pl
    - /usr/lib/x86_64-linux-gnu/perl-base/unicore/lib/InPC/NA.pl
    - /usr/lib/x86_64-linux-gnu/perl-base/unicore/lib/InPC/Overstru.pl
    - /usr/lib/x86_64-linux-gnu/perl-base/unicore/lib/InPC/Right.pl
    - /usr/lib/x86_64-linux-gnu/perl-base/unicore/lib/InPC/Top.pl
    - /usr/lib/x86_64-linux-gnu/perl-base/unicore/lib/InPC/TopAndBo.pl
    - /usr/lib/x86_64-linux-gnu/perl-base/unicore/lib/InPC/TopAndL2.pl
    - /usr/lib/x86_64-linux-gnu/perl-base/unicore/lib/InPC/TopAndLe.pl
    - /usr/lib/x86_64-linux-gnu/perl-base/unicore/lib/InPC/TopAndRi.pl
    - /usr/lib/x86_64-linux-gnu/perl-base/unicore/lib/InPC/VisualOr.pl
    - /usr/lib/x86_64-linux-gnu/perl-base/unicore/lib/InSC/Avagraha.pl
    - /usr/lib/x86_64-linux-gnu/perl-base/unicore/lib/InSC/Bindu.pl
    - /usr/lib/x86_64-linux-gnu/perl-base/unicore/lib/InSC/Cantilla.pl
    - /usr/lib/x86_64-linux-gnu/perl-base/unicore/lib/InSC/Consona2.pl
    - /usr/lib/x86_64-linux-gnu/perl-base/unicore/lib/InSC/Consona3.pl
    - /usr/lib/x86_64-linux-gnu/perl-base/unicore/lib/InSC/Consona4.pl
    - /usr/lib/x86_64-linux-gnu/perl-base/unicore/lib/InSC/Consona5.pl
    - /usr/lib/x86_64-linux-gnu/perl-base/unicore/lib/InSC/Consona6.pl
    - /usr/lib/x86_64-linux-gnu/perl-base/unicore/lib/InSC/Consona7.pl
    - /usr/lib/x86_64-linux-gnu/perl-base/unicore/lib/InSC/Consona8.pl
    - /usr/lib/x86_64-linux-gnu/perl-base/unicore/lib/InSC/Consonan.pl
    - /usr/lib/x86_64-linux-gnu/perl-base/unicore/lib/InSC/Invisibl.pl
    - /usr/lib/x86_64-linux-gnu/perl-base/unicore/lib/InSC/Nukta.pl
    - /usr/lib/x86_64-linux-gnu/perl-base/unicore/lib/InSC/Number.pl
    - /usr/lib/x86_64-linux-gnu/perl-base/unicore/lib/InSC/Other.pl
    - /usr/lib/x86_64-linux-gnu/perl-base/unicore/lib/InSC/PureKill.pl
    - /usr/lib/x86_64-linux-gnu/perl-base/unicore/lib/InSC/Syllable.pl
    - /usr/lib/x86_64-linux-gnu/perl-base/unicore/lib/InSC/ToneMark.pl
    - /usr/lib/x86_64-linux-gnu/perl-base/unicore/lib/InSC/Virama.pl
    - /usr/lib/x86_64-linux-gnu/perl-base/unicore/lib/InSC/Visarga.pl
    - /usr/lib/x86_64-linux-gnu/perl-base/unicore/lib/InSC/Vowel.pl
    - /usr/lib/x86_64-linux-gnu/perl-base/unicore/lib/InSC/VowelDep.pl
    - /usr/lib/x86_64-linux-gnu/perl-base/unicore/lib/InSC/VowelInd.pl
    - /usr/lib/x86_64-linux-gnu/perl-base/unicore/lib/Jg/Ain.pl
    - /usr/lib/x86_64-linux-gnu/perl-base/unicore/lib/Jg/Alef.pl
    - /usr/lib/x86_64-linux-gnu/perl-base/unicore/lib/Jg/Beh.pl
    - /usr/lib/x86_64-linux-gnu/perl-base/unicore/lib/Jg/Dal.pl
    - /usr/lib/x86_64-linux-gnu/perl-base/unicore/lib/Jg/FarsiYeh.pl
    - /usr/lib/x86_64-linux-gnu/perl-base/unicore/lib/Jg/Feh.pl
    - /usr/lib/x86_64-linux-gnu/perl-base/unicore/lib/Jg/Gaf.pl
    - /usr/lib/x86_64-linux-gnu/perl-base/unicore/lib/Jg/Hah.pl
    - /usr/lib/x86_64-linux-gnu/perl-base/unicore/lib/Jg/HanifiRo.pl
    - /usr/lib/x86_64-linux-gnu/perl-base/unicore/lib/Jg/Kaf.pl
    - /usr/lib/x86_64-linux-gnu/perl-base/unicore/lib/Jg/Lam.pl
    - /usr/lib/x86_64-linux-gnu/perl-base/unicore/lib/Jg/NoJoinin.pl
    - /usr/lib/x86_64-linux-gnu/perl-base/unicore/lib/Jg/Noon.pl
    - /usr/lib/x86_64-linux-gnu/perl-base/unicore/lib/Jg/Qaf.pl
    - /usr/lib/x86_64-linux-gnu/perl-base/unicore/lib/Jg/Reh.pl
    - /usr/lib/x86_64-linux-gnu/perl-base/unicore/lib/Jg/Sad.pl
    - /usr/lib/x86_64-linux-gnu/perl-base/unicore/lib/Jg/Seen.pl
    - /usr/lib/x86_64-linux-gnu/perl-base/unicore/lib/Jg/Tah.pl
    - /usr/lib/x86_64-linux-gnu/perl-base/unicore/lib/Jg/Waw.pl
    - /usr/lib/x86_64-linux-gnu/perl-base/unicore/lib/Jg/Yeh.pl
    - /usr/lib/x86_64-linux-gnu/perl-base/unicore/lib/Jt/C.pl
    - /usr/lib/x86_64-linux-gnu/perl-base/unicore/lib/Jt/D.pl
    - /usr/lib/x86_64-linux-gnu/perl-base/unicore/lib/Jt/L.pl
    - /usr/lib/x86_64-linux-gnu/perl-base/unicore/lib/Jt/R.pl
    - /usr/lib/x86_64-linux-gnu/perl-base/unicore/lib/Jt/T.pl
    - /usr/lib/x86_64-linux-gnu/perl-base/unicore/lib/Jt/U.pl
    - /usr/lib/x86_64-linux-gnu/perl-base/unicore/lib/Lb/AI.pl
    - /usr/lib/x86_64-linux-gnu/perl-base/unicore/lib/Lb/AL.pl
    - /usr/lib/x86_64-linux-gnu/perl-base/unicore/lib/Lb/BA.pl
    - /usr/lib/x86_64-linux-gnu/perl-base/unicore/lib/Lb/BB.pl
    - /usr/lib/x86_64-linux-gnu/perl-base/unicore/lib/Lb/CJ.pl
    - /usr/lib/x86_64-linux-gnu/perl-base/unicore/lib/Lb/CL.pl
    - /usr/lib/x86_64-linux-gnu/perl-base/unicore/lib/Lb/CM.pl
    - /usr/lib/x86_64-linux-gnu/perl-base/unicore/lib/Lb/EX.pl
    - /usr/lib/x86_64-linux-gnu/perl-base/unicore/lib/Lb/GL.pl
    - /usr/lib/x86_64-linux-gnu/perl-base/unicore/lib/Lb/ID.pl
    - /usr/lib/x86_64-linux-gnu/perl-base/unicore/lib/Lb/IN.pl
    - /usr/lib/x86_64-linux-gnu/perl-base/unicore/lib/Lb/IS.pl
    - /usr/lib/x86_64-linux-gnu/perl-base/unicore/lib/Lb/NS.pl
    - /usr/lib/x86_64-linux-gnu/perl-base/unicore/lib/Lb/NU.pl
    - /usr/lib/x86_64-linux-gnu/perl-base/unicore/lib/Lb/OP.pl
    - /usr/lib/x86_64-linux-gnu/perl-base/unicore/lib/Lb/PO.pl
    - /usr/lib/x86_64-linux-gnu/perl-base/unicore/lib/Lb/PR.pl
    - /usr/lib/x86_64-linux-gnu/perl-base/unicore/lib/Lb/QU.pl
    - /usr/lib/x86_64-linux-gnu/perl-base/unicore/lib/Lb/SA.pl
    - /usr/lib/x86_64-linux-gnu/perl-base/unicore/lib/Lb/XX.pl
    - /usr/lib/x86_64-linux-gnu/perl-base/unicore/lib/Lower/Y.pl
    - /usr/lib/x86_64-linux-gnu/perl-base/unicore/lib/Math/Y.pl
    - /usr/lib/x86_64-linux-gnu/perl-base/unicore/lib/NFCQC/M.pl
    - /usr/lib/x86_64-linux-gnu/perl-base/unicore/lib/NFCQC/Y.pl
    - /usr/lib/x86_64-linux-gnu/perl-base/unicore/lib/NFDQC/N.pl
    - /usr/lib/x86_64-linux-gnu/perl-base/unicore/lib/NFDQC/Y.pl
    - /usr/lib/x86_64-linux-gnu/perl-base/unicore/lib/NFKCQC/N.pl
    - /usr/lib/x86_64-linux-gnu/perl-base/unicore/lib/NFKCQC/Y.pl
    - /usr/lib/x86_64-linux-gnu/perl-base/unicore/lib/NFKDQC/N.pl
    - /usr/lib/x86_64-linux-gnu/perl-base/unicore/lib/NFKDQC/Y.pl
    - /usr/lib/x86_64-linux-gnu/perl-base/unicore/lib/Nt/Di.pl
    - /usr/lib/x86_64-linux-gnu/perl-base/unicore/lib/Nt/None.pl
    - /usr/lib/x86_64-linux-gnu/perl-base/unicore/lib/Nt/Nu.pl
    - /usr/lib/x86_64-linux-gnu/perl-base/unicore/lib/Nv/0.pl
    - /usr/lib/x86_64-linux-gnu/perl-base/unicore/lib/Nv/1.pl
    - /usr/lib/x86_64-linux-gnu/perl-base/unicore/lib/Nv/10.pl
    - /usr/lib/x86_64-linux-gnu/perl-base/unicore/lib/Nv/100.pl
    - /usr/lib/x86_64-linux-gnu/perl-base/unicore/lib/Nv/1000.pl
    - /usr/lib/x86_64-linux-gnu/perl-base/unicore/lib/Nv/10000.pl
    - /usr/lib/x86_64-linux-gnu/perl-base/unicore/lib/Nv/100000.pl
    - /usr/lib/x86_64-linux-gnu/perl-base/unicore/lib/Nv/11.pl
    - /usr/lib/x86_64-linux-gnu/perl-base/unicore/lib/Nv/12.pl
    - /usr/lib/x86_64-linux-gnu/perl-base/unicore/lib/Nv/13.pl
    - /usr/lib/x86_64-linux-gnu/perl-base/unicore/lib/Nv/14.pl
    - /usr/lib/x86_64-linux-gnu/perl-base/unicore/lib/Nv/15.pl
    - /usr/lib/x86_64-linux-gnu/perl-base/unicore/lib/Nv/16.pl
    - /usr/lib/x86_64-linux-gnu/perl-base/unicore/lib/Nv/17.pl
    - /usr/lib/x86_64-linux-gnu/perl-base/unicore/lib/Nv/18.pl
    - /usr/lib/x86_64-linux-gnu/perl-base/unicore/lib/Nv/19.pl
    - /usr/lib/x86_64-linux-gnu/perl-base/unicore/lib/Nv/1_16.pl
    - /usr/lib/x86_64-linux-gnu/perl-base/unicore/lib/Nv/1_2.pl
    - /usr/lib/x86_64-linux-gnu/perl-base/unicore/lib/Nv/1_3.pl
    - /usr/lib/x86_64-linux-gnu/perl-base/unicore/lib/Nv/1_4.pl
    - /usr/lib/x86_64-linux-gnu/perl-base/unicore/lib/Nv/1_6.pl
    - /usr/lib/x86_64-linux-gnu/perl-base/unicore/lib/Nv/1_8.pl
    - /usr/lib/x86_64-linux-gnu/perl-base/unicore/lib/Nv/2.pl
    - /usr/lib/x86_64-linux-gnu/perl-base/unicore/lib/Nv/20.pl
    - /usr/lib/x86_64-linux-gnu/perl-base/unicore/lib/Nv/200.pl
    - /usr/lib/x86_64-linux-gnu/perl-base/unicore/lib/Nv/2000.pl
    - /usr/lib/x86_64-linux-gnu/perl-base/unicore/lib/Nv/20000.pl
    - /usr/lib/x86_64-linux-gnu/perl-base/unicore/lib/Nv/2_3.pl
    - /usr/lib/x86_64-linux-gnu/perl-base/unicore/lib/Nv/3.pl
    - /usr/lib/x86_64-linux-gnu/perl-base/unicore/lib/Nv/30.pl
    - /usr/lib/x86_64-linux-gnu/perl-base/unicore/lib/Nv/300.pl
    - /usr/lib/x86_64-linux-gnu/perl-base/unicore/lib/Nv/3000.pl
    - /usr/lib/x86_64-linux-gnu/perl-base/unicore/lib/Nv/30000.pl
    - /usr/lib/x86_64-linux-gnu/perl-base/unicore/lib/Nv/3_16.pl
    - /usr/lib/x86_64-linux-gnu/perl-base/unicore/lib/Nv/3_4.pl
    - /usr/lib/x86_64-linux-gnu/perl-base/unicore/lib/Nv/4.pl
    - /usr/lib/x86_64-linux-gnu/perl-base/unicore/lib/Nv/40.pl
    - /usr/lib/x86_64-linux-gnu/perl-base/unicore/lib/Nv/400.pl
    - /usr/lib/x86_64-linux-gnu/perl-base/unicore/lib/Nv/4000.pl
    - /usr/lib/x86_64-linux-gnu/perl-base/unicore/lib/Nv/40000.pl
    - /usr/lib/x86_64-linux-gnu/perl-base/unicore/lib/Nv/5.pl
    - /usr/lib/x86_64-linux-gnu/perl-base/unicore/lib/Nv/50.pl
    - /usr/lib/x86_64-linux-gnu/perl-base/unicore/lib/Nv/500.pl
    - /usr/lib/x86_64-linux-gnu/perl-base/unicore/lib/Nv/5000.pl
    - /usr/lib/x86_64-linux-gnu/perl-base/unicore/lib/Nv/50000.pl
    - /usr/lib/x86_64-linux-gnu/perl-base/unicore/lib/Nv/6.pl
    - /usr/lib/x86_64-linux-gnu/perl-base/unicore/lib/Nv/60.pl
    - /usr/lib/x86_64-linux-gnu/perl-base/unicore/lib/Nv/600.pl
    - /usr/lib/x86_64-linux-gnu/perl-base/unicore/lib/Nv/6000.pl
    - /usr/lib/x86_64-linux-gnu/perl-base/unicore/lib/Nv/60000.pl
    - /usr/lib/x86_64-linux-gnu/perl-base/unicore/lib/Nv/7.pl
    - /usr/lib/x86_64-linux-gnu/perl-base/unicore/lib/Nv/70.pl
    - /usr/lib/x86_64-linux-gnu/perl-base/unicore/lib/Nv/700.pl
    - /usr/lib/x86_64-linux-gnu/perl-base/unicore/lib/Nv/7000.pl
    - /usr/lib/x86_64-linux-gnu/perl-base/unicore/lib/Nv/70000.pl
    - /usr/lib/x86_64-linux-gnu/perl-base/unicore/lib/Nv/8.pl
    - /usr/lib/x86_64-linux-gnu/perl-base/unicore/lib/Nv/80.pl
    - /usr/lib/x86_64-linux-gnu/perl-base/unicore/lib/Nv/800.pl
    - /usr/lib/x86_64-linux-gnu/perl-base/unicore/lib/Nv/8000.pl
    - /usr/lib/x86_64-linux-gnu/perl-base/unicore/lib/Nv/80000.pl
    - /usr/lib/x86_64-linux-gnu/perl-base/unicore/lib/Nv/9.pl
    - /usr/lib/x86_64-linux-gnu/perl-base/unicore/lib/Nv/90.pl
    - /usr/lib/x86_64-linux-gnu/perl-base/unicore/lib/Nv/900.pl
    - /usr/lib/x86_64-linux-gnu/perl-base/unicore/lib/Nv/9000.pl
    - /usr/lib/x86_64-linux-gnu/perl-base/unicore/lib/Nv/90000.pl
    - /usr/lib/x86_64-linux-gnu/perl-base/unicore/lib/PCM/Y.pl
    - /usr/lib/x86_64-linux-gnu/perl-base/unicore/lib/PatSyn/Y.pl
    - /usr/lib/x86_64-linux-gnu/perl-base/unicore/lib/Perl/Alnum.pl
    - /usr/lib/x86_64-linux-gnu/perl-base/unicore/lib/Perl/Assigned.pl
    - /usr/lib/x86_64-linux-gnu/perl-base/unicore/lib/Perl/Blank.pl
    - /usr/lib/x86_64-linux-gnu/perl-base/unicore/lib/Perl/Graph.pl
    - /usr/lib/x86_64-linux-gnu/perl-base/unicore/lib/Perl/PerlWord.pl
    - /usr/lib/x86_64-linux-gnu/perl-base/unicore/lib/Perl/PosixPun.pl
    - /usr/lib/x86_64-linux-gnu/perl-base/unicore/lib/Perl/Print.pl
    - /usr/lib/x86_64-linux-gnu/perl-base/unicore/lib/Perl/SpacePer.pl
    - /usr/lib/x86_64-linux-gnu/perl-base/unicore/lib/Perl/Title.pl
    - /usr/lib/x86_64-linux-gnu/perl-base/unicore/lib/Perl/Word.pl
    - /usr/lib/x86_64-linux-gnu/perl-base/unicore/lib/Perl/XPosixPu.pl
    - /usr/lib/x86_64-linux-gnu/perl-base/unicore/lib/Perl/_PerlAny.pl
    - /usr/lib/x86_64-linux-gnu/perl-base/unicore/lib/Perl/_PerlCh2.pl
    - /usr/lib/x86_64-linux-gnu/perl-base/unicore/lib/Perl/_PerlCha.pl
    - /usr/lib/x86_64-linux-gnu/perl-base/unicore/lib/Perl/_PerlFol.pl
    - /usr/lib/x86_64-linux-gnu/perl-base/unicore/lib/Perl/_PerlIDC.pl
    - /usr/lib/x86_64-linux-gnu/perl-base/unicore/lib/Perl/_PerlIDS.pl
    - /usr/lib/x86_64-linux-gnu/perl-base/unicore/lib/Perl/_PerlIsI.pl
    - /usr/lib/x86_64-linux-gnu/perl-base/unicore/lib/Perl/_PerlNch.pl
    - /usr/lib/x86_64-linux-gnu/perl-base/unicore/lib/Perl/_PerlPat.pl
    - /usr/lib/x86_64-linux-gnu/perl-base/unicore/lib/Perl/_PerlPr2.pl
    - /usr/lib/x86_64-linux-gnu/perl-base/unicore/lib/Perl/_PerlPro.pl
    - /usr/lib/x86_64-linux-gnu/perl-base/unicore/lib/Perl/_PerlQuo.pl
    - /usr/lib/x86_64-linux-gnu/perl-base/unicore/lib/QMark/Y.pl
    - /usr/lib/x86_64-linux-gnu/perl-base/unicore/lib/SB/AT.pl
    - /usr/lib/x86_64-linux-gnu/perl-base/unicore/lib/SB/CL.pl
    - /usr/lib/x86_64-linux-gnu/perl-base/unicore/lib/SB/EX.pl
    - /usr/lib/x86_64-linux-gnu/perl-base/unicore/lib/SB/FO.pl
    - /usr/lib/x86_64-linux-gnu/perl-base/unicore/lib/SB/LE.pl
    - /usr/lib/x86_64-linux-gnu/perl-base/unicore/lib/SB/LO.pl
    - /usr/lib/x86_64-linux-gnu/perl-base/unicore/lib/SB/NU.pl
    - /usr/lib/x86_64-linux-gnu/perl-base/unicore/lib/SB/SC.pl
    - /usr/lib/x86_64-linux-gnu/perl-base/unicore/lib/SB/ST.pl
    - /usr/lib/x86_64-linux-gnu/perl-base/unicore/lib/SB/Sp.pl
    - /usr/lib/x86_64-linux-gnu/perl-base/unicore/lib/SB/UP.pl
    - /usr/lib/x86_64-linux-gnu/perl-base/unicore/lib/SB/XX.pl
    - /usr/lib/x86_64-linux-gnu/perl-base/unicore/lib/SD/Y.pl
    - /usr/lib/x86_64-linux-gnu/perl-base/unicore/lib/STerm/Y.pl
    - /usr/lib/x86_64-linux-gnu/perl-base/unicore/lib/Sc/Arab.pl
    - /usr/lib/x86_64-linux-gnu/perl-base/unicore/lib/Sc/Beng.pl
    - /usr/lib/x86_64-linux-gnu/perl-base/unicore/lib/Sc/Cprt.pl
    - /usr/lib/x86_64-linux-gnu/perl-base/unicore/lib/Sc/Cyrl.pl
    - /usr/lib/x86_64-linux-gnu/perl-base/unicore/lib/Sc/Deva.pl
    - /usr/lib/x86_64-linux-gnu/perl-base/unicore/lib/Sc/Dupl.pl
    - /usr/lib/x86_64-linux-gnu/perl-base/unicore/lib/Sc/Geor.pl
    - /usr/lib/x86_64-linux-gnu/perl-base/unicore/lib/Sc/Glag.pl
    - /usr/lib/x86_64-linux-gnu/perl-base/unicore/lib/Sc/Gong.pl
    - /usr/lib/x86_64-linux-gnu/perl-base/unicore/lib/Sc/Gonm.pl
    - /usr/lib/x86_64-linux-gnu/perl-base/unicore/lib/Sc/Gran.pl
    - /usr/lib/x86_64-linux-gnu/perl-base/unicore/lib/Sc/Grek.pl
    - /usr/lib/x86_64-linux-gnu/perl-base/unicore/lib/Sc/Gujr.pl
    - /usr/lib/x86_64-linux-gnu/perl-base/unicore/lib/Sc/Guru.pl
    - /usr/lib/x86_64-linux-gnu/perl-base/unicore/lib/Sc/Han.pl
    - /usr/lib/x86_64-linux-gnu/perl-base/unicore/lib/Sc/Hang.pl
    - /usr/lib/x86_64-linux-gnu/perl-base/unicore/lib/Sc/Hira.pl
    - /usr/lib/x86_64-linux-gnu/perl-base/unicore/lib/Sc/Kana.pl
    - /usr/lib/x86_64-linux-gnu/perl-base/unicore/lib/Sc/Knda.pl
    - /usr/lib/x86_64-linux-gnu/perl-base/unicore/lib/Sc/Latn.pl
    - /usr/lib/x86_64-linux-gnu/perl-base/unicore/lib/Sc/Limb.pl
    - /usr/lib/x86_64-linux-gnu/perl-base/unicore/lib/Sc/Linb.pl
    - /usr/lib/x86_64-linux-gnu/perl-base/unicore/lib/Sc/Mlym.pl
    - /usr/lib/x86_64-linux-gnu/perl-base/unicore/lib/Sc/Mong.pl
    - /usr/lib/x86_64-linux-gnu/perl-base/unicore/lib/Sc/Mult.pl
    - /usr/lib/x86_64-linux-gnu/perl-base/unicore/lib/Sc/Orya.pl
    - /usr/lib/x86_64-linux-gnu/perl-base/unicore/lib/Sc/Sinh.pl
    - /usr/lib/x86_64-linux-gnu/perl-base/unicore/lib/Sc/Syrc.pl
    - /usr/lib/x86_64-linux-gnu/perl-base/unicore/lib/Sc/Taml.pl
    - /usr/lib/x86_64-linux-gnu/perl-base/unicore/lib/Sc/Telu.pl
    - /usr/lib/x86_64-linux-gnu/perl-base/unicore/lib/Sc/Zinh.pl
    - /usr/lib/x86_64-linux-gnu/perl-base/unicore/lib/Sc/Zyyy.pl
    - /usr/lib/x86_64-linux-gnu/perl-base/unicore/lib/Scx/Adlm.pl
    - /usr/lib/x86_64-linux-gnu/perl-base/unicore/lib/Scx/Arab.pl
    - /usr/lib/x86_64-linux-gnu/perl-base/unicore/lib/Scx/Armn.pl
    - /usr/lib/x86_64-linux-gnu/perl-base/unicore/lib/Scx/Beng.pl
    - /usr/lib/x86_64-linux-gnu/perl-base/unicore/lib/Scx/Bhks.pl
    - /usr/lib/x86_64-linux-gnu/perl-base/unicore/lib/Scx/Bopo.pl
    - /usr/lib/x86_64-linux-gnu/perl-base/unicore/lib/Scx/Cakm.pl
    - /usr/lib/x86_64-linux-gnu/perl-base/unicore/lib/Scx/Cham.pl
    - /usr/lib/x86_64-linux-gnu/perl-base/unicore/lib/Scx/Copt.pl
    - /usr/lib/x86_64-linux-gnu/perl-base/unicore/lib/Scx/Cprt.pl
    - /usr/lib/x86_64-linux-gnu/perl-base/unicore/lib/Scx/Cyrl.pl
    - /usr/lib/x86_64-linux-gnu/perl-base/unicore/lib/Scx/Deva.pl
    - /usr/lib/x86_64-linux-gnu/perl-base/unicore/lib/Scx/Diak.pl
    - /usr/lib/x86_64-linux-gnu/perl-base/unicore/lib/Scx/Dupl.pl
    - /usr/lib/x86_64-linux-gnu/perl-base/unicore/lib/Scx/Ethi.pl
    - /usr/lib/x86_64-linux-gnu/perl-base/unicore/lib/Scx/Geor.pl
    - /usr/lib/x86_64-linux-gnu/perl-base/unicore/lib/Scx/Glag.pl
    - /usr/lib/x86_64-linux-gnu/perl-base/unicore/lib/Scx/Gong.pl
    - /usr/lib/x86_64-linux-gnu/perl-base/unicore/lib/Scx/Gonm.pl
    - /usr/lib/x86_64-linux-gnu/perl-base/unicore/lib/Scx/Gran.pl
    - /usr/lib/x86_64-linux-gnu/perl-base/unicore/lib/Scx/Grek.pl
    - /usr/lib/x86_64-linux-gnu/perl-base/unicore/lib/Scx/Gujr.pl
    - /usr/lib/x86_64-linux-gnu/perl-base/unicore/lib/Scx/Guru.pl
    - /usr/lib/x86_64-linux-gnu/perl-base/unicore/lib/Scx/Han.pl
    - /usr/lib/x86_64-linux-gnu/perl-base/unicore/lib/Scx/Hang.pl
    - /usr/lib/x86_64-linux-gnu/perl-base/unicore/lib/Scx/Hebr.pl
    - /usr/lib/x86_64-linux-gnu/perl-base/unicore/lib/Scx/Hira.pl
    - /usr/lib/x86_64-linux-gnu/perl-base/unicore/lib/Scx/Hmng.pl
    - /usr/lib/x86_64-linux-gnu/perl-base/unicore/lib/Scx/Hmnp.pl
    - /usr/lib/x86_64-linux-gnu/perl-base/unicore/lib/Scx/Kana.pl
    - /usr/lib/x86_64-linux-gnu/perl-base/unicore/lib/Scx/Khar.pl
    - /usr/lib/x86_64-linux-gnu/perl-base/unicore/lib/Scx/Khmr.pl
    - /usr/lib/x86_64-linux-gnu/perl-base/unicore/lib/Scx/Khoj.pl
    - /usr/lib/x86_64-linux-gnu/perl-base/unicore/lib/Scx/Knda.pl
    - /usr/lib/x86_64-linux-gnu/perl-base/unicore/lib/Scx/Kthi.pl
    - /usr/lib/x86_64-linux-gnu/perl-base/unicore/lib/Scx/Lana.pl
    - /usr/lib/x86_64-linux-gnu/perl-base/unicore/lib/Scx/Lao.pl
    - /usr/lib/x86_64-linux-gnu/perl-base/unicore/lib/Scx/Latn.pl
    - /usr/lib/x86_64-linux-gnu/perl-base/unicore/lib/Scx/Limb.pl
    - /usr/lib/x86_64-linux-gnu/perl-base/unicore/lib/Scx/Lina.pl
    - /usr/lib/x86_64-linux-gnu/perl-base/unicore/lib/Scx/Linb.pl
    - /usr/lib/x86_64-linux-gnu/perl-base/unicore/lib/Scx/Mlym.pl
    - /usr/lib/x86_64-linux-gnu/perl-base/unicore/lib/Scx/Mong.pl
    - /usr/lib/x86_64-linux-gnu/perl-base/unicore/lib/Scx/Mult.pl
    - /usr/lib/x86_64-linux-gnu/perl-base/unicore/lib/Scx/Mymr.pl
    - /usr/lib/x86_64-linux-gnu/perl-base/unicore/lib/Scx/Nand.pl
    - /usr/lib/x86_64-linux-gnu/perl-base/unicore/lib/Scx/Nko.pl
    - /usr/lib/x86_64-linux-gnu/perl-base/unicore/lib/Scx/Orya.pl
    - /usr/lib/x86_64-linux-gnu/perl-base/unicore/lib/Scx/Phlp.pl
    - /usr/lib/x86_64-linux-gnu/perl-base/unicore/lib/Scx/Rohg.pl
    - /usr/lib/x86_64-linux-gnu/perl-base/unicore/lib/Scx/Shrd.pl
    - /usr/lib/x86_64-linux-gnu/perl-base/unicore/lib/Scx/Sind.pl
    - /usr/lib/x86_64-linux-gnu/perl-base/unicore/lib/Scx/Sinh.pl
    - /usr/lib/x86_64-linux-gnu/perl-base/unicore/lib/Scx/Syrc.pl
    - /usr/lib/x86_64-linux-gnu/perl-base/unicore/lib/Scx/Tagb.pl
    - /usr/lib/x86_64-linux-gnu/perl-base/unicore/lib/Scx/Takr.pl
    - /usr/lib/x86_64-linux-gnu/perl-base/unicore/lib/Scx/Talu.pl
    - /usr/lib/x86_64-linux-gnu/perl-base/unicore/lib/Scx/Taml.pl
    - /usr/lib/x86_64-linux-gnu/perl-base/unicore/lib/Scx/Tang.pl
    - /usr/lib/x86_64-linux-gnu/perl-base/unicore/lib/Scx/Telu.pl
    - /usr/lib/x86_64-linux-gnu/perl-base/unicore/lib/Scx/Thaa.pl
    - /usr/lib/x86_64-linux-gnu/perl-base/unicore/lib/Scx/Tibt.pl
    - /usr/lib/x86_64-linux-gnu/perl-base/unicore/lib/Scx/Tirh.pl
    - /usr/lib/x86_64-linux-gnu/perl-base/unicore/lib/Scx/Vith.pl
    - /usr/lib/x86_64-linux-gnu/perl-base/unicore/lib/Scx/Xsux.pl
    - /usr/lib/x86_64-linux-gnu/perl-base/unicore/lib/Scx/Yezi.pl
    - /usr/lib/x86_64-linux-gnu/perl-base/unicore/lib/Scx/Yi.pl
    - /usr/lib/x86_64-linux-gnu/perl-base/unicore/lib/Scx/Zinh.pl
    - /usr/lib/x86_64-linux-gnu/perl-base/unicore/lib/Scx/Zyyy.pl
    - /usr/lib/x86_64-linux-gnu/perl-base/unicore/lib/Scx/Zzzz.pl
    - /usr/lib/x86_64-linux-gnu/perl-base/unicore/lib/Term/Y.pl
    - /usr/lib/x86_64-linux-gnu/perl-base/unicore/lib/UIdeo/Y.pl
    - /usr/lib/x86_64-linux-gnu/perl-base/unicore/lib/Upper/Y.pl
    - /usr/lib/x86_64-linux-gnu/perl-base/unicore/lib/VS/Y.pl
    - /usr/lib/x86_64-linux-gnu/perl-base/unicore/lib/Vo/R.pl
    - /usr/lib/x86_64-linux-gnu/perl-base/unicore/lib/Vo/Tr.pl
    - /usr/lib/x86_64-linux-gnu/perl-base/unicore/lib/Vo/Tu.pl
    - /usr/lib/x86_64-linux-gnu/perl-base/unicore/lib/Vo/U.pl
    - /usr/lib/x86_64-linux-gnu/perl-base/unicore/lib/WB/EX.pl
    - /usr/lib/x86_64-linux-gnu/perl-base/unicore/lib/WB/Extend.pl
    - /usr/lib/x86_64-linux-gnu/perl-base/unicore/lib/WB/FO.pl
    - /usr/lib/x86_64-linux-gnu/perl-base/unicore/lib/WB/HL.pl
    - /usr/lib/x86_64-linux-gnu/perl-base/unicore/lib/WB/KA.pl
    - /usr/lib/x86_64-linux-gnu/perl-base/unicore/lib/WB/LE.pl
    - /usr/lib/x86_64-linux-gnu/perl-base/unicore/lib/WB/MB.pl
    - /usr/lib/x86_64-linux-gnu/perl-base/unicore/lib/WB/ML.pl
    - /usr/lib/x86_64-linux-gnu/perl-base/unicore/lib/WB/MN.pl
    - /usr/lib/x86_64-linux-gnu/perl-base/unicore/lib/WB/NU.pl
    - /usr/lib/x86_64-linux-gnu/perl-base/unicore/lib/WB/WSegSpac.pl
    - /usr/lib/x86_64-linux-gnu/perl-base/unicore/lib/WB/XX.pl
    - /usr/lib/x86_64-linux-gnu/perl-base/unicore/lib/XIDC/Y.pl
    - /usr/lib/x86_64-linux-gnu/perl-base/unicore/lib/XIDS/Y.pl
    - /usr/lib/x86_64-linux-gnu/perl-base/utf8.pm
    - /usr/lib/x86_64-linux-gnu/perl-base/vars.pm
    - /usr/lib/x86_64-linux-gnu/perl-base/warnings.pm
    - /usr/lib/x86_64-linux-gnu/perl-base/warnings/register.pm
    - /usr/lib/x86_64-linux-gnu/perl/5.36.0/B.pm
    - /usr/lib/x86_64-linux-gnu/perl/5.36.0/B/Concise.pm
    - /usr/lib/x86_64-linux-gnu/perl/5.36.0/B/Showlex.pm
    - /usr/lib/x86_64-linux-gnu/perl/5.36.0/B/Terse.pm
    - /usr/lib/x86_64-linux-gnu/perl/5.36.0/B/Xref.pm
    - /usr/lib/x86_64-linux-gnu/perl/5.36.0/CORE/EXTERN.h
    - /usr/lib/x86_64-linux-gnu/perl/5.36.0/CORE/INTERN.h
    - /usr/lib/x86_64-linux-gnu/perl/5.36.0/CORE/XSUB.h
    - /usr/lib/x86_64-linux-gnu/perl/5.36.0/CORE/av.h
    - /usr/lib/x86_64-linux-gnu/perl/5.36.0/CORE/bitcount.h
    - /usr/lib/x86_64-linux-gnu/perl/5.36.0/CORE/charclass_invlists.h
    - /usr/lib/x86_64-linux-gnu/perl/5.36.0/CORE/config.h
    - /usr/lib/x86_64-linux-gnu/perl/5.36.0/CORE/cop.h
    - /usr/lib/x86_64-linux-gnu/perl/5.36.0/CORE/cv.h
    - /usr/lib/x86_64-linux-gnu/perl/5.36.0/CORE/dosish.h
    - /usr/lib/x86_64-linux-gnu/perl/5.36.0/CORE/ebcdic_tables.h
    - /usr/lib/x86_64-linux-gnu/perl/5.36.0/CORE/embed.h
    - /usr/lib/x86_64-linux-gnu/perl/5.36.0/CORE/embedvar.h
    - /usr/lib/x86_64-linux-gnu/perl/5.36.0/CORE/fakesdio.h
    - /usr/lib/x86_64-linux-gnu/perl/5.36.0/CORE/feature.h
    - /usr/lib/x86_64-linux-gnu/perl/5.36.0/CORE/form.h
    - /usr/lib/x86_64-linux-gnu/perl/5.36.0/CORE/git_version.h
    - /usr/lib/x86_64-linux-gnu/perl/5.36.0/CORE/gv.h
    - /usr/lib/x86_64-linux-gnu/perl/5.36.0/CORE/handy.h
    - /usr/lib/x86_64-linux-gnu/perl/5.36.0/CORE/hv.h
    - /usr/lib/x86_64-linux-gnu/perl/5.36.0/CORE/hv_func.h
    - /usr/lib/x86_64-linux-gnu/perl/5.36.0/CORE/hv_macro.h
    - /usr/lib/x86_64-linux-gnu/perl/5.36.0/CORE/inline.h
    - /usr/lib/x86_64-linux-gnu/perl/5.36.0/CORE/intrpvar.h
    - /usr/lib/x86_64-linux-gnu/perl/5.36.0/CORE/invlist_inline.h
    - /usr/lib/x86_64-linux-gnu/perl/5.36.0/CORE/iperlsys.h
    - /usr/lib/x86_64-linux-gnu/perl/5.36.0/CORE/keywords.h
    - /usr/lib/x86_64-linux-gnu/perl/5.36.0/CORE/l1_char_class_tab.h
    - /usr/lib/x86_64-linux-gnu/perl/5.36.0/CORE/malloc_ctl.h
    - /usr/lib/x86_64-linux-gnu/perl/5.36.0/CORE/metaconfig.h
    - /usr/lib/x86_64-linux-gnu/perl/5.36.0/CORE/mg.h
    - /usr/lib/x86_64-linux-gnu/perl/5.36.0/CORE/mg_data.h
    - /usr/lib/x86_64-linux-gnu/perl/5.36.0/CORE/mg_raw.h
    - /usr/lib/x86_64-linux-gnu/perl/5.36.0/CORE/mg_vtable.h
    - /usr/lib/x86_64-linux-gnu/perl/5.36.0/CORE/mydtrace.h
    - /usr/lib/x86_64-linux-gnu/perl/5.36.0/CORE/nostdio.h
    - /usr/lib/x86_64-linux-gnu/perl/5.36.0/CORE/op.h
    - /usr/lib/x86_64-linux-gnu/perl/5.36.0/CORE/op_reg_common.h
    - /usr/lib/x86_64-linux-gnu/perl/5.36.0/CORE/opcode.h
    - /usr/lib/x86_64-linux-gnu/perl/5.36.0/CORE/opnames.h
    - /usr/lib/x86_64-linux-gnu/perl/5.36.0/CORE/overload.h
    - /usr/lib/x86_64-linux-gnu/perl/5.36.0/CORE/pad.h
    - /usr/lib/x86_64-linux-gnu/perl/5.36.0/CORE/parser.h
    - /usr/lib/x86_64-linux-gnu/perl/5.36.0/CORE/patchlevel-debian.h
    - /usr/lib/x86_64-linux-gnu/perl/5.36.0/CORE/patchlevel.h
    - /usr/lib/x86_64-linux-gnu/perl/5.36.0/CORE/perl.h
    - /usr/lib/x86_64-linux-gnu/perl/5.36.0/CORE/perl_inc_macro.h
    - /usr/lib/x86_64-linux-gnu/perl/5.36.0/CORE/perl_langinfo.h
    - /usr/lib/x86_64-linux-gnu/perl/5.36.0/CORE/perl_siphash.h
    - /usr/lib/x86_64-linux-gnu/perl/5.36.0/CORE/perlapi.h
    - /usr/lib/x86_64-linux-gnu/perl/5.36.0/CORE/perlio.h
    - /usr/lib/x86_64-linux-gnu/perl/5.36.0/CORE/perliol.h
    - /usr/lib/x86_64-linux-gnu/perl/5.36.0/CORE/perlsdio.h
    - /usr/lib/x86_64-linux-gnu/perl/5.36.0/CORE/perlvars.h
    - /usr/lib/x86_64-linux-gnu/perl/5.36.0/CORE/perly.h
    - /usr/lib/x86_64-linux-gnu/perl/5.36.0/CORE/pp.h
    - /usr/lib/x86_64-linux-gnu/perl/5.36.0/CORE/pp_proto.h
    - /usr/lib/x86_64-linux-gnu/perl/5.36.0/CORE/proto.h
    - /usr/lib/x86_64-linux-gnu/perl/5.36.0/CORE/reentr.h
    - /usr/lib/x86_64-linux-gnu/perl/5.36.0/CORE/regcharclass.h
    - /usr/lib/x86_64-linux-gnu/perl/5.36.0/CORE/regcomp.h
    - /usr/lib/x86_64-linux-gnu/perl/5.36.0/CORE/regexp.h
    - /usr/lib/x86_64-linux-gnu/perl/5.36.0/CORE/regnodes.h
    - /usr/lib/x86_64-linux-gnu/perl/5.36.0/CORE/sbox32_hash.h
    - /usr/lib/x86_64-linux-gnu/perl/5.36.0/CORE/scope.h
    - /usr/lib/x86_64-linux-gnu/perl/5.36.0/CORE/sv.h
    - /usr/lib/x86_64-linux-gnu/perl/5.36.0/CORE/sv_inline.h
    - /usr/lib/x86_64-linux-gnu/perl/5.36.0/CORE/thread.h
    - /usr/lib/x86_64-linux-gnu/perl/5.36.0/CORE/time64.h
    - /usr/lib/x86_64-linux-gnu/perl/5.36.0/CORE/time64_config.h
    - /usr/lib/x86_64-linux-gnu/perl/5.36.0/CORE/uconfig.h
    - /usr/lib/x86_64-linux-gnu/perl/5.36.0/CORE/uni_keywords.h
    - /usr/lib/x86_64-linux-gnu/perl/5.36.0/CORE/unicode_constants.h
    - /usr/lib/x86_64-linux-gnu/perl/5.36.0/CORE/unixish.h
    - /usr/lib/x86_64-linux-gnu/perl/5.36.0/CORE/utf8.h
    - /usr/lib/x86_64-linux-gnu/perl/5.36.0/CORE/utfebcdic.h
    - /usr/lib/x86_64-linux-gnu/perl/5.36.0/CORE/util.h
    - /usr/lib/x86_64-linux-gnu/perl/5.36.0/CORE/uudmap.h
    - /usr/lib/x86_64-linux-gnu/perl/5.36.0/CORE/vutil.h
    - /usr/lib/x86_64-linux-gnu/perl/5.36.0/CORE/warnings.h
    - /usr/lib/x86_64-linux-gnu/perl/5.36.0/CORE/zaphod32_hash.h
    - /usr/lib/x86_64-linux-gnu/perl/5.36.0/Compress/Raw/Bzip2.pm
    - /usr/lib/x86_64-linux-gnu/perl/5.36.0/Compress/Raw/Zlib.pm
    - /usr/lib/x86_64-linux-gnu/perl/5.36.0/Config.pm
    - /usr/lib/x86_64-linux-gnu/perl/5.36.0/Config.pod
    - /usr/lib/x86_64-linux-gnu/perl/5.36.0/Config_git.pl
    - /usr/lib/x86_64-linux-gnu/perl/5.36.0/Config_heavy.pl
    - /usr/lib/x86_64-linux-gnu/perl/5.36.0/Cwd.pm
    - /usr/lib/x86_64-linux-gnu/perl/5.36.0/DB_File.pm
    - /usr/lib/x86_64-linux-gnu/perl/5.36.0/Data/Dumper.pm
    - /usr/lib/x86_64-linux-gnu/perl/5.36.0/Devel/PPPort.pm
    - /usr/lib/x86_64-linux-gnu/perl/5.36.0/Devel/Peek.pm
    - /usr/lib/x86_64-linux-gnu/perl/5.36.0/Digest/MD5.pm
    - /usr/lib/x86_64-linux-gnu/perl/5.36.0/Digest/SHA.pm
    - /usr/lib/x86_64-linux-gnu/perl/5.36.0/DynaLoader.pm
    - /usr/lib/x86_64-linux-gnu/perl/5.36.0/Encode.pm
    - /usr/lib/x86_64-linux-gnu/perl/5.36.0/Encode/Alias.pm
    - /usr/lib/x86_64-linux-gnu/perl/5.36.0/Encode/Byte.pm
    - /usr/lib/x86_64-linux-gnu/perl/5.36.0/Encode/CJKConstants.pm
    - /usr/lib/x86_64-linux-gnu/perl/5.36.0/Encode/CN.pm
    - /usr/lib/x86_64-linux-gnu/perl/5.36.0/Encode/CN/HZ.pm
    - /usr/lib/x86_64-linux-gnu/perl/5.36.0/Encode/Config.pm
    - /usr/lib/x86_64-linux-gnu/perl/5.36.0/Encode/EBCDIC.pm
    - /usr/lib/x86_64-linux-gnu/perl/5.36.0/Encode/Encoder.pm
    - /usr/lib/x86_64-linux-gnu/perl/5.36.0/Encode/Encoding.pm
    - /usr/lib/x86_64-linux-gnu/perl/5.36.0/Encode/GSM0338.pm
    - /usr/lib/x86_64-linux-gnu/perl/5.36.0/Encode/Guess.pm
    - /usr/lib/x86_64-linux-gnu/perl/5.36.0/Encode/JP.pm
    - /usr/lib/x86_64-linux-gnu/perl/5.36.0/Encode/JP/H2Z.pm
    - /usr/lib/x86_64-linux-gnu/perl/5.36.0/Encode/JP/JIS7.pm
    - /usr/lib/x86_64-linux-gnu/perl/5.36.0/Encode/KR.pm
    - /usr/lib/x86_64-linux-gnu/perl/5.36.0/Encode/KR/2022_KR.pm
    - /usr/lib/x86_64-linux-gnu/perl/5.36.0/Encode/MIME/Header.pm
    - /usr/lib/x86_64-linux-gnu/perl/5.36.0/Encode/MIME/Header/ISO_2022_JP.pm
    - /usr/lib/x86_64-linux-gnu/perl/5.36.0/Encode/MIME/Name.pm
    - /usr/lib/x86_64-linux-gnu/perl/5.36.0/Encode/Symbol.pm
    - /usr/lib/x86_64-linux-gnu/perl/5.36.0/Encode/TW.pm
    - /usr/lib/x86_64-linux-gnu/perl/5.36.0/Encode/Unicode.pm
    - /usr/lib/x86_64-linux-gnu/perl/5.36.0/Encode/Unicode/UTF7.pm
    - /usr/lib/x86_64-linux-gnu/perl/5.36.0/Errno.pm
    - /usr/lib/x86_64-linux-gnu/perl/5.36.0/Fcntl.pm
    - /usr/lib/x86_64-linux-gnu/perl/5.36.0/File/DosGlob.pm
    - /usr/lib/x86_64-linux-gnu/perl/5.36.0/File/Glob.pm
    - /usr/lib/x86_64-linux-gnu/perl/5.36.0/File/Spec.pm
    - /usr/lib/x86_64-linux-gnu/perl/5.36.0/File/Spec/AmigaOS.pm
    - /usr/lib/x86_64-linux-gnu/perl/5.36.0/File/Spec/Cygwin.pm
    - /usr/lib/x86_64-linux-gnu/perl/5.36.0/File/Spec/Epoc.pm
    - /usr/lib/x86_64-linux-gnu/perl/5.36.0/File/Spec/Functions.pm
    - /usr/lib/x86_64-linux-gnu/perl/5.36.0/File/Spec/Mac.pm
    - /usr/lib/x86_64-linux-gnu/perl/5.36.0/File/Spec/OS2.pm
    - /usr/lib/x86_64-linux-gnu/perl/5.36.0/File/Spec/Unix.pm
    - /usr/lib/x86_64-linux-gnu/perl/5.36.0/File/Spec/VMS.pm
    - /usr/lib/x86_64-linux-gnu/perl/5.36.0/File/Spec/Win32.pm
    - /usr/lib/x86_64-linux-gnu/perl/5.36.0/Filter/Util/Call.pm
    - /usr/lib/x86_64-linux-gnu/perl/5.36.0/GDBM_File.pm
    - /usr/lib/x86_64-linux-gnu/perl/5.36.0/Hash/Util.pm
    - /usr/lib/x86_64-linux-gnu/perl/5.36.0/Hash/Util/FieldHash.pm
    - /usr/lib/x86_64-linux-gnu/perl/5.36.0/I18N/Langinfo.pm
    - /usr/lib/x86_64-linux-gnu/perl/5.36.0/IO.pm
    - /usr/lib/x86_64-linux-gnu/perl/5.36.0/IO/Dir.pm
    - /usr/lib/x86_64-linux-gnu/perl/5.36.0/IO/File.pm
    - /usr/lib/x86_64-linux-gnu/perl/5.36.0/IO/Handle.pm
    - /usr/lib/x86_64-linux-gnu/perl/5.36.0/IO/Pipe.pm
    - /usr/lib/x86_64-linux-gnu/perl/5.36.0/IO/Poll.pm
    - /usr/lib/x86_64-linux-gnu/perl/5.36.0/IO/Seekable.pm
    - /usr/lib/x86_64-linux-gnu/perl/5.36.0/IO/Select.pm
    - /usr/lib/x86_64-linux-gnu/perl/5.36.0/IO/Socket.pm
    - /usr/lib/x86_64-linux-gnu/perl/5.36.0/IO/Socket/INET.pm
    - /usr/lib/x86_64-linux-gnu/perl/5.36.0/IO/Socket/UNIX.pm
    - /usr/lib/x86_64-linux-gnu/perl/5.36.0/IPC/Msg.pm
    - /usr/lib/x86_64-linux-gnu/perl/5.36.0/IPC/Semaphore.pm
    - /usr/lib/x86_64-linux-gnu/perl/5.36.0/IPC/SharedMem.pm
    - /usr/lib/x86_64-linux-gnu/perl/5.36.0/IPC/SysV.pm
    - /usr/lib/x86_64-linux-gnu/perl/5.36.0/List/Util.pm
    - /usr/lib/x86_64-linux-gnu/perl/5.36.0/List/Util/XS.pm
    - /usr/lib/x86_64-linux-gnu/perl/5.36.0/MIME/Base64.pm
    - /usr/lib/x86_64-linux-gnu/perl/5.36.0/MIME/QuotedPrint.pm
    - /usr/lib/x86_64-linux-gnu/perl/5.36.0/Math/BigInt/FastCalc.pm
    - /usr/lib/x86_64-linux-gnu/perl/5.36.0/NDBM_File.pm
    - /usr/lib/x86_64-linux-gnu/perl/5.36.0/O.pm
    - /usr/lib/x86_64-linux-gnu/perl/5.36.0/ODBM_File.pm
    - /usr/lib/x86_64-linux-gnu/perl/5.36.0/Opcode.pm
    - /usr/lib/x86_64-linux-gnu/perl/5.36.0/POSIX.pm
    - /usr/lib/x86_64-linux-gnu/perl/5.36.0/POSIX.pod
    - /usr/lib/x86_64-linux-gnu/perl/5.36.0/PerlIO/encoding.pm
    - /usr/lib/x86_64-linux-gnu/perl/5.36.0/PerlIO/mmap.pm
    - /usr/lib/x86_64-linux-gnu/perl/5.36.0/PerlIO/scalar.pm
    - /usr/lib/x86_64-linux-gnu/perl/5.36.0/PerlIO/via.pm
    - /usr/lib/x86_64-linux-gnu/perl/5.36.0/SDBM_File.pm
    - /usr/lib/x86_64-linux-gnu/perl/5.36.0/Scalar/Util.pm
    - /usr/lib/x86_64-linux-gnu/perl/5.36.0/Socket.pm
    - /usr/lib/x86_64-linux-gnu/perl/5.36.0/Storable.pm
    - /usr/lib/x86_64-linux-gnu/perl/5.36.0/Sub/Util.pm
    - /usr/lib/x86_64-linux-gnu/perl/5.36.0/Sys/Hostname.pm
    - /usr/lib/x86_64-linux-gnu/perl/5.36.0/Sys/Syslog.pm
    - /usr/lib/x86_64-linux-gnu/perl/5.36.0/Time/HiRes.pm
    - /usr/lib/x86_64-linux-gnu/perl/5.36.0/Time/Piece.pm
    - /usr/lib/x86_64-linux-gnu/perl/5.36.0/Time/Seconds.pm
    - /usr/lib/x86_64-linux-gnu/perl/5.36.0/Unicode/Collate.pm
    - /usr/lib/x86_64-linux-gnu/perl/5.36.0/Unicode/Collate/Locale.pm
    - /usr/lib/x86_64-linux-gnu/perl/5.36.0/Unicode/Normalize.pm
    - /usr/lib/x86_64-linux-gnu/perl/5.36.0/_h2ph_pre.ph
    - /usr/lib/x86_64-linux-gnu/perl/5.36.0/asm-generic/bitsperlong.ph
    - /usr/lib/x86_64-linux-gnu/perl/5.36.0/asm-generic/ioctl.ph
    - /usr/lib/x86_64-linux-gnu/perl/5.36.0/asm-generic/ioctls.ph
    - /usr/lib/x86_64-linux-gnu/perl/5.36.0/asm-generic/posix_types.ph
    - /usr/lib/x86_64-linux-gnu/perl/5.36.0/asm-generic/socket.ph
    - /usr/lib/x86_64-linux-gnu/perl/5.36.0/asm-generic/sockios.ph
    - /usr/lib/x86_64-linux-gnu/perl/5.36.0/asm-generic/termbits-common.ph
    - /usr/lib/x86_64-linux-gnu/perl/5.36.0/asm-generic/termbits.ph
    - /usr/lib/x86_64-linux-gnu/perl/5.36.0/asm-generic/termios.ph
    - /usr/lib/x86_64-linux-gnu/perl/5.36.0/asm/bitsperlong.ph
    - /usr/lib/x86_64-linux-gnu/perl/5.36.0/asm/ioctl.ph
    - /usr/lib/x86_64-linux-gnu/perl/5.36.0/asm/ioctls.ph
    - /usr/lib/x86_64-linux-gnu/perl/5.36.0/asm/posix_types.ph
    - /usr/lib/x86_64-linux-gnu/perl/5.36.0/asm/posix_types_32.ph
    - /usr/lib/x86_64-linux-gnu/perl/5.36.0/asm/posix_types_64.ph
    - /usr/lib/x86_64-linux-gnu/perl/5.36.0/asm/posix_types_x32.ph
    - /usr/lib/x86_64-linux-gnu/perl/5.36.0/asm/socket.ph
    - /usr/lib/x86_64-linux-gnu/perl/5.36.0/asm/sockios.ph
    - /usr/lib/x86_64-linux-gnu/perl/5.36.0/asm/termbits.ph
    - /usr/lib/x86_64-linux-gnu/perl/5.36.0/asm/termios.ph
    - /usr/lib/x86_64-linux-gnu/perl/5.36.0/asm/unistd.ph
    - /usr/lib/x86_64-linux-gnu/perl/5.36.0/asm/unistd_32.ph
    - /usr/lib/x86_64-linux-gnu/perl/5.36.0/asm/unistd_64.ph
    - /usr/lib/x86_64-linux-gnu/perl/5.36.0/asm/unistd_x32.ph
    - /usr/lib/x86_64-linux-gnu/perl/5.36.0/attributes.pm
    - /usr/lib/x86_64-linux-gnu/perl/5.36.0/auto/B/B.so
    - /usr/lib/x86_64-linux-gnu/perl/5.36.0/auto/Compress/Raw/Bzip2/Bzip2.so
    - /usr/lib/x86_64-linux-gnu/perl/5.36.0/auto/Compress/Raw/Zlib/Zlib.so
    - /usr/lib/x86_64-linux-gnu/perl/5.36.0/auto/Cwd/Cwd.so
    - /usr/lib/x86_64-linux-gnu/perl/5.36.0/auto/DB_File/DB_File.so
    - /usr/lib/x86_64-linux-gnu/perl/5.36.0/auto/Data/Dumper/Dumper.so
    - /usr/lib/x86_64-linux-gnu/perl/5.36.0/auto/Devel/Peek/Peek.so
    - /usr/lib/x86_64-linux-gnu/perl/5.36.0/auto/Digest/MD5/MD5.so
    - /usr/lib/x86_64-linux-gnu/perl/5.36.0/auto/Digest/SHA/SHA.so
    - /usr/lib/x86_64-linux-gnu/perl/5.36.0/auto/Encode/Byte/Byte.so
    - /usr/lib/x86_64-linux-gnu/perl/5.36.0/auto/Encode/CN/CN.so
    - /usr/lib/x86_64-linux-gnu/perl/5.36.0/auto/Encode/EBCDIC/EBCDIC.so
    - /usr/lib/x86_64-linux-gnu/perl/5.36.0/auto/Encode/Encode.so
    - /usr/lib/x86_64-linux-gnu/perl/5.36.0/auto/Encode/JP/JP.so
    - /usr/lib/x86_64-linux-gnu/perl/5.36.0/auto/Encode/KR/KR.so
    - /usr/lib/x86_64-linux-gnu/perl/5.36.0/auto/Encode/Symbol/Symbol.so
    - /usr/lib/x86_64-linux-gnu/perl/5.36.0/auto/Encode/TW/TW.so
    - /usr/lib/x86_64-linux-gnu/perl/5.36.0/auto/Encode/Unicode/Unicode.so
    - /usr/lib/x86_64-linux-gnu/perl/5.36.0/auto/Fcntl/Fcntl.so
    - /usr/lib/x86_64-linux-gnu/perl/5.36.0/auto/File/DosGlob/DosGlob.so
    - /usr/lib/x86_64-linux-gnu/perl/5.36.0/auto/File/Glob/Glob.so
    - /usr/lib/x86_64-linux-gnu/perl/5.36.0/auto/Filter/Util/Call/Call.so
    - /usr/lib/x86_64-linux-gnu/perl/5.36.0/auto/GDBM_File/GDBM_File.so
    - /usr/lib/x86_64-linux-gnu/perl/5.36.0/auto/Hash/Util/FieldHash/FieldHash.so
    - /usr/lib/x86_64-linux-gnu/perl/5.36.0/auto/Hash/Util/Util.so
    - /usr/lib/x86_64-linux-gnu/perl/5.36.0/auto/I18N/Langinfo/Langinfo.so
    - /usr/lib/x86_64-linux-gnu/perl/5.36.0/auto/IO/IO.so
    - /usr/lib/x86_64-linux-gnu/perl/5.36.0/auto/IPC/SysV/SysV.so
    - /usr/lib/x86_64-linux-gnu/perl/5.36.0/auto/List/Util/Util.so
    - /usr/lib/x86_64-linux-gnu/perl/5.36.0/auto/MIME/Base64/Base64.so
    - /usr/lib/x86_64-linux-gnu/perl/5.36.0/auto/Math/BigInt/FastCalc/FastCalc.so
    - /usr/lib/x86_64-linux-gnu/perl/5.36.0/auto/NDBM_File/NDBM_File.so
    - /usr/lib/x86_64-linux-gnu/perl/5.36.0/auto/ODBM_File/ODBM_File.so
    - /usr/lib/x86_64-linux-gnu/perl/5.36.0/auto/Opcode/Opcode.so
    - /usr/lib/x86_64-linux-gnu/perl/5.36.0/auto/POSIX/POSIX.so
    - /usr/lib/x86_64-linux-gnu/perl/5.36.0/auto/PerlIO/encoding/encoding.so
    - /usr/lib/x86_64-linux-gnu/perl/5.36.0/auto/PerlIO/mmap/mmap.so
    - /usr/lib/x86_64-linux-gnu/perl/5.36.0/auto/PerlIO/scalar/scalar.so
    - /usr/lib/x86_64-linux-gnu/perl/5.36.0/auto/PerlIO/via/via.so
    - /usr/lib/x86_64-linux-gnu/perl/5.36.0/auto/SDBM_File/SDBM_File.so
    - /usr/lib/x86_64-linux-gnu/perl/5.36.0/auto/Socket/Socket.so
    - /usr/lib/x86_64-linux-gnu/perl/5.36.0/auto/Storable/Storable.so
    - /usr/lib/x86_64-linux-gnu/perl/5.36.0/auto/Sys/Hostname/Hostname.so
    - /usr/lib/x86_64-linux-gnu/perl/5.36.0/auto/Sys/Syslog/Syslog.so
    - /usr/lib/x86_64-linux-gnu/perl/5.36.0/auto/Time/HiRes/HiRes.so
    - /usr/lib/x86_64-linux-gnu/perl/5.36.0/auto/Time/Piece/Piece.so
    - /usr/lib/x86_64-linux-gnu/perl/5.36.0/auto/Unicode/Collate/Collate.so
    - /usr/lib/x86_64-linux-gnu/perl/5.36.0/auto/Unicode/Normalize/Normalize.so
    - /usr/lib/x86_64-linux-gnu/perl/5.36.0/auto/attributes/attributes.so
    - /usr/lib/x86_64-linux-gnu/perl/5.36.0/auto/mro/mro.so
    - /usr/lib/x86_64-linux-gnu/perl/5.36.0/auto/re/re.so
    - /usr/lib/x86_64-linux-gnu/perl/5.36.0/auto/threads/shared/shared.so
    - /usr/lib/x86_64-linux-gnu/perl/5.36.0/auto/threads/threads.so
    - /usr/lib/x86_64-linux-gnu/perl/5.36.0/bits/atomic_wide_counter.ph
    - /usr/lib/x86_64-linux-gnu/perl/5.36.0/bits/byteswap.ph
    - /usr/lib/x86_64-linux-gnu/perl/5.36.0/bits/confname.ph
    - /usr/lib/x86_64-linux-gnu/perl/5.36.0/bits/endian.ph
    - /usr/lib/x86_64-linux-gnu/perl/5.36.0/bits/endianness.ph
    - /usr/lib/x86_64-linux-gnu/perl/5.36.0/bits/environments.ph
    - /usr/lib/x86_64-linux-gnu/perl/5.36.0/bits/floatn-common.ph
    - /usr/lib/x86_64-linux-gnu/perl/5.36.0/bits/floatn.ph
    - /usr/lib/x86_64-linux-gnu/perl/5.36.0/bits/getopt_core.ph
    - /usr/lib/x86_64-linux-gnu/perl/5.36.0/bits/getopt_posix.ph
    - /usr/lib/x86_64-linux-gnu/perl/5.36.0/bits/ioctl-types.ph
    - /usr/lib/x86_64-linux-gnu/perl/5.36.0/bits/ioctls.ph
    - /usr/lib/x86_64-linux-gnu/perl/5.36.0/bits/long-double.ph
    - /usr/lib/x86_64-linux-gnu/perl/5.36.0/bits/posix_opt.ph
    - /usr/lib/x86_64-linux-gnu/perl/5.36.0/bits/pthreadtypes-arch.ph
    - /usr/lib/x86_64-linux-gnu/perl/5.36.0/bits/pthreadtypes.ph
    - /usr/lib/x86_64-linux-gnu/perl/5.36.0/bits/select.ph
    - /usr/lib/x86_64-linux-gnu/perl/5.36.0/bits/select2.ph
    - /usr/lib/x86_64-linux-gnu/perl/5.36.0/bits/sigaction.ph
    - /usr/lib/x86_64-linux-gnu/perl/5.36.0/bits/sigcontext.ph
    - /usr/lib/x86_64-linux-gnu/perl/5.36.0/bits/sigevent-consts.ph
    - /usr/lib/x86_64-linux-gnu/perl/5.36.0/bits/siginfo-arch.ph
    - /usr/lib/x86_64-linux-gnu/perl/5.36.0/bits/siginfo-consts-arch.ph
    - /usr/lib/x86_64-linux-gnu/perl/5.36.0/bits/siginfo-consts.ph
    - /usr/lib/x86_64-linux-gnu/perl/5.36.0/bits/signal_ext.ph
    - /usr/lib/x86_64-linux-gnu/perl/5.36.0/bits/signum-arch.ph
    - /usr/lib/x86_64-linux-gnu/perl/5.36.0/bits/signum-generic.ph
    - /usr/lib/x86_64-linux-gnu/perl/5.36.0/bits/sigstack.ph
    - /usr/lib/x86_64-linux-gnu/perl/5.36.0/bits/sigstksz.ph
    - /usr/lib/x86_64-linux-gnu/perl/5.36.0/bits/sigthread.ph
    - /usr/lib/x86_64-linux-gnu/perl/5.36.0/bits/sockaddr.ph
    - /usr/lib/x86_64-linux-gnu/perl/5.36.0/bits/socket-constants.ph
    - /usr/lib/x86_64-linux-gnu/perl/5.36.0/bits/socket.ph
    - /usr/lib/x86_64-linux-gnu/perl/5.36.0/bits/socket2.ph
    - /usr/lib/x86_64-linux-gnu/perl/5.36.0/bits/socket_type.ph
    - /usr/lib/x86_64-linux-gnu/perl/5.36.0/bits/ss_flags.ph
    - /usr/lib/x86_64-linux-gnu/perl/5.36.0/bits/stdint-intn.ph
    - /usr/lib/x86_64-linux-gnu/perl/5.36.0/bits/struct_mutex.ph
    - /usr/lib/x86_64-linux-gnu/perl/5.36.0/bits/struct_rwlock.ph
    - /usr/lib/x86_64-linux-gnu/perl/5.36.0/bits/syscall.ph
    - /usr/lib/x86_64-linux-gnu/perl/5.36.0/bits/syslog-ldbl.ph
    - /usr/lib/x86_64-linux-gnu/perl/5.36.0/bits/syslog-path.ph
    - /usr/lib/x86_64-linux-gnu/perl/5.36.0/bits/syslog.ph
    - /usr/lib/x86_64-linux-gnu/perl/5.36.0/bits/thread-shared-types.ph
    - /usr/lib/x86_64-linux-gnu/perl/5.36.0/bits/time64.ph
    - /usr/lib/x86_64-linux-gnu/perl/5.36.0/bits/timesize.ph
    - /usr/lib/x86_64-linux-gnu/perl/5.36.0/bits/types.ph
    - /usr/lib/x86_64-linux-gnu/perl/5.36.0/bits/types/__sigset_t.ph
    - /usr/lib/x86_64-linux-gnu/perl/5.36.0/bits/types/__sigval_t.ph
    - /usr/lib/x86_64-linux-gnu/perl/5.36.0/bits/types/clock_t.ph
    - /usr/lib/x86_64-linux-gnu/perl/5.36.0/bits/types/clockid_t.ph
    - /usr/lib/x86_64-linux-gnu/perl/5.36.0/bits/types/idtype_t.ph
    - /usr/lib/x86_64-linux-gnu/perl/5.36.0/bits/types/sig_atomic_t.ph
    - /usr/lib/x86_64-linux-gnu/perl/5.36.0/bits/types/sigevent_t.ph
    - /usr/lib/x86_64-linux-gnu/perl/5.36.0/bits/types/siginfo_t.ph
    - /usr/lib/x86_64-linux-gnu/perl/5.36.0/bits/types/sigset_t.ph
    - /usr/lib/x86_64-linux-gnu/perl/5.36.0/bits/types/sigval_t.ph
    - /usr/lib/x86_64-linux-gnu/perl/5.36.0/bits/types/stack_t.ph
    - /usr/lib/x86_64-linux-gnu/perl/5.36.0/bits/types/struct_iovec.ph
    - /usr/lib/x86_64-linux-gnu/perl/5.36.0/bits/types/struct_osockaddr.ph
    - /usr/lib/x86_64-linux-gnu/perl/5.36.0/bits/types/struct_rusage.ph
    - /usr/lib/x86_64-linux-gnu/perl/5.36.0/bits/types/struct_sigstack.ph
    - /usr/lib/x86_64-linux-gnu/perl/5.36.0/bits/types/struct_timespec.ph
    - /usr/lib/x86_64-linux-gnu/perl/5.36.0/bits/types/struct_timeval.ph
    - /usr/lib/x86_64-linux-gnu/perl/5.36.0/bits/types/time_t.ph
    - /usr/lib/x86_64-linux-gnu/perl/5.36.0/bits/types/timer_t.ph
    - /usr/lib/x86_64-linux-gnu/perl/5.36.0/bits/typesizes.ph
    - /usr/lib/x86_64-linux-gnu/perl/5.36.0/bits/uintn-identity.ph
    - /usr/lib/x86_64-linux-gnu/perl/5.36.0/bits/unistd.ph
    - /usr/lib/x86_64-linux-gnu/perl/5.36.0/bits/unistd_ext.ph
    - /usr/lib/x86_64-linux-gnu/perl/5.36.0/bits/waitflags.ph
    - /usr/lib/x86_64-linux-gnu/perl/5.36.0/bits/waitstatus.ph
    - /usr/lib/x86_64-linux-gnu/perl/5.36.0/bits/wordsize.ph
    - /usr/lib/x86_64-linux-gnu/perl/5.36.0/encoding.pm
    - /usr/lib/x86_64-linux-gnu/perl/5.36.0/endian.ph
    - /usr/lib/x86_64-linux-gnu/perl/5.36.0/errno.ph
    - /usr/lib/x86_64-linux-gnu/perl/5.36.0/features-time64.ph
    - /usr/lib/x86_64-linux-gnu/perl/5.36.0/features.ph
    - /usr/lib/x86_64-linux-gnu/perl/5.36.0/gnu/stubs-64.ph
    - /usr/lib/x86_64-linux-gnu/perl/5.36.0/gnu/stubs.ph
    - /usr/lib/x86_64-linux-gnu/perl/5.36.0/lib.pm
    - /usr/lib/x86_64-linux-gnu/perl/5.36.0/linux/ioctl.ph
    - /usr/lib/x86_64-linux-gnu/perl/5.36.0/linux/posix_types.ph
    - /usr/lib/x86_64-linux-gnu/perl/5.36.0/linux/stddef.ph
    - /usr/lib/x86_64-linux-gnu/perl/5.36.0/mro.pm
    - /usr/lib/x86_64-linux-gnu/perl/5.36.0/ops.pm
    - /usr/lib/x86_64-linux-gnu/perl/5.36.0/re.pm
    - /usr/lib/x86_64-linux-gnu/perl/5.36.0/signal.ph
    - /usr/lib/x86_64-linux-gnu/perl/5.36.0/stdarg.ph
    - /usr/lib/x86_64-linux-gnu/perl/5.36.0/stdc-predef.ph
    - /usr/lib/x86_64-linux-gnu/perl/5.36.0/stddef.ph
    - /usr/lib/x86_64-linux-gnu/perl/5.36.0/sys/cdefs.ph
    - /usr/lib/x86_64-linux-gnu/perl/5.36.0/sys/ioctl.ph
    - /usr/lib/x86_64-linux-gnu/perl/5.36.0/sys/select.ph
    - /usr/lib/x86_64-linux-gnu/perl/5.36.0/sys/socket.ph
    - /usr/lib/x86_64-linux-gnu/perl/5.36.0/sys/syscall.ph
    - /usr/lib/x86_64-linux-gnu/perl/5.36.0/sys/syslog.ph
    - /usr/lib/x86_64-linux-gnu/perl/5.36.0/sys/time.ph
    - /usr/lib/x86_64-linux-gnu/perl/5.36.0/sys/ttydefaults.ph
    - /usr/lib/x86_64-linux-gnu/perl/5.36.0/sys/types.ph
    - /usr/lib/x86_64-linux-gnu/perl/5.36.0/sys/ucontext.ph
    - /usr/lib/x86_64-linux-gnu/perl/5.36.0/sys/wait.ph
    - /usr/lib/x86_64-linux-gnu/perl/5.36.0/syscall.ph
    - /usr/lib/x86_64-linux-gnu/perl/5.36.0/sysexits.ph
    - /usr/lib/x86_64-linux-gnu/perl/5.36.0/syslimits.ph
    - /usr/lib/x86_64-linux-gnu/perl/5.36.0/syslog.ph
    - /usr/lib/x86_64-linux-gnu/perl/5.36.0/threads.pm
    - /usr/lib/x86_64-linux-gnu/perl/5.36.0/threads/shared.pm
    - /usr/lib/x86_64-linux-gnu/perl/5.36.0/unistd.ph
    - /usr/lib/x86_64-linux-gnu/perl/5.36.0/wait.ph
    - /usr/lib/x86_64-linux-gnu/perl/debian-config-data-5.36.0/README
    - /usr/lib/x86_64-linux-gnu/perl/debian-config-data-5.36.0/config.sh.debug.gz
    - /usr/lib/x86_64-linux-gnu/perl/debian-config-data-5.36.0/config.sh.shared.gz
    - /usr/lib/x86_64-linux-gnu/perl/debian-config-data-5.36.0/config.sh.static.gz
    - /usr/lib/x86_64-linux-gnu/pkgconfig/libnsl.pc
    - /usr/lib/x86_64-linux-gnu/pkgconfig/libtirpc.pc
    - /usr/lib/x86_64-linux-gnu/pkgconfig/libxcrypt.pc
    - /usr/lib/x86_64-linux-gnu/sasl2/libsasldb.so.2.0.25
    - /usr/lib/x86_64-linux-gnu/security/pam_access.so
    - /usr/lib/x86_64-linux-gnu/security/pam_debug.so
    - /usr/lib/x86_64-linux-gnu/security/pam_deny.so
    - /usr/lib/x86_64-linux-gnu/security/pam_echo.so
    - /usr/lib/x86_64-linux-gnu/security/pam_env.so
    - /usr/lib/x86_64-linux-gnu/security/pam_exec.so
    - /usr/lib/x86_64-linux-gnu/security/pam_faildelay.so
    - /usr/lib/x86_64-linux-gnu/security/pam_faillock.so
    - /usr/lib/x86_64-linux-gnu/security/pam_filter.so
    - /usr/lib/x86_64-linux-gnu/security/pam_ftp.so
    - /usr/lib/x86_64-linux-gnu/security/pam_group.so
    - /usr/lib/x86_64-linux-gnu/security/pam_issue.so
    - /usr/lib/x86_64-linux-gnu/security/pam_keyinit.so
    - /usr/lib/x86_64-linux-gnu/security/pam_lastlog.so
    - /usr/lib/x86_64-linux-gnu/security/pam_limits.so
    - /usr/lib/x86_64-linux-gnu/security/pam_listfile.so
    - /usr/lib/x86_64-linux-gnu/security/pam_localuser.so
    - /usr/lib/x86_64-linux-gnu/security/pam_loginuid.so
    - /usr/lib/x86_64-linux-gnu/security/pam_mail.so
    - /usr/lib/x86_64-linux-gnu/security/pam_mkhomedir.so
    - /usr/lib/x86_64-linux-gnu/security/pam_motd.so
    - /usr/lib/x86_64-linux-gnu/security/pam_namespace.so
    - /usr/lib/x86_64-linux-gnu/security/pam_nologin.so
    - /usr/lib/x86_64-linux-gnu/security/pam_permit.so
    - /usr/lib/x86_64-linux-gnu/security/pam_pwhistory.so
    - /usr/lib/x86_64-linux-gnu/security/pam_rhosts.so
    - /usr/lib/x86_64-linux-gnu/security/pam_rootok.so
    - /usr/lib/x86_64-linux-gnu/security/pam_securetty.so
    - /usr/lib/x86_64-linux-gnu/security/pam_selinux.so
    - /usr/lib/x86_64-linux-gnu/security/pam_sepermit.so
    - /usr/lib/x86_64-linux-gnu/security/pam_setquota.so
    - /usr/lib/x86_64-linux-gnu/security/pam_shells.so
    - /usr/lib/x86_64-linux-gnu/security/pam_stress.so
    - /usr/lib/x86_64-linux-gnu/security/pam_succeed_if.so
    - /usr/lib/x86_64-linux-gnu/security/pam_time.so
    - /usr/lib/x86_64-linux-gnu/security/pam_timestamp.so
    - /usr/lib/x86_64-linux-gnu/security/pam_tty_audit.so
    - /usr/lib/x86_64-linux-gnu/security/pam_umask.so
    - /usr/lib/x86_64-linux-gnu/security/pam_unix.so
    - /usr/lib/x86_64-linux-gnu/security/pam_userdb.so
    - /usr/lib/x86_64-linux-gnu/security/pam_usertype.so
    - /usr/lib/x86_64-linux-gnu/security/pam_warn.so
    - /usr/lib/x86_64-linux-gnu/security/pam_wheel.so
    - /usr/lib/x86_64-linux-gnu/security/pam_xauth.so
    - /usr/libexec/coreutils/libstdbuf.so
    - /usr/libexec/dpkg/dpkg-db-backup
    - /usr/local/bin/frankenphp
    - /usr/local/bin/php
    - /usr/local/lib/php/.registry/.channel.pecl.php.net/redis.reg
    - /usr/local/lib/php/.registry/archive_tar.reg
    - /usr/local/lib/php/.registry/console_getopt.reg
    - /usr/local/lib/php/.registry/pear.reg
    - /usr/local/lib/php/.registry/structures_graph.reg
    - /usr/local/lib/php/.registry/xml_util.reg
    - /usr/local/lib/php/extensions/no-debug-non-zts-20230831/bcmath.so
    - /usr/local/lib/php/extensions/no-debug-non-zts-20230831/gd.so
    - /usr/local/lib/php/extensions/no-debug-non-zts-20230831/intl.so
    - /usr/local/lib/php/extensions/no-debug-non-zts-20230831/opcache.so
    - /usr/local/lib/php/extensions/no-debug-non-zts-20230831/pcntl.so
    - /usr/local/lib/php/extensions/no-debug-non-zts-20230831/pdo_mysql.so
    - /usr/local/lib/php/extensions/no-debug-non-zts-20230831/pdo_pgsql.so
    - /usr/local/lib/php/extensions/no-debug-non-zts-20230831/pgsql.so
    - /usr/local/lib/php/extensions/no-debug-non-zts-20230831/sockets.so
    - /usr/local/lib/php/extensions/no-debug-non-zts-20230831/sodium.so
    - /usr/local/lib/php/extensions/no-debug-non-zts-20230831/zip.so
    - /usr/local/lib/php/extensions/no-debug-non-zts-20240924/bcmath.so
    - /usr/local/lib/php/extensions/no-debug-non-zts-20240924/gd.so
    - /usr/local/lib/php/extensions/no-debug-non-zts-20240924/intl.so
    - /usr/local/lib/php/extensions/no-debug-non-zts-20240924/opcache.so
    - /usr/local/lib/php/extensions/no-debug-non-zts-20240924/pcntl.so
    - /usr/local/lib/php/extensions/no-debug-non-zts-20240924/pdo_mysql.so
    - /usr/local/lib/php/extensions/no-debug-non-zts-20240924/pdo_pgsql.so
    - /usr/local/lib/php/extensions/no-debug-non-zts-20240924/pgsql.so
    - /usr/local/lib/php/extensions/no-debug-non-zts-20240924/sockets.so
    - /usr/local/lib/php/extensions/no-debug-non-zts-20240924/sodium.so
    - /usr/local/lib/php/extensions/no-debug-non-zts-20240924/zip.so
    - /usr/local/lib/php/extensions/no-debug-zts-20230831/bcmath.so
    - /usr/local/lib/php/extensions/no-debug-zts-20230831/gd.so
    - /usr/local/lib/php/extensions/no-debug-zts-20230831/intl.so
    - /usr/local/lib/php/extensions/no-debug-zts-20230831/opcache.so
    - /usr/local/lib/php/extensions/no-debug-zts-20230831/pcntl.so
    - /usr/local/lib/php/extensions/no-debug-zts-20230831/pdo_mysql.so
    - /usr/local/lib/php/extensions/no-debug-zts-20230831/pdo_pgsql.so
    - /usr/local/lib/php/extensions/no-debug-zts-20230831/pgsql.so
    - /usr/local/lib/php/extensions/no-debug-zts-20230831/sockets.so
    - /usr/local/lib/php/extensions/no-debug-zts-20230831/sodium.so
    - /usr/local/lib/php/extensions/no-debug-zts-20230831/zip.so
    - /usr/local/lib/php/extensions/no-debug-zts-20240924/bcmath.so
    - /usr/local/lib/php/extensions/no-debug-zts-20240924/gd.so
    - /usr/local/lib/php/extensions/no-debug-zts-20240924/intl.so
    - /usr/local/lib/php/extensions/no-debug-zts-20240924/opcache.so
    - /usr/local/lib/php/extensions/no-debug-zts-20240924/pcntl.so
    - /usr/local/lib/php/extensions/no-debug-zts-20240924/pdo_mysql.so
    - /usr/local/lib/php/extensions/no-debug-zts-20240924/pdo_pgsql.so
    - /usr/local/lib/php/extensions/no-debug-zts-20240924/pgsql.so
    - /usr/local/lib/php/extensions/no-debug-zts-20240924/sockets.so
    - /usr/local/lib/php/extensions/no-debug-zts-20240924/sodium.so
    - /usr/local/lib/php/extensions/no-debug-zts-20240924/zip.so
    - /usr/local/sbin/php-fpm
    - /usr/sbin/add-shell
    - /usr/sbin/adduser
    - /usr/sbin/agetty
    - /usr/sbin/badblocks
    - /usr/sbin/blkdiscard
    - /usr/sbin/blkid
    - /usr/sbin/blkzone
    - /usr/sbin/blockdev
    - /usr/sbin/capsh
    - /usr/sbin/chcpu
    - /usr/sbin/chgpasswd
    - /usr/sbin/chmem
    - /usr/sbin/chpasswd
    - /usr/sbin/chroot
    - /usr/sbin/cppw
    - /usr/sbin/ctrlaltdel
    - /usr/sbin/debugfs
    - /usr/sbin/deluser
    - /usr/sbin/dpkg-fsys-usrunmess
    - /usr/sbin/dpkg-preconfigure
    - /usr/sbin/dpkg-reconfigure
    - /usr/sbin/dumpe2fs
    - /usr/sbin/e2freefrag
    - /usr/sbin/e2fsck
    - /usr/sbin/e2image
    - /usr/sbin/e2scrub
    - /usr/sbin/e2scrub_all
    - /usr/sbin/e2undo
    - /usr/sbin/e4crypt
    - /usr/sbin/e4defrag
    - /usr/sbin/faillock
    - /usr/sbin/filefrag
    - /usr/sbin/findfs
    - /usr/sbin/fsck
    - /usr/sbin/fsck.cramfs
    - /usr/sbin/fsck.minix
    - /usr/sbin/fsfreeze
    - /usr/sbin/fstab-decode
    - /usr/sbin/fstrim
    - /usr/sbin/getcap
    - /usr/sbin/getpcaps
    - /usr/sbin/groupadd
    - /usr/sbin/groupdel
    - /usr/sbin/groupmems
    - /usr/sbin/groupmod
    - /usr/sbin/grpck
    - /usr/sbin/grpconv
    - /usr/sbin/grpunconv
    - /usr/sbin/hwclock
    - /usr/sbin/iconvconfig
    - /usr/sbin/installkernel
    - /usr/sbin/invoke-rc.d
    - /usr/sbin/isosize
    - /usr/sbin/killall5
    - /usr/sbin/ldattach
    - /usr/sbin/ldconfig
    - /usr/sbin/logsave
    - /usr/sbin/losetup
    - /usr/sbin/mke2fs
    - /usr/sbin/mkfs
    - /usr/sbin/mkfs.bfs
    - /usr/sbin/mkfs.cramfs
    - /usr/sbin/mkfs.minix
    - /usr/sbin/mkhomedir_helper
    - /usr/sbin/mklost+found
    - /usr/sbin/mkswap
    - /usr/sbin/newusers
    - /usr/sbin/nginx
    - /usr/sbin/nginx-debug
    - /usr/sbin/nologin
    - /usr/sbin/pam-auth-update
    - /usr/sbin/pam_getenv
    - /usr/sbin/pam_namespace_helper
    - /usr/sbin/pam_timestamp_check
    - /usr/sbin/pivot_root
    - /usr/sbin/pwck
    - /usr/sbin/pwconv
    - /usr/sbin/pwhistory_helper
    - /usr/sbin/pwunconv
    - /usr/sbin/readprofile
    - /usr/sbin/remove-shell
    - /usr/sbin/resize2fs
    - /usr/sbin/rmt-tar
    - /usr/sbin/rtcwake
    - /usr/sbin/runuser
    - /usr/sbin/service
    - /usr/sbin/setcap
    - /usr/sbin/shadowconfig
    - /usr/sbin/start-stop-daemon
    - /usr/sbin/sulogin
    - /usr/sbin/swaplabel
    - /usr/sbin/swapoff
    - /usr/sbin/swapon
    - /usr/sbin/switch_root
    - /usr/sbin/tarcat
    - /usr/sbin/tune2fs
    - /usr/sbin/unix_chkpwd
    - /usr/sbin/unix_update
    - /usr/sbin/update-ca-certificates
    - /usr/sbin/update-mime
    - /usr/sbin/update-passwd
    - /usr/sbin/update-rc.d
    - /usr/sbin/update-shells
    - /usr/sbin/useradd
    - /usr/sbin/userdel
    - /usr/sbin/usermod
    - /usr/sbin/vipw
    - /usr/sbin/wipefs
    - /usr/sbin/zic
    - /usr/sbin/zramctl
    - /usr/share/X11/XErrorDB
    - /usr/share/X11/locale/C/Compose
    - /usr/share/X11/locale/C/XI18N_OBJS
    - /usr/share/X11/locale/C/XLC_LOCALE
    - /usr/share/X11/locale/am_ET.UTF-8/Compose
    - /usr/share/X11/locale/am_ET.UTF-8/XI18N_OBJS
    - /usr/share/X11/locale/am_ET.UTF-8/XLC_LOCALE
    - /usr/share/X11/locale/armscii-8/Compose
    - /usr/share/X11/locale/armscii-8/XI18N_OBJS
    - /usr/share/X11/locale/armscii-8/XLC_LOCALE
    - /usr/share/X11/locale/compose.dir
    - /usr/share/X11/locale/cs_CZ.UTF-8/Compose
    - /usr/share/X11/locale/cs_CZ.UTF-8/XI18N_OBJS
    - /usr/share/X11/locale/cs_CZ.UTF-8/XLC_LOCALE
    - /usr/share/X11/locale/el_GR.UTF-8/Compose
    - /usr/share/X11/locale/el_GR.UTF-8/XI18N_OBJS
    - /usr/share/X11/locale/el_GR.UTF-8/XLC_LOCALE
    - /usr/share/X11/locale/en_US.UTF-8/Compose
    - /usr/share/X11/locale/en_US.UTF-8/XI18N_OBJS
    - /usr/share/X11/locale/en_US.UTF-8/XLC_LOCALE
    - /usr/share/X11/locale/fi_FI.UTF-8/Compose
    - /usr/share/X11/locale/fi_FI.UTF-8/XI18N_OBJS
    - /usr/share/X11/locale/fi_FI.UTF-8/XLC_LOCALE
    - /usr/share/X11/locale/georgian-academy/Compose
    - /usr/share/X11/locale/georgian-academy/XI18N_OBJS
    - /usr/share/X11/locale/georgian-academy/XLC_LOCALE
    - /usr/share/X11/locale/georgian-ps/Compose
    - /usr/share/X11/locale/georgian-ps/XI18N_OBJS
    - /usr/share/X11/locale/georgian-ps/XLC_LOCALE
    - /usr/share/X11/locale/ibm-cp1133/Compose
    - /usr/share/X11/locale/ibm-cp1133/XI18N_OBJS
    - /usr/share/X11/locale/ibm-cp1133/XLC_LOCALE
    - /usr/share/X11/locale/iscii-dev/Compose
    - /usr/share/X11/locale/iscii-dev/XI18N_OBJS
    - /usr/share/X11/locale/iscii-dev/XLC_LOCALE
    - /usr/share/X11/locale/isiri-3342/Compose
    - /usr/share/X11/locale/isiri-3342/XI18N_OBJS
    - /usr/share/X11/locale/isiri-3342/XLC_LOCALE
    - /usr/share/X11/locale/iso8859-1/Compose
    - /usr/share/X11/locale/iso8859-1/XI18N_OBJS
    - /usr/share/X11/locale/iso8859-1/XLC_LOCALE
    - /usr/share/X11/locale/iso8859-10/Compose
    - /usr/share/X11/locale/iso8859-10/XI18N_OBJS
    - /usr/share/X11/locale/iso8859-10/XLC_LOCALE
    - /usr/share/X11/locale/iso8859-11/Compose
    - /usr/share/X11/locale/iso8859-11/XI18N_OBJS
    - /usr/share/X11/locale/iso8859-11/XLC_LOCALE
    - /usr/share/X11/locale/iso8859-13/Compose
    - /usr/share/X11/locale/iso8859-13/XI18N_OBJS
    - /usr/share/X11/locale/iso8859-13/XLC_LOCALE
    - /usr/share/X11/locale/iso8859-14/Compose
    - /usr/share/X11/locale/iso8859-14/XI18N_OBJS
    - /usr/share/X11/locale/iso8859-14/XLC_LOCALE
    - /usr/share/X11/locale/iso8859-15/Compose
    - /usr/share/X11/locale/iso8859-15/XI18N_OBJS
    - /usr/share/X11/locale/iso8859-15/XLC_LOCALE
    - /usr/share/X11/locale/iso8859-2/Compose
    - /usr/share/X11/locale/iso8859-2/XI18N_OBJS
    - /usr/share/X11/locale/iso8859-2/XLC_LOCALE
    - /usr/share/X11/locale/iso8859-3/Compose
    - /usr/share/X11/locale/iso8859-3/XI18N_OBJS
    - /usr/share/X11/locale/iso8859-3/XLC_LOCALE
    - /usr/share/X11/locale/iso8859-4/Compose
    - /usr/share/X11/locale/iso8859-4/XI18N_OBJS
    - /usr/share/X11/locale/iso8859-4/XLC_LOCALE
    - /usr/share/X11/locale/iso8859-5/Compose
    - /usr/share/X11/locale/iso8859-5/XI18N_OBJS
    - /usr/share/X11/locale/iso8859-5/XLC_LOCALE
    - /usr/share/X11/locale/iso8859-6/Compose
    - /usr/share/X11/locale/iso8859-6/XI18N_OBJS
    - /usr/share/X11/locale/iso8859-6/XLC_LOCALE
    - /usr/share/X11/locale/iso8859-7/Compose
    - /usr/share/X11/locale/iso8859-7/XI18N_OBJS
    - /usr/share/X11/locale/iso8859-7/XLC_LOCALE
    - /usr/share/X11/locale/iso8859-8/Compose
    - /usr/share/X11/locale/iso8859-8/XI18N_OBJS
    - /usr/share/X11/locale/iso8859-8/XLC_LOCALE
    - /usr/share/X11/locale/iso8859-9/Compose
    - /usr/share/X11/locale/iso8859-9/XI18N_OBJS
    - /usr/share/X11/locale/iso8859-9/XLC_LOCALE
    - /usr/share/X11/locale/iso8859-9e/Compose
    - /usr/share/X11/locale/iso8859-9e/XI18N_OBJS
    - /usr/share/X11/locale/iso8859-9e/XLC_LOCALE
    - /usr/share/X11/locale/ja.JIS/Compose
    - /usr/share/X11/locale/ja.JIS/XI18N_OBJS
    - /usr/share/X11/locale/ja.JIS/XLC_LOCALE
    - /usr/share/X11/locale/ja.SJIS/Compose
    - /usr/share/X11/locale/ja.SJIS/XI18N_OBJS
    - /usr/share/X11/locale/ja.SJIS/XLC_LOCALE
    - /usr/share/X11/locale/ja/Compose
    - /usr/share/X11/locale/ja/XI18N_OBJS
    - /usr/share/X11/locale/ja/XLC_LOCALE
    - /usr/share/X11/locale/ja_JP.UTF-8/Compose
    - /usr/share/X11/locale/ja_JP.UTF-8/XI18N_OBJS
    - /usr/share/X11/locale/ja_JP.UTF-8/XLC_LOCALE
    - /usr/share/X11/locale/km_KH.UTF-8/Compose
    - /usr/share/X11/locale/km_KH.UTF-8/XI18N_OBJS
    - /usr/share/X11/locale/km_KH.UTF-8/XLC_LOCALE
    - /usr/share/X11/locale/ko/Compose
    - /usr/share/X11/locale/ko/XI18N_OBJS
    - /usr/share/X11/locale/ko/XLC_LOCALE
    - /usr/share/X11/locale/ko_KR.UTF-8/Compose
    - /usr/share/X11/locale/ko_KR.UTF-8/XI18N_OBJS
    - /usr/share/X11/locale/ko_KR.UTF-8/XLC_LOCALE
    - /usr/share/X11/locale/koi8-c/Compose
    - /usr/share/X11/locale/koi8-c/XI18N_OBJS
    - /usr/share/X11/locale/koi8-c/XLC_LOCALE
    - /usr/share/X11/locale/koi8-r/Compose
    - /usr/share/X11/locale/koi8-r/XI18N_OBJS
    - /usr/share/X11/locale/koi8-r/XLC_LOCALE
    - /usr/share/X11/locale/koi8-u/Compose
    - /usr/share/X11/locale/koi8-u/XI18N_OBJS
    - /usr/share/X11/locale/koi8-u/XLC_LOCALE
    - /usr/share/X11/locale/locale.alias
    - /usr/share/X11/locale/locale.dir
    - /usr/share/X11/locale/microsoft-cp1251/Compose
    - /usr/share/X11/locale/microsoft-cp1251/XI18N_OBJS
    - /usr/share/X11/locale/microsoft-cp1251/XLC_LOCALE
    - /usr/share/X11/locale/microsoft-cp1255/Compose
    - /usr/share/X11/locale/microsoft-cp1255/XI18N_OBJS
    - /usr/share/X11/locale/microsoft-cp1255/XLC_LOCALE
    - /usr/share/X11/locale/microsoft-cp1256/Compose
    - /usr/share/X11/locale/microsoft-cp1256/XI18N_OBJS
    - /usr/share/X11/locale/microsoft-cp1256/XLC_LOCALE
    - /usr/share/X11/locale/mulelao-1/Compose
    - /usr/share/X11/locale/mulelao-1/XI18N_OBJS
    - /usr/share/X11/locale/mulelao-1/XLC_LOCALE
    - /usr/share/X11/locale/nokhchi-1/Compose
    - /usr/share/X11/locale/nokhchi-1/XI18N_OBJS
    - /usr/share/X11/locale/nokhchi-1/XLC_LOCALE
    - /usr/share/X11/locale/pt_BR.UTF-8/Compose
    - /usr/share/X11/locale/pt_BR.UTF-8/XI18N_OBJS
    - /usr/share/X11/locale/pt_BR.UTF-8/XLC_LOCALE
    - /usr/share/X11/locale/pt_PT.UTF-8/Compose
    - /usr/share/X11/locale/pt_PT.UTF-8/XI18N_OBJS
    - /usr/share/X11/locale/pt_PT.UTF-8/XLC_LOCALE
    - /usr/share/X11/locale/ru_RU.UTF-8/Compose
    - /usr/share/X11/locale/ru_RU.UTF-8/XI18N_OBJS
    - /usr/share/X11/locale/ru_RU.UTF-8/XLC_LOCALE
    - /usr/share/X11/locale/sr_RS.UTF-8/Compose
    - /usr/share/X11/locale/sr_RS.UTF-8/XI18N_OBJS
    - /usr/share/X11/locale/sr_RS.UTF-8/XLC_LOCALE
    - /usr/share/X11/locale/tatar-cyr/Compose
    - /usr/share/X11/locale/tatar-cyr/XI18N_OBJS
    - /usr/share/X11/locale/tatar-cyr/XLC_LOCALE
    - /usr/share/X11/locale/th_TH.UTF-8/Compose
    - /usr/share/X11/locale/th_TH.UTF-8/XI18N_OBJS
    - /usr/share/X11/locale/th_TH.UTF-8/XLC_LOCALE
    - /usr/share/X11/locale/th_TH/Compose
    - /usr/share/X11/locale/th_TH/XI18N_OBJS
    - /usr/share/X11/locale/th_TH/XLC_LOCALE
    - /usr/share/X11/locale/tscii-0/Compose
    - /usr/share/X11/locale/tscii-0/XI18N_OBJS
    - /usr/share/X11/locale/tscii-0/XLC_LOCALE
    - /usr/share/X11/locale/vi_VN.tcvn/Compose
    - /usr/share/X11/locale/vi_VN.tcvn/XI18N_OBJS
    - /usr/share/X11/locale/vi_VN.tcvn/XLC_LOCALE
    - /usr/share/X11/locale/vi_VN.viscii/Compose
    - /usr/share/X11/locale/vi_VN.viscii/XI18N_OBJS
    - /usr/share/X11/locale/vi_VN.viscii/XLC_LOCALE
    - /usr/share/X11/locale/zh_CN.UTF-8/Compose
    - /usr/share/X11/locale/zh_CN.UTF-8/XI18N_OBJS
    - /usr/share/X11/locale/zh_CN.UTF-8/XLC_LOCALE
    - /usr/share/X11/locale/zh_CN.gb18030/Compose
    - /usr/share/X11/locale/zh_CN.gb18030/XI18N_OBJS
    - /usr/share/X11/locale/zh_CN.gb18030/XLC_LOCALE
    - /usr/share/X11/locale/zh_CN.gbk/Compose
    - /usr/share/X11/locale/zh_CN.gbk/XI18N_OBJS
    - /usr/share/X11/locale/zh_CN.gbk/XLC_LOCALE
    - /usr/share/X11/locale/zh_CN/Compose
    - /usr/share/X11/locale/zh_CN/XI18N_OBJS
    - /usr/share/X11/locale/zh_CN/XLC_LOCALE
    - /usr/share/X11/locale/zh_HK.UTF-8/Compose
    - /usr/share/X11/locale/zh_HK.UTF-8/XI18N_OBJS
    - /usr/share/X11/locale/zh_HK.UTF-8/XLC_LOCALE
    - /usr/share/X11/locale/zh_HK.big5/Compose
    - /usr/share/X11/locale/zh_HK.big5/XI18N_OBJS
    - /usr/share/X11/locale/zh_HK.big5/XLC_LOCALE
    - /usr/share/X11/locale/zh_HK.big5hkscs/Compose
    - /usr/share/X11/locale/zh_HK.big5hkscs/XI18N_OBJS
    - /usr/share/X11/locale/zh_HK.big5hkscs/XLC_LOCALE
    - /usr/share/X11/locale/zh_TW.UTF-8/Compose
    - /usr/share/X11/locale/zh_TW.UTF-8/XI18N_OBJS
    - /usr/share/X11/locale/zh_TW.UTF-8/XLC_LOCALE
    - /usr/share/X11/locale/zh_TW.big5/Compose
    - /usr/share/X11/locale/zh_TW.big5/XI18N_OBJS
    - /usr/share/X11/locale/zh_TW.big5/XLC_LOCALE
    - /usr/share/X11/locale/zh_TW/Compose
    - /usr/share/X11/locale/zh_TW/XI18N_OBJS
    - /usr/share/X11/locale/zh_TW/XLC_LOCALE
    - /usr/share/aclocal/pkg.m4
    - /usr/share/apk/keys/alpine-devel@lists.alpinelinux.org-4a6a0840.rsa.pub
    - /usr/share/apk/keys/alpine-devel@lists.alpinelinux.org-5243ef4b.rsa.pub
    - /usr/share/apk/keys/alpine-devel@lists.alpinelinux.org-524d27bb.rsa.pub
    - /usr/share/apk/keys/alpine-devel@lists.alpinelinux.org-5261cecb.rsa.pub
    - /usr/share/apk/keys/alpine-devel@lists.alpinelinux.org-58199dcc.rsa.pub
    - /usr/share/apk/keys/alpine-devel@lists.alpinelinux.org-58cbb476.rsa.pub
    - /usr/share/apk/keys/alpine-devel@lists.alpinelinux.org-58e4f17d.rsa.pub
    - /usr/share/apk/keys/alpine-devel@lists.alpinelinux.org-5e69ca50.rsa.pub
    - /usr/share/apk/keys/alpine-devel@lists.alpinelinux.org-60ac2099.rsa.pub
    - /usr/share/apk/keys/alpine-devel@lists.alpinelinux.org-6165ee59.rsa.pub
    - /usr/share/apk/keys/alpine-devel@lists.alpinelinux.org-61666e3f.rsa.pub
    - /usr/share/apk/keys/alpine-devel@lists.alpinelinux.org-616a9724.rsa.pub
    - /usr/share/apk/keys/alpine-devel@lists.alpinelinux.org-616abc23.rsa.pub
    - /usr/share/apk/keys/alpine-devel@lists.alpinelinux.org-616ac3bc.rsa.pub
    - /usr/share/apk/keys/alpine-devel@lists.alpinelinux.org-616adfeb.rsa.pub
    - /usr/share/apk/keys/alpine-devel@lists.alpinelinux.org-616ae350.rsa.pub
    - /usr/share/apk/keys/alpine-devel@lists.alpinelinux.org-616db30d.rsa.pub
    - /usr/share/apk/keys/alpine-devel@lists.alpinelinux.org-66ba20fe.rsa.pub
    - /usr/share/base-files/dot.bashrc
    - /usr/share/base-files/dot.profile
    - /usr/share/base-files/dot.profile.md5sums
    - /usr/share/base-files/info.dir
    - /usr/share/base-files/motd
    - /usr/share/base-files/profile
    - /usr/share/base-files/profile.md5sums
    - /usr/share/base-files/staff-group-for-usr-local
    - /usr/share/base-passwd/group.master
    - /usr/share/base-passwd/passwd.master
    - /usr/share/bash-completion/completions/addpart
    - /usr/share/bash-completion/completions/apt
    - /usr/share/bash-completion/completions/blkdiscard
    - /usr/share/bash-completion/completions/blkid
    - /usr/share/bash-completion/completions/blkzone
    - /usr/share/bash-completion/completions/blockdev
    - /usr/share/bash-completion/completions/chcpu
    - /usr/share/bash-completion/completions/chmem
    - /usr/share/bash-completion/completions/chrt
    - /usr/share/bash-completion/completions/ctrlaltdel
    - /usr/share/bash-completion/completions/debconf
    - /usr/share/bash-completion/completions/delpart
    - /usr/share/bash-completion/completions/dmesg
    - /usr/share/bash-completion/completions/fallocate
    - /usr/share/bash-completion/completions/fincore
    - /usr/share/bash-completion/completions/findfs
    - /usr/share/bash-completion/completions/findmnt
    - /usr/share/bash-completion/completions/flock
    - /usr/share/bash-completion/completions/fsck
    - /usr/share/bash-completion/completions/fsck.cramfs
    - /usr/share/bash-completion/completions/fsck.minix
    - /usr/share/bash-completion/completions/fsfreeze
    - /usr/share/bash-completion/completions/fstrim
    - /usr/share/bash-completion/completions/getopt
    - /usr/share/bash-completion/completions/hardlink
    - /usr/share/bash-completion/completions/hwclock
    - /usr/share/bash-completion/completions/ionice
    - /usr/share/bash-completion/completions/ipcmk
    - /usr/share/bash-completion/completions/ipcrm
    - /usr/share/bash-completion/completions/ipcs
    - /usr/share/bash-completion/completions/isosize
    - /usr/share/bash-completion/completions/last
    - /usr/share/bash-completion/completions/ldattach
    - /usr/share/bash-completion/completions/logger
    - /usr/share/bash-completion/completions/losetup
    - /usr/share/bash-completion/completions/lsblk
    - /usr/share/bash-completion/completions/lscpu
    - /usr/share/bash-completion/completions/lsipc
    - /usr/share/bash-completion/completions/lsirq
    - /usr/share/bash-completion/completions/lslocks
    - /usr/share/bash-completion/completions/lslogins
    - /usr/share/bash-completion/completions/lsmem
    - /usr/share/bash-completion/completions/lsns
    - /usr/share/bash-completion/completions/mcookie
    - /usr/share/bash-completion/completions/mesg
    - /usr/share/bash-completion/completions/mkfs
    - /usr/share/bash-completion/completions/mkfs.bfs
    - /usr/share/bash-completion/completions/mkfs.cramfs
    - /usr/share/bash-completion/completions/mkfs.minix
    - /usr/share/bash-completion/completions/mkswap
    - /usr/share/bash-completion/completions/more
    - /usr/share/bash-completion/completions/mount
    - /usr/share/bash-completion/completions/mountpoint
    - /usr/share/bash-completion/completions/namei
    - /usr/share/bash-completion/completions/nsenter
    - /usr/share/bash-completion/completions/partx
    - /usr/share/bash-completion/completions/pivot_root
    - /usr/share/bash-completion/completions/prlimit
    - /usr/share/bash-completion/completions/readprofile
    - /usr/share/bash-completion/completions/renice
    - /usr/share/bash-completion/completions/resizepart
    - /usr/share/bash-completion/completions/rev
    - /usr/share/bash-completion/completions/rtcwake
    - /usr/share/bash-completion/completions/script
    - /usr/share/bash-completion/completions/scriptlive
    - /usr/share/bash-completion/completions/scriptreplay
    - /usr/share/bash-completion/completions/setarch
    - /usr/share/bash-completion/completions/setpriv
    - /usr/share/bash-completion/completions/setsid
    - /usr/share/bash-completion/completions/setterm
    - /usr/share/bash-completion/completions/su
    - /usr/share/bash-completion/completions/swaplabel
    - /usr/share/bash-completion/completions/swapoff
    - /usr/share/bash-completion/completions/swapon
    - /usr/share/bash-completion/completions/taskset
    - /usr/share/bash-completion/completions/uclampset
    - /usr/share/bash-completion/completions/umount
    - /usr/share/bash-completion/completions/unshare
    - /usr/share/bash-completion/completions/utmpdump
    - /usr/share/bash-completion/completions/wall
    - /usr/share/bash-completion/completions/wdctl
    - /usr/share/bash-completion/completions/whereis
    - /usr/share/bash-completion/completions/wipefs
    - /usr/share/bash-completion/completions/zramctl
    - /usr/share/bug/apt/script
    - /usr/share/bug/dpkg
    - /usr/share/bug/file/control
    - /usr/share/bug/file/presubj
    - /usr/share/bug/init-system-helpers/control
    - /usr/share/bug/libdpkg-perl
    - /usr/share/bug/libmagic1/control
    - /usr/share/bug/libmagic1/presubj
    - /usr/share/bug/media-types/presubj
    - /usr/share/ca-certificates/mozilla/ACCVRAIZ1.crt
    - /usr/share/ca-certificates/mozilla/AC_RAIZ_FNMT-RCM.crt
    - /usr/share/ca-certificates/mozilla/AC_RAIZ_FNMT-RCM_SERVIDORES_SEGUROS.crt
    - /usr/share/ca-certificates/mozilla/ANF_Secure_Server_Root_CA.crt
    - /usr/share/ca-certificates/mozilla/Actalis_Authentication_Root_CA.crt
    - /usr/share/ca-certificates/mozilla/AffirmTrust_Commercial.crt
    - /usr/share/ca-certificates/mozilla/AffirmTrust_Networking.crt
    - /usr/share/ca-certificates/mozilla/AffirmTrust_Premium.crt
    - /usr/share/ca-certificates/mozilla/AffirmTrust_Premium_ECC.crt
    - /usr/share/ca-certificates/mozilla/Amazon_Root_CA_1.crt
    - /usr/share/ca-certificates/mozilla/Amazon_Root_CA_2.crt
    - /usr/share/ca-certificates/mozilla/Amazon_Root_CA_3.crt
    - /usr/share/ca-certificates/mozilla/Amazon_Root_CA_4.crt
    - /usr/share/ca-certificates/mozilla/Atos_TrustedRoot_2011.crt
    - /usr/share/ca-certificates/mozilla/Atos_TrustedRoot_Root_CA_ECC_TLS_2021.crt
    - /usr/share/ca-certificates/mozilla/Atos_TrustedRoot_Root_CA_RSA_TLS_2021.crt
    - /usr/share/ca-certificates/mozilla/Autoridad_de_Certificacion_Firmaprofesional_CIF_A62634068.crt
    - /usr/share/ca-certificates/mozilla/Autoridad_de_Certificacion_Firmaprofesional_CIF_A62634068_2.crt
    - /usr/share/ca-certificates/mozilla/BJCA_Global_Root_CA1.crt
    - /usr/share/ca-certificates/mozilla/BJCA_Global_Root_CA2.crt
    - /usr/share/ca-certificates/mozilla/Baltimore_CyberTrust_Root.crt
    - /usr/share/ca-certificates/mozilla/Buypass_Class_2_Root_CA.crt
    - /usr/share/ca-certificates/mozilla/Buypass_Class_3_Root_CA.crt
    - /usr/share/ca-certificates/mozilla/CA_Disig_Root_R2.crt
    - /usr/share/ca-certificates/mozilla/CFCA_EV_ROOT.crt
    - /usr/share/ca-certificates/mozilla/COMODO_Certification_Authority.crt
    - /usr/share/ca-certificates/mozilla/COMODO_ECC_Certification_Authority.crt
    - /usr/share/ca-certificates/mozilla/COMODO_RSA_Certification_Authority.crt
    - /usr/share/ca-certificates/mozilla/Certainly_Root_E1.crt
    - /usr/share/ca-certificates/mozilla/Certainly_Root_R1.crt
    - /usr/share/ca-certificates/mozilla/Certigna.crt
    - /usr/share/ca-certificates/mozilla/Certigna_Root_CA.crt
    - /usr/share/ca-certificates/mozilla/Certum_EC-384_CA.crt
    - /usr/share/ca-certificates/mozilla/Certum_Trusted_Network_CA.crt
    - /usr/share/ca-certificates/mozilla/Certum_Trusted_Network_CA_2.crt
    - /usr/share/ca-certificates/mozilla/Certum_Trusted_Root_CA.crt
    - /usr/share/ca-certificates/mozilla/CommScope_Public_Trust_ECC_Root-01.crt
    - /usr/share/ca-certificates/mozilla/CommScope_Public_Trust_ECC_Root-02.crt
    - /usr/share/ca-certificates/mozilla/CommScope_Public_Trust_RSA_Root-01.crt
    - /usr/share/ca-certificates/mozilla/CommScope_Public_Trust_RSA_Root-02.crt
    - /usr/share/ca-certificates/mozilla/Comodo_AAA_Services_root.crt
    - /usr/share/ca-certificates/mozilla/D-TRUST_BR_Root_CA_1_2020.crt
    - /usr/share/ca-certificates/mozilla/D-TRUST_BR_Root_CA_2_2023.crt
    - /usr/share/ca-certificates/mozilla/D-TRUST_EV_Root_CA_1_2020.crt
    - /usr/share/ca-certificates/mozilla/D-TRUST_EV_Root_CA_2_2023.crt
    - /usr/share/ca-certificates/mozilla/D-TRUST_Root_Class_3_CA_2_2009.crt
    - /usr/share/ca-certificates/mozilla/D-TRUST_Root_Class_3_CA_2_EV_2009.crt
    - /usr/share/ca-certificates/mozilla/DigiCert_Assured_ID_Root_CA.crt
    - /usr/share/ca-certificates/mozilla/DigiCert_Assured_ID_Root_G2.crt
    - /usr/share/ca-certificates/mozilla/DigiCert_Assured_ID_Root_G3.crt
    - /usr/share/ca-certificates/mozilla/DigiCert_Global_Root_CA.crt
    - /usr/share/ca-certificates/mozilla/DigiCert_Global_Root_G2.crt
    - /usr/share/ca-certificates/mozilla/DigiCert_Global_Root_G3.crt
    - /usr/share/ca-certificates/mozilla/DigiCert_High_Assurance_EV_Root_CA.crt
    - /usr/share/ca-certificates/mozilla/DigiCert_TLS_ECC_P384_Root_G5.crt
    - /usr/share/ca-certificates/mozilla/DigiCert_TLS_RSA4096_Root_G5.crt
    - /usr/share/ca-certificates/mozilla/DigiCert_Trusted_Root_G4.crt
    - /usr/share/ca-certificates/mozilla/E-Tugra_Certification_Authority.crt
    - /usr/share/ca-certificates/mozilla/E-Tugra_Global_Root_CA_ECC_v3.crt
    - /usr/share/ca-certificates/mozilla/E-Tugra_Global_Root_CA_RSA_v3.crt
    - /usr/share/ca-certificates/mozilla/Entrust.net_Premium_2048_Secure_Server_CA.crt
    - /usr/share/ca-certificates/mozilla/Entrust_Root_Certification_Authority.crt
    - /usr/share/ca-certificates/mozilla/Entrust_Root_Certification_Authority_-_EC1.crt
    - /usr/share/ca-certificates/mozilla/Entrust_Root_Certification_Authority_-_G2.crt
    - /usr/share/ca-certificates/mozilla/Entrust_Root_Certification_Authority_-_G4.crt
    - /usr/share/ca-certificates/mozilla/FIRMAPROFESIONAL_CA_ROOT-A_WEB.crt
    - /usr/share/ca-certificates/mozilla/GDCA_TrustAUTH_R5_ROOT.crt
    - /usr/share/ca-certificates/mozilla/GLOBALTRUST_2020.crt
    - /usr/share/ca-certificates/mozilla/GTS_Root_R1.crt
    - /usr/share/ca-certificates/mozilla/GTS_Root_R2.crt
    - /usr/share/ca-certificates/mozilla/GTS_Root_R3.crt
    - /usr/share/ca-certificates/mozilla/GTS_Root_R4.crt
    - /usr/share/ca-certificates/mozilla/GlobalSign_ECC_Root_CA_-_R4.crt
    - /usr/share/ca-certificates/mozilla/GlobalSign_ECC_Root_CA_-_R5.crt
    - /usr/share/ca-certificates/mozilla/GlobalSign_Root_CA.crt
    - /usr/share/ca-certificates/mozilla/GlobalSign_Root_CA_-_R3.crt
    - /usr/share/ca-certificates/mozilla/GlobalSign_Root_CA_-_R6.crt
    - /usr/share/ca-certificates/mozilla/GlobalSign_Root_E46.crt
    - /usr/share/ca-certificates/mozilla/GlobalSign_Root_R46.crt
    - /usr/share/ca-certificates/mozilla/Go_Daddy_Class_2_CA.crt
    - /usr/share/ca-certificates/mozilla/Go_Daddy_Root_Certificate_Authority_-_G2.crt
    - /usr/share/ca-certificates/mozilla/HARICA_TLS_ECC_Root_CA_2021.crt
    - /usr/share/ca-certificates/mozilla/HARICA_TLS_RSA_Root_CA_2021.crt
    - /usr/share/ca-certificates/mozilla/Hellenic_Academic_and_Research_Institutions_ECC_RootCA_2015.crt
    - /usr/share/ca-certificates/mozilla/Hellenic_Academic_and_Research_Institutions_RootCA_2015.crt
    - /usr/share/ca-certificates/mozilla/HiPKI_Root_CA_-_G1.crt
    - /usr/share/ca-certificates/mozilla/Hongkong_Post_Root_CA_1.crt
    - /usr/share/ca-certificates/mozilla/Hongkong_Post_Root_CA_3.crt
    - /usr/share/ca-certificates/mozilla/ISRG_Root_X1.crt
    - /usr/share/ca-certificates/mozilla/ISRG_Root_X2.crt
    - /usr/share/ca-certificates/mozilla/IdenTrust_Commercial_Root_CA_1.crt
    - /usr/share/ca-certificates/mozilla/IdenTrust_Public_Sector_Root_CA_1.crt
    - /usr/share/ca-certificates/mozilla/Izenpe.com.crt
    - /usr/share/ca-certificates/mozilla/Microsec_e-Szigno_Root_CA_2009.crt
    - /usr/share/ca-certificates/mozilla/Microsoft_ECC_Root_Certificate_Authority_2017.crt
    - /usr/share/ca-certificates/mozilla/Microsoft_RSA_Root_Certificate_Authority_2017.crt
    - /usr/share/ca-certificates/mozilla/NAVER_Global_Root_Certification_Authority.crt
    - /usr/share/ca-certificates/mozilla/NetLock_Arany_=Class_Gold=_Főtanúsítvány.crt
    - /usr/share/ca-certificates/mozilla/OISTE_Server_Root_ECC_G1.crt
    - /usr/share/ca-certificates/mozilla/OISTE_Server_Root_RSA_G1.crt
    - /usr/share/ca-certificates/mozilla/OISTE_WISeKey_Global_Root_GB_CA.crt
    - /usr/share/ca-certificates/mozilla/OISTE_WISeKey_Global_Root_GC_CA.crt
    - /usr/share/ca-certificates/mozilla/QuoVadis_Root_CA_1_G3.crt
    - /usr/share/ca-certificates/mozilla/QuoVadis_Root_CA_2.crt
    - /usr/share/ca-certificates/mozilla/QuoVadis_Root_CA_2_G3.crt
    - /usr/share/ca-certificates/mozilla/QuoVadis_Root_CA_3.crt
    - /usr/share/ca-certificates/mozilla/QuoVadis_Root_CA_3_G3.crt
    - /usr/share/ca-certificates/mozilla/SSL.com_EV_Root_Certification_Authority_ECC.crt
    - /usr/share/ca-certificates/mozilla/SSL.com_EV_Root_Certification_Authority_RSA_R2.crt
    - /usr/share/ca-certificates/mozilla/SSL.com_Root_Certification_Authority_ECC.crt
    - /usr/share/ca-certificates/mozilla/SSL.com_Root_Certification_Authority_RSA.crt
    - /usr/share/ca-certificates/mozilla/SSL.com_TLS_ECC_Root_CA_2022.crt
    - /usr/share/ca-certificates/mozilla/SSL.com_TLS_RSA_Root_CA_2022.crt
    - /usr/share/ca-certificates/mozilla/SZAFIR_ROOT_CA2.crt
    - /usr/share/ca-certificates/mozilla/Sectigo_Public_Server_Authentication_Root_E46.crt
    - /usr/share/ca-certificates/mozilla/Sectigo_Public_Server_Authentication_Root_R46.crt
    - /usr/share/ca-certificates/mozilla/SecureSign_RootCA11.crt
    - /usr/share/ca-certificates/mozilla/SecureSign_Root_CA12.crt
    - /usr/share/ca-certificates/mozilla/SecureSign_Root_CA14.crt
    - /usr/share/ca-certificates/mozilla/SecureSign_Root_CA15.crt
    - /usr/share/ca-certificates/mozilla/SecureTrust_CA.crt
    - /usr/share/ca-certificates/mozilla/Secure_Global_CA.crt
    - /usr/share/ca-certificates/mozilla/Security_Communication_ECC_RootCA1.crt
    - /usr/share/ca-certificates/mozilla/Security_Communication_RootCA2.crt
    - /usr/share/ca-certificates/mozilla/Security_Communication_RootCA3.crt
    - /usr/share/ca-certificates/mozilla/Security_Communication_Root_CA.crt
    - /usr/share/ca-certificates/mozilla/Starfield_Class_2_CA.crt
    - /usr/share/ca-certificates/mozilla/Starfield_Root_Certificate_Authority_-_G2.crt
    - /usr/share/ca-certificates/mozilla/Starfield_Services_Root_Certificate_Authority_-_G2.crt
    - /usr/share/ca-certificates/mozilla/SwissSign_Gold_CA_-_G2.crt
    - /usr/share/ca-certificates/mozilla/SwissSign_RSA_TLS_Root_CA_2022_-_1.crt
    - /usr/share/ca-certificates/mozilla/SwissSign_Silver_CA_-_G2.crt
    - /usr/share/ca-certificates/mozilla/T-TeleSec_GlobalRoot_Class_2.crt
    - /usr/share/ca-certificates/mozilla/T-TeleSec_GlobalRoot_Class_3.crt
    - /usr/share/ca-certificates/mozilla/TUBITAK_Kamu_SM_SSL_Kok_Sertifikasi_-_Surum_1.crt
    - /usr/share/ca-certificates/mozilla/TWCA_CYBER_Root_CA.crt
    - /usr/share/ca-certificates/mozilla/TWCA_Global_Root_CA.crt
    - /usr/share/ca-certificates/mozilla/TWCA_Root_Certification_Authority.crt
    - /usr/share/ca-certificates/mozilla/Telekom_Security_TLS_ECC_Root_2020.crt
    - /usr/share/ca-certificates/mozilla/Telekom_Security_TLS_RSA_Root_2023.crt
    - /usr/share/ca-certificates/mozilla/TeliaSonera_Root_CA_v1.crt
    - /usr/share/ca-certificates/mozilla/Telia_Root_CA_v2.crt
    - /usr/share/ca-certificates/mozilla/TrustAsia_Global_Root_CA_G3.crt
    - /usr/share/ca-certificates/mozilla/TrustAsia_Global_Root_CA_G4.crt
    - /usr/share/ca-certificates/mozilla/TrustAsia_TLS_ECC_Root_CA.crt
    - /usr/share/ca-certificates/mozilla/TrustAsia_TLS_RSA_Root_CA.crt
    - /usr/share/ca-certificates/mozilla/TrustCor_ECA-1.crt
    - /usr/share/ca-certificates/mozilla/TrustCor_RootCert_CA-1.crt
    - /usr/share/ca-certificates/mozilla/TrustCor_RootCert_CA-2.crt
    - /usr/share/ca-certificates/mozilla/Trustwave_Global_Certification_Authority.crt
    - /usr/share/ca-certificates/mozilla/Trustwave_Global_ECC_P256_Certification_Authority.crt
    - /usr/share/ca-certificates/mozilla/Trustwave_Global_ECC_P384_Certification_Authority.crt
    - /usr/share/ca-certificates/mozilla/TunTrust_Root_CA.crt
    - /usr/share/ca-certificates/mozilla/UCA_Extended_Validation_Root.crt
    - /usr/share/ca-certificates/mozilla/UCA_Global_G2_Root.crt
    - /usr/share/ca-certificates/mozilla/USERTrust_ECC_Certification_Authority.crt
    - /usr/share/ca-certificates/mozilla/USERTrust_RSA_Certification_Authority.crt
    - /usr/share/ca-certificates/mozilla/XRamp_Global_CA_Root.crt
    - /usr/share/ca-certificates/mozilla/certSIGN_ROOT_CA.crt
    - /usr/share/ca-certificates/mozilla/certSIGN_Root_CA_G2.crt
    - /usr/share/ca-certificates/mozilla/e-Szigno_Root_CA_2017.crt
    - /usr/share/ca-certificates/mozilla/e-Szigno_TLS_Root_CA_2023.crt
    - /usr/share/ca-certificates/mozilla/ePKI_Root_Certification_Authority.crt
    - /usr/share/ca-certificates/mozilla/emSign_ECC_Root_CA_-_C3.crt
    - /usr/share/ca-certificates/mozilla/emSign_ECC_Root_CA_-_G3.crt
    - /usr/share/ca-certificates/mozilla/emSign_Root_CA_-_C1.crt
    - /usr/share/ca-certificates/mozilla/emSign_Root_CA_-_G1.crt
    - /usr/share/ca-certificates/mozilla/vTrus_ECC_Root_CA.crt
    - /usr/share/ca-certificates/mozilla/vTrus_Root_CA.crt
    - /usr/share/common-licenses/Apache-2.0
    - /usr/share/common-licenses/Artistic
    - /usr/share/common-licenses/BSD
    - /usr/share/common-licenses/CC0-1.0
    - /usr/share/common-licenses/GFDL-1.2
    - /usr/share/common-licenses/GFDL-1.3
    - /usr/share/common-licenses/GPL-1
    - /usr/share/common-licenses/GPL-2
    - /usr/share/common-licenses/GPL-3
    - /usr/share/common-licenses/LGPL-2
    - /usr/share/common-licenses/LGPL-2.1
    - /usr/share/common-licenses/LGPL-3
    - /usr/share/common-licenses/MPL-1.1
    - /usr/share/common-licenses/MPL-2.0
    - /usr/share/debconf/confmodule
    - /usr/share/debconf/confmodule.sh
    - /usr/share/debconf/debconf.conf
    - /usr/share/debconf/fix_db.pl
    - /usr/share/debconf/frontend
    - /usr/share/debianutils/shells
    - /usr/share/debianutils/shells.d/bash
    - /usr/share/debianutils/shells.d/dash
    - /usr/share/doc-base/base-passwd.users-and-groups
    - /usr/share/doc-base/findutils.findutils
    - /usr/share/doc-base/libpng16-16.libpng16
    - /usr/share/doc/adduser/copyright
    - /usr/share/doc/apt/copyright
    - /usr/share/doc/base-files/copyright
    - /usr/share/doc/base-passwd/copyright
    - /usr/share/doc/bash/copyright
    - /usr/share/doc/binutils-common/copyright
    - /usr/share/doc/bsdutils/copyright
    - /usr/share/doc/bzip2/copyright
    - /usr/share/doc/ca-certificates/copyright
    - /usr/share/doc/ca-certificates/examples/ca-certificates-local/debian/copyright
    - /usr/share/doc/coreutils/copyright
    - /usr/share/doc/curl/copyright
    - /usr/share/doc/dash/copyright
    - /usr/share/doc/debconf/copyright
    - /usr/share/doc/debian-archive-keyring/copyright
    - /usr/share/doc/debianutils/copyright
    - /usr/share/doc/diffutils/copyright
    - /usr/share/doc/dpkg/copyright
    - /usr/share/doc/e2fsprogs/copyright
    - /usr/share/doc/file/copyright
    - /usr/share/doc/findutils/copyright
    - /usr/share/doc/gcc-12-base/copyright
    - /usr/share/doc/gettext-base/copyright
    - /usr/share/doc/gpgv/copyright
    - /usr/share/doc/grep/copyright
    - /usr/share/doc/gzip/copyright
    - /usr/share/doc/hostname/copyright
    - /usr/share/doc/init-system-helpers/copyright
    - /usr/share/doc/libabsl20220623/copyright
    - /usr/share/doc/libacl1/copyright
    - /usr/share/doc/libaom3/copyright
    - /usr/share/doc/libapt-pkg6.0/copyright
    - /usr/share/doc/libargon2-1/copyright
    - /usr/share/doc/libattr1/copyright
    - /usr/share/doc/libaudit-common/copyright
    - /usr/share/doc/libaudit1/copyright
    - /usr/share/doc/libavif15/copyright
    - /usr/share/doc/libblkid1/copyright
    - /usr/share/doc/libbrotli1/copyright
    - /usr/share/doc/libbsd0/copyright
    - /usr/share/doc/libbz2-1.0/copyright
    - /usr/share/doc/libc-bin/copyright
    - /usr/share/doc/libc-dev-bin/copyright
    - /usr/share/doc/libc6/copyright
    - /usr/share/doc/libcap-ng0/copyright
    - /usr/share/doc/libcap2/copyright
    - /usr/share/doc/libcom-err2/copyright
    - /usr/share/doc/libcrypt-dev/copyright
    - /usr/share/doc/libcrypt1/copyright
    - /usr/share/doc/libctf-nobfd0/copyright
    - /usr/share/doc/libcurl4/copyright
    - /usr/share/doc/libdav1d6/copyright
    - /usr/share/doc/libdb5.3/copyright
    - /usr/share/doc/libdebconfclient0/copyright
    - /usr/share/doc/libdpkg-perl/copyright
    - /usr/share/doc/libext2fs2/copyright
    - /usr/share/doc/libffi8/copyright
    - /usr/share/doc/libfreetype6/copyright
    - /usr/share/doc/libgav1-1/copyright
    - /usr/share/doc/libgcrypt20/copyright
    - /usr/share/doc/libgdbm-compat4/copyright
    - /usr/share/doc/libgdbm6/copyright
    - /usr/share/doc/libgmp10/copyright
    - /usr/share/doc/libgnutls30/copyright
    - /usr/share/doc/libgpg-error0/copyright
    - /usr/share/doc/libgssapi-krb5-2/copyright
    - /usr/share/doc/libhogweed6/copyright
    - /usr/share/doc/libicu72/copyright
    - /usr/share/doc/libidn2-0/copyright
    - /usr/share/doc/libisl23/copyright
    - /usr/share/doc/libjansson4/copyright
    - /usr/share/doc/libjpeg62-turbo/copyright
    - /usr/share/doc/libk5crypto3/copyright
    - /usr/share/doc/libkeyutils1/copyright
    - /usr/share/doc/libkrb5-3/copyright
    - /usr/share/doc/libkrb5support0/copyright
    - /usr/share/doc/libldap-2.5-0/copyright
    - /usr/share/doc/liblz4-1/copyright
    - /usr/share/doc/liblzma5/copyright
    - /usr/share/doc/libmagic-mgc/copyright
    - /usr/share/doc/libmagic1/copyright
    - /usr/share/doc/libmd0/copyright
    - /usr/share/doc/libmount1/copyright
    - /usr/share/doc/libmpc3/copyright
    - /usr/share/doc/libmpfr6/copyright
    - /usr/share/doc/libnettle8/copyright
    - /usr/share/doc/libnghttp2-14/copyright
    - /usr/share/doc/libnsl-dev/copyright
    - /usr/share/doc/libnsl2/copyright
    - /usr/share/doc/libonig5/copyright
    - /usr/share/doc/libp11-kit0/copyright
    - /usr/share/doc/libpam-modules-bin/copyright
    - /usr/share/doc/libpam-modules/copyright
    - /usr/share/doc/libpam-runtime/copyright
    - /usr/share/doc/libpam0g/copyright
    - /usr/share/doc/libpcre2-8-0/copyright
    - /usr/share/doc/libperl5.36/copyright
    - /usr/share/doc/libpkgconf3/copyright
    - /usr/share/doc/libpng16-16/copyright
    - /usr/share/doc/libpq5/copyright
    - /usr/share/doc/libpsl5/copyright
    - /usr/share/doc/librav1e0/copyright
    - /usr/share/doc/libreadline8/copyright
    - /usr/share/doc/librtmp1/copyright
    - /usr/share/doc/libsasl2-2/copyright
    - /usr/share/doc/libsasl2-modules-db/copyright
    - /usr/share/doc/libseccomp2/copyright
    - /usr/share/doc/libselinux1/copyright
    - /usr/share/doc/libsemanage-common/copyright
    - /usr/share/doc/libsemanage2/copyright
    - /usr/share/doc/libsepol2/copyright
    - /usr/share/doc/libsmartcols1/copyright
    - /usr/share/doc/libsodium23/copyright
    - /usr/share/doc/libsqlite3-0/copyright
    - /usr/share/doc/libss2/copyright
    - /usr/share/doc/libssh2-1/copyright
    - /usr/share/doc/libssl3/copyright
    - /usr/share/doc/libsvtav1enc1/copyright
    - /usr/share/doc/libsystemd0/copyright
    - /usr/share/doc/libtasn1-6/copyright
    - /usr/share/doc/libtinfo6/copyright
    - /usr/share/doc/libtirpc-common/copyright
    - /usr/share/doc/libtirpc-dev/copyright
    - /usr/share/doc/libtirpc3/copyright
    - /usr/share/doc/libudev1/copyright
    - /usr/share/doc/libunistring2/copyright
    - /usr/share/doc/libuuid1/copyright
    - /usr/share/doc/libwebp7/copyright
    - /usr/share/doc/libx11-6/copyright
    - /usr/share/doc/libx11-data/copyright
    - /usr/share/doc/libxau6/copyright
    - /usr/share/doc/libxcb1/copyright
    - /usr/share/doc/libxdmcp6/copyright
    - /usr/share/doc/libxml2/copyright
    - /usr/share/doc/libxpm4/copyright
    - /usr/share/doc/libxxhash0/copyright
    - /usr/share/doc/libyuv0/copyright
    - /usr/share/doc/libzip4/copyright
    - /usr/share/doc/libzstd1/copyright
    - /usr/share/doc/login/copyright
    - /usr/share/doc/logsave/copyright
    - /usr/share/doc/mailcap/copyright
    - /usr/share/doc/mawk/copyright
    - /usr/share/doc/media-types/copyright
    - /usr/share/doc/mount/copyright
    - /usr/share/doc/ncurses-base/copyright
    - /usr/share/doc/ncurses-bin/copyright
    - /usr/share/doc/nginx/copyright
    - /usr/share/doc/openssl/copyright
    - /usr/share/doc/passwd/copyright
    - /usr/share/doc/perl-base/copyright
    - /usr/share/doc/perl-modules-5.36/copyright
    - /usr/share/doc/perl/copyright
    - /usr/share/doc/pkg-config/copyright
    - /usr/share/doc/pkgconf-bin/copyright
    - /usr/share/doc/pkgconf/copyright
    - /usr/share/doc/readline-common/copyright
    - /usr/share/doc/rpcsvc-proto/copyright
    - /usr/share/doc/sed/copyright
    - /usr/share/doc/sysvinit-utils/copyright
    - /usr/share/doc/tar/copyright
    - /usr/share/doc/tini/copyright
    - /usr/share/doc/tzdata/copyright
    - /usr/share/doc/usr-is-merged/copyright
    - /usr/share/doc/util-linux-extra/copyright
    - /usr/share/doc/util-linux/copyright
    - /usr/share/doc/xz-utils/copyright
    - /usr/share/doc/zlib1g/copyright
    - /usr/share/dpkg/abitable
    - /usr/share/dpkg/cputable
    - /usr/share/dpkg/no-pie-compile.specs
    - /usr/share/dpkg/no-pie-link.specs
    - /usr/share/dpkg/ostable
    - /usr/share/dpkg/pie-compile.specs
    - /usr/share/dpkg/pie-link.specs
    - /usr/share/dpkg/sh/dpkg-error.sh
    - /usr/share/dpkg/tupletable
    - /usr/share/gcc/python/libstdcxx/__init__.py
    - /usr/share/gcc/python/libstdcxx/v6/__init__.py
    - /usr/share/gcc/python/libstdcxx/v6/printers.py
    - /usr/share/gcc/python/libstdcxx/v6/xmethods.py
    - /usr/share/gdb/auto-load/usr/lib/aarch64-linux-gnu/libisl.so.23.2.0-gdb.py
    - /usr/share/gdb/auto-load/usr/lib/aarch64-linux-gnu/libstdc++.so.6.0.30-gdb.py
    - /usr/share/gdb/auto-load/usr/lib/x86_64-linux-gnu/libisl.so.23.2.0-gdb.py
    - /usr/share/gdb/auto-load/usr/lib/x86_64-linux-gnu/libstdc++.so.6.0.30-gdb.py
    - /usr/share/keyrings/debian-archive-bookworm-automatic.gpg
    - /usr/share/keyrings/debian-archive-bookworm-security-automatic.gpg
    - /usr/share/keyrings/debian-archive-bookworm-stable.gpg
    - /usr/share/keyrings/debian-archive-bullseye-automatic.gpg
    - /usr/share/keyrings/debian-archive-bullseye-security-automatic.gpg
    - /usr/share/keyrings/debian-archive-bullseye-stable.gpg
    - /usr/share/keyrings/debian-archive-keyring.gpg
    - /usr/share/keyrings/debian-archive-removed-keys.gpg
    - /usr/share/keyrings/debian-archive-trixie-automatic.gpg
    - /usr/share/keyrings/debian-archive-trixie-security-automatic.gpg
    - /usr/share/keyrings/debian-archive-trixie-stable.gpg
    - /usr/share/libc-bin/nsswitch.conf
    - /usr/share/libgcrypt20/clean-up-unmanaged-libraries
    - /usr/share/lintian/profiles/dpkg/main.profile
    - /usr/share/menu/bash
    - /usr/share/menu/dash
    - /usr/share/nginx/html/50x.html
    - /usr/share/pam-configs/mkhomedir
    - /usr/share/pam-configs/unix
    - /usr/share/pam/common-account
    - /usr/share/pam/common-account.md5sums
    - /usr/share/pam/common-auth
    - /usr/share/pam/common-auth.md5sums
    - /usr/share/pam/common-password
    - /usr/share/pam/common-password.md5sums
    - /usr/share/pam/common-session
    - /usr/share/pam/common-session-noninteractive
    - /usr/share/pam/common-session-noninteractive.md5sums
    - /usr/share/pam/common-session.md5sums
    - /usr/share/perl/5.36.0/AnyDBM_File.pm
    - /usr/share/perl/5.36.0/App/Cpan.pm
    - /usr/share/perl/5.36.0/App/Prove.pm
    - /usr/share/perl/5.36.0/App/Prove/State.pm
    - /usr/share/perl/5.36.0/App/Prove/State/Result.pm
    - /usr/share/perl/5.36.0/App/Prove/State/Result/Test.pm
    - /usr/share/perl/5.36.0/Archive/Tar.pm
    - /usr/share/perl/5.36.0/Archive/Tar/Constant.pm
    - /usr/share/perl/5.36.0/Archive/Tar/File.pm
    - /usr/share/perl/5.36.0/Attribute/Handlers.pm
    - /usr/share/perl/5.36.0/AutoLoader.pm
    - /usr/share/perl/5.36.0/AutoSplit.pm
    - /usr/share/perl/5.36.0/B/Deparse.pm
    - /usr/share/perl/5.36.0/B/Op_private.pm
    - /usr/share/perl/5.36.0/Benchmark.pm
    - /usr/share/perl/5.36.0/CORE.pod
    - /usr/share/perl/5.36.0/CPAN.pm
    - /usr/share/perl/5.36.0/CPAN/API/HOWTO.pod
    - /usr/share/perl/5.36.0/CPAN/Author.pm
    - /usr/share/perl/5.36.0/CPAN/Bundle.pm
    - /usr/share/perl/5.36.0/CPAN/CacheMgr.pm
    - /usr/share/perl/5.36.0/CPAN/Complete.pm
    - /usr/share/perl/5.36.0/CPAN/Debug.pm
    - /usr/share/perl/5.36.0/CPAN/DeferredCode.pm
    - /usr/share/perl/5.36.0/CPAN/Distribution.pm
    - /usr/share/perl/5.36.0/CPAN/Distroprefs.pm
    - /usr/share/perl/5.36.0/CPAN/Distrostatus.pm
    - /usr/share/perl/5.36.0/CPAN/Exception/RecursiveDependency.pm
    - /usr/share/perl/5.36.0/CPAN/Exception/blocked_urllist.pm
    - /usr/share/perl/5.36.0/CPAN/Exception/yaml_not_installed.pm
    - /usr/share/perl/5.36.0/CPAN/Exception/yaml_process_error.pm
    - /usr/share/perl/5.36.0/CPAN/FTP.pm
    - /usr/share/perl/5.36.0/CPAN/FTP/netrc.pm
    - /usr/share/perl/5.36.0/CPAN/FirstTime.pm
    - /usr/share/perl/5.36.0/CPAN/HTTP/Client.pm
    - /usr/share/perl/5.36.0/CPAN/HTTP/Credentials.pm
    - /usr/share/perl/5.36.0/CPAN/HandleConfig.pm
    - /usr/share/perl/5.36.0/CPAN/Index.pm
    - /usr/share/perl/5.36.0/CPAN/InfoObj.pm
    - /usr/share/perl/5.36.0/CPAN/Kwalify.pm
    - /usr/share/perl/5.36.0/CPAN/Kwalify/distroprefs.dd
    - /usr/share/perl/5.36.0/CPAN/Kwalify/distroprefs.yml
    - /usr/share/perl/5.36.0/CPAN/LWP/UserAgent.pm
    - /usr/share/perl/5.36.0/CPAN/Meta.pm
    - /usr/share/perl/5.36.0/CPAN/Meta/Converter.pm
    - /usr/share/perl/5.36.0/CPAN/Meta/Feature.pm
    - /usr/share/perl/5.36.0/CPAN/Meta/History.pm
    - /usr/share/perl/5.36.0/CPAN/Meta/History/Meta_1_0.pod
    - /usr/share/perl/5.36.0/CPAN/Meta/History/Meta_1_1.pod
    - /usr/share/perl/5.36.0/CPAN/Meta/History/Meta_1_2.pod
    - /usr/share/perl/5.36.0/CPAN/Meta/History/Meta_1_3.pod
    - /usr/share/perl/5.36.0/CPAN/Meta/History/Meta_1_4.pod
    - /usr/share/perl/5.36.0/CPAN/Meta/Merge.pm
    - /usr/share/perl/5.36.0/CPAN/Meta/Prereqs.pm
    - /usr/share/perl/5.36.0/CPAN/Meta/Requirements.pm
    - /usr/share/perl/5.36.0/CPAN/Meta/Spec.pm
    - /usr/share/perl/5.36.0/CPAN/Meta/Validator.pm
    - /usr/share/perl/5.36.0/CPAN/Meta/YAML.pm
    - /usr/share/perl/5.36.0/CPAN/Mirrors.pm
    - /usr/share/perl/5.36.0/CPAN/Module.pm
    - /usr/share/perl/5.36.0/CPAN/Nox.pm
    - /usr/share/perl/5.36.0/CPAN/Plugin.pm
    - /usr/share/perl/5.36.0/CPAN/Plugin/Specfile.pm
    - /usr/share/perl/5.36.0/CPAN/Prompt.pm
    - /usr/share/perl/5.36.0/CPAN/Queue.pm
    - /usr/share/perl/5.36.0/CPAN/Shell.pm
    - /usr/share/perl/5.36.0/CPAN/Tarzip.pm
    - /usr/share/perl/5.36.0/CPAN/URL.pm
    - /usr/share/perl/5.36.0/CPAN/Version.pm
    - /usr/share/perl/5.36.0/Carp.pm
    - /usr/share/perl/5.36.0/Carp/Heavy.pm
    - /usr/share/perl/5.36.0/Class/Struct.pm
    - /usr/share/perl/5.36.0/Compress/Zlib.pm
    - /usr/share/perl/5.36.0/Config/Extensions.pm
    - /usr/share/perl/5.36.0/Config/Perl/V.pm
    - /usr/share/perl/5.36.0/DB.pm
    - /usr/share/perl/5.36.0/DBM_Filter.pm
    - /usr/share/perl/5.36.0/DBM_Filter/compress.pm
    - /usr/share/perl/5.36.0/DBM_Filter/encode.pm
    - /usr/share/perl/5.36.0/DBM_Filter/int32.pm
    - /usr/share/perl/5.36.0/DBM_Filter/null.pm
    - /usr/share/perl/5.36.0/DBM_Filter/utf8.pm
    - /usr/share/perl/5.36.0/Devel/SelfStubber.pm
    - /usr/share/perl/5.36.0/Digest.pm
    - /usr/share/perl/5.36.0/Digest/base.pm
    - /usr/share/perl/5.36.0/Digest/file.pm
    - /usr/share/perl/5.36.0/DirHandle.pm
    - /usr/share/perl/5.36.0/Dumpvalue.pm
    - /usr/share/perl/5.36.0/Encode/Changes.e2x
    - /usr/share/perl/5.36.0/Encode/ConfigLocal_PM.e2x
    - /usr/share/perl/5.36.0/Encode/Makefile_PL.e2x
    - /usr/share/perl/5.36.0/Encode/PerlIO.pod
    - /usr/share/perl/5.36.0/Encode/README.e2x
    - /usr/share/perl/5.36.0/Encode/Supported.pod
    - /usr/share/perl/5.36.0/Encode/_PM.e2x
    - /usr/share/perl/5.36.0/Encode/_T.e2x
    - /usr/share/perl/5.36.0/Encode/encode.h
    - /usr/share/perl/5.36.0/English.pm
    - /usr/share/perl/5.36.0/Env.pm
    - /usr/share/perl/5.36.0/Exporter.pm
    - /usr/share/perl/5.36.0/Exporter/Heavy.pm
    - /usr/share/perl/5.36.0/ExtUtils/CBuilder.pm
    - /usr/share/perl/5.36.0/ExtUtils/CBuilder/Base.pm
    - /usr/share/perl/5.36.0/ExtUtils/CBuilder/Platform/Unix.pm
    - /usr/share/perl/5.36.0/ExtUtils/CBuilder/Platform/VMS.pm
    - /usr/share/perl/5.36.0/ExtUtils/CBuilder/Platform/Windows.pm
    - /usr/share/perl/5.36.0/ExtUtils/CBuilder/Platform/Windows/BCC.pm
    - /usr/share/perl/5.36.0/ExtUtils/CBuilder/Platform/Windows/GCC.pm
    - /usr/share/perl/5.36.0/ExtUtils/CBuilder/Platform/Windows/MSVC.pm
    - /usr/share/perl/5.36.0/ExtUtils/CBuilder/Platform/aix.pm
    - /usr/share/perl/5.36.0/ExtUtils/CBuilder/Platform/android.pm
    - /usr/share/perl/5.36.0/ExtUtils/CBuilder/Platform/cygwin.pm
    - /usr/share/perl/5.36.0/ExtUtils/CBuilder/Platform/darwin.pm
    - /usr/share/perl/5.36.0/ExtUtils/CBuilder/Platform/dec_osf.pm
    - /usr/share/perl/5.36.0/ExtUtils/CBuilder/Platform/os2.pm
    - /usr/share/perl/5.36.0/ExtUtils/Command.pm
    - /usr/share/perl/5.36.0/ExtUtils/Command/MM.pm
    - /usr/share/perl/5.36.0/ExtUtils/Constant.pm
    - /usr/share/perl/5.36.0/ExtUtils/Constant/Base.pm
    - /usr/share/perl/5.36.0/ExtUtils/Constant/ProxySubs.pm
    - /usr/share/perl/5.36.0/ExtUtils/Constant/Utils.pm
    - /usr/share/perl/5.36.0/ExtUtils/Constant/XS.pm
    - /usr/share/perl/5.36.0/ExtUtils/Embed.pm
    - /usr/share/perl/5.36.0/ExtUtils/Install.pm
    - /usr/share/perl/5.36.0/ExtUtils/Installed.pm
    - /usr/share/perl/5.36.0/ExtUtils/Liblist.pm
    - /usr/share/perl/5.36.0/ExtUtils/Liblist/Kid.pm
    - /usr/share/perl/5.36.0/ExtUtils/MANIFEST.SKIP
    - /usr/share/perl/5.36.0/ExtUtils/MM.pm
    - /usr/share/perl/5.36.0/ExtUtils/MM_AIX.pm
    - /usr/share/perl/5.36.0/ExtUtils/MM_Any.pm
    - /usr/share/perl/5.36.0/ExtUtils/MM_BeOS.pm
    - /usr/share/perl/5.36.0/ExtUtils/MM_Cygwin.pm
    - /usr/share/perl/5.36.0/ExtUtils/MM_DOS.pm
    - /usr/share/perl/5.36.0/ExtUtils/MM_Darwin.pm
    - /usr/share/perl/5.36.0/ExtUtils/MM_MacOS.pm
    - /usr/share/perl/5.36.0/ExtUtils/MM_NW5.pm
    - /usr/share/perl/5.36.0/ExtUtils/MM_OS2.pm
    - /usr/share/perl/5.36.0/ExtUtils/MM_OS390.pm
    - /usr/share/perl/5.36.0/ExtUtils/MM_QNX.pm
    - /usr/share/perl/5.36.0/ExtUtils/MM_UWIN.pm
    - /usr/share/perl/5.36.0/ExtUtils/MM_Unix.pm
    - /usr/share/perl/5.36.0/ExtUtils/MM_VMS.pm
    - /usr/share/perl/5.36.0/ExtUtils/MM_VOS.pm
    - /usr/share/perl/5.36.0/ExtUtils/MM_Win32.pm
    - /usr/share/perl/5.36.0/ExtUtils/MM_Win95.pm
    - /usr/share/perl/5.36.0/ExtUtils/MY.pm
    - /usr/share/perl/5.36.0/ExtUtils/MakeMaker.pm
    - /usr/share/perl/5.36.0/ExtUtils/MakeMaker/Config.pm
    - /usr/share/perl/5.36.0/ExtUtils/MakeMaker/FAQ.pod
    - /usr/share/perl/5.36.0/ExtUtils/MakeMaker/Locale.pm
    - /usr/share/perl/5.36.0/ExtUtils/MakeMaker/Tutorial.pod
    - /usr/share/perl/5.36.0/ExtUtils/MakeMaker/version.pm
    - /usr/share/perl/5.36.0/ExtUtils/Manifest.pm
    - /usr/share/perl/5.36.0/ExtUtils/Miniperl.pm
    - /usr/share/perl/5.36.0/ExtUtils/Mkbootstrap.pm
    - /usr/share/perl/5.36.0/ExtUtils/Mksymlists.pm
    - /usr/share/perl/5.36.0/ExtUtils/PL2Bat.pm
    - /usr/share/perl/5.36.0/ExtUtils/Packlist.pm
    - /usr/share/perl/5.36.0/ExtUtils/ParseXS.pm
    - /usr/share/perl/5.36.0/ExtUtils/ParseXS.pod
    - /usr/share/perl/5.36.0/ExtUtils/ParseXS/Constants.pm
    - /usr/share/perl/5.36.0/ExtUtils/ParseXS/CountLines.pm
    - /usr/share/perl/5.36.0/ExtUtils/ParseXS/Eval.pm
    - /usr/share/perl/5.36.0/ExtUtils/ParseXS/Utilities.pm
    - /usr/share/perl/5.36.0/ExtUtils/Typemaps.pm
    - /usr/share/perl/5.36.0/ExtUtils/Typemaps/Cmd.pm
    - /usr/share/perl/5.36.0/ExtUtils/Typemaps/InputMap.pm
    - /usr/share/perl/5.36.0/ExtUtils/Typemaps/OutputMap.pm
    - /usr/share/perl/5.36.0/ExtUtils/Typemaps/Type.pm
    - /usr/share/perl/5.36.0/ExtUtils/testlib.pm
    - /usr/share/perl/5.36.0/ExtUtils/typemap
    - /usr/share/perl/5.36.0/ExtUtils/xsubpp
    - /usr/share/perl/5.36.0/Fatal.pm
    - /usr/share/perl/5.36.0/File/Basename.pm
    - /usr/share/perl/5.36.0/File/Compare.pm
    - /usr/share/perl/5.36.0/File/Copy.pm
    - /usr/share/perl/5.36.0/File/Fetch.pm
    - /usr/share/perl/5.36.0/File/Find.pm
    - /usr/share/perl/5.36.0/File/GlobMapper.pm
    - /usr/share/perl/5.36.0/File/Path.pm
    - /usr/share/perl/5.36.0/File/Temp.pm
    - /usr/share/perl/5.36.0/File/stat.pm
    - /usr/share/perl/5.36.0/FileCache.pm
    - /usr/share/perl/5.36.0/FileHandle.pm
    - /usr/share/perl/5.36.0/Filter/Simple.pm
    - /usr/share/perl/5.36.0/FindBin.pm
    - /usr/share/perl/5.36.0/Getopt/Long.pm
    - /usr/share/perl/5.36.0/Getopt/Std.pm
    - /usr/share/perl/5.36.0/HTTP/Tiny.pm
    - /usr/share/perl/5.36.0/I18N/Collate.pm
    - /usr/share/perl/5.36.0/I18N/LangTags.pm
    - /usr/share/perl/5.36.0/I18N/LangTags/Detect.pm
    - /usr/share/perl/5.36.0/I18N/LangTags/List.pm
    - /usr/share/perl/5.36.0/IO/Compress/Adapter/Bzip2.pm
    - /usr/share/perl/5.36.0/IO/Compress/Adapter/Deflate.pm
    - /usr/share/perl/5.36.0/IO/Compress/Adapter/Identity.pm
    - /usr/share/perl/5.36.0/IO/Compress/Base.pm
    - /usr/share/perl/5.36.0/IO/Compress/Base/Common.pm
    - /usr/share/perl/5.36.0/IO/Compress/Bzip2.pm
    - /usr/share/perl/5.36.0/IO/Compress/Deflate.pm
    - /usr/share/perl/5.36.0/IO/Compress/FAQ.pod
    - /usr/share/perl/5.36.0/IO/Compress/Gzip.pm
    - /usr/share/perl/5.36.0/IO/Compress/Gzip/Constants.pm
    - /usr/share/perl/5.36.0/IO/Compress/RawDeflate.pm
    - /usr/share/perl/5.36.0/IO/Compress/Zip.pm
    - /usr/share/perl/5.36.0/IO/Compress/Zip/Constants.pm
    - /usr/share/perl/5.36.0/IO/Compress/Zlib/Constants.pm
    - /usr/share/perl/5.36.0/IO/Compress/Zlib/Extra.pm
    - /usr/share/perl/5.36.0/IO/Socket/IP.pm
    - /usr/share/perl/5.36.0/IO/Uncompress/Adapter/Bunzip2.pm
    - /usr/share/perl/5.36.0/IO/Uncompress/Adapter/Identity.pm
    - /usr/share/perl/5.36.0/IO/Uncompress/Adapter/Inflate.pm
    - /usr/share/perl/5.36.0/IO/Uncompress/AnyInflate.pm
    - /usr/share/perl/5.36.0/IO/Uncompress/AnyUncompress.pm
    - /usr/share/perl/5.36.0/IO/Uncompress/Base.pm
    - /usr/share/perl/5.36.0/IO/Uncompress/Bunzip2.pm
    - /usr/share/perl/5.36.0/IO/Uncompress/Gunzip.pm
    - /usr/share/perl/5.36.0/IO/Uncompress/Inflate.pm
    - /usr/share/perl/5.36.0/IO/Uncompress/RawInflate.pm
    - /usr/share/perl/5.36.0/IO/Uncompress/Unzip.pm
    - /usr/share/perl/5.36.0/IO/Zlib.pm
    - /usr/share/perl/5.36.0/IPC/Cmd.pm
    - /usr/share/perl/5.36.0/IPC/Open2.pm
    - /usr/share/perl/5.36.0/IPC/Open3.pm
    - /usr/share/perl/5.36.0/Internals.pod
    - /usr/share/perl/5.36.0/JSON/PP.pm
    - /usr/share/perl/5.36.0/JSON/PP/Boolean.pm
    - /usr/share/perl/5.36.0/Locale/Maketext.pm
    - /usr/share/perl/5.36.0/Locale/Maketext.pod
    - /usr/share/perl/5.36.0/Locale/Maketext/Cookbook.pod
    - /usr/share/perl/5.36.0/Locale/Maketext/Guts.pm
    - /usr/share/perl/5.36.0/Locale/Maketext/GutsLoader.pm
    - /usr/share/perl/5.36.0/Locale/Maketext/Simple.pm
    - /usr/share/perl/5.36.0/Locale/Maketext/TPJ13.pod
    - /usr/share/perl/5.36.0/Math/BigFloat.pm
    - /usr/share/perl/5.36.0/Math/BigFloat/Trace.pm
    - /usr/share/perl/5.36.0/Math/BigInt.pm
    - /usr/share/perl/5.36.0/Math/BigInt/Calc.pm
    - /usr/share/perl/5.36.0/Math/BigInt/Lib.pm
    - /usr/share/perl/5.36.0/Math/BigInt/Trace.pm
    - /usr/share/perl/5.36.0/Math/BigRat.pm
    - /usr/share/perl/5.36.0/Math/BigRat/Trace.pm
    - /usr/share/perl/5.36.0/Math/Complex.pm
    - /usr/share/perl/5.36.0/Math/Trig.pm
    - /usr/share/perl/5.36.0/Memoize.pm
    - /usr/share/perl/5.36.0/Memoize/AnyDBM_File.pm
    - /usr/share/perl/5.36.0/Memoize/Expire.pm
    - /usr/share/perl/5.36.0/Memoize/ExpireFile.pm
    - /usr/share/perl/5.36.0/Memoize/ExpireTest.pm
    - /usr/share/perl/5.36.0/Memoize/NDBM_File.pm
    - /usr/share/perl/5.36.0/Memoize/SDBM_File.pm
    - /usr/share/perl/5.36.0/Memoize/Storable.pm
    - /usr/share/perl/5.36.0/Module/CoreList.pm
    - /usr/share/perl/5.36.0/Module/CoreList.pod
    - /usr/share/perl/5.36.0/Module/CoreList/Utils.pm
    - /usr/share/perl/5.36.0/Module/Load.pm
    - /usr/share/perl/5.36.0/Module/Load/Conditional.pm
    - /usr/share/perl/5.36.0/Module/Loaded.pm
    - /usr/share/perl/5.36.0/Module/Metadata.pm
    - /usr/share/perl/5.36.0/NEXT.pm
    - /usr/share/perl/5.36.0/Net/Cmd.pm
    - /usr/share/perl/5.36.0/Net/Config.pm
    - /usr/share/perl/5.36.0/Net/Domain.pm
    - /usr/share/perl/5.36.0/Net/FTP.pm
    - /usr/share/perl/5.36.0/Net/FTP/A.pm
    - /usr/share/perl/5.36.0/Net/FTP/E.pm
    - /usr/share/perl/5.36.0/Net/FTP/I.pm
    - /usr/share/perl/5.36.0/Net/FTP/L.pm
    - /usr/share/perl/5.36.0/Net/FTP/dataconn.pm
    - /usr/share/perl/5.36.0/Net/NNTP.pm
    - /usr/share/perl/5.36.0/Net/Netrc.pm
    - /usr/share/perl/5.36.0/Net/POP3.pm
    - /usr/share/perl/5.36.0/Net/Ping.pm
    - /usr/share/perl/5.36.0/Net/SMTP.pm
    - /usr/share/perl/5.36.0/Net/Time.pm
    - /usr/share/perl/5.36.0/Net/hostent.pm
    - /usr/share/perl/5.36.0/Net/libnetFAQ.pod
    - /usr/share/perl/5.36.0/Net/netent.pm
    - /usr/share/perl/5.36.0/Net/protoent.pm
    - /usr/share/perl/5.36.0/Net/servent.pm
    - /usr/share/perl/5.36.0/Params/Check.pm
    - /usr/share/perl/5.36.0/Parse/CPAN/Meta.pm
    - /usr/share/perl/5.36.0/Perl/OSType.pm
    - /usr/share/perl/5.36.0/PerlIO.pm
    - /usr/share/perl/5.36.0/PerlIO/via/QuotedPrint.pm
    - /usr/share/perl/5.36.0/Pod/Checker.pm
    - /usr/share/perl/5.36.0/Pod/Escapes.pm
    - /usr/share/perl/5.36.0/Pod/Functions.pm
    - /usr/share/perl/5.36.0/Pod/Html.pm
    - /usr/share/perl/5.36.0/Pod/Html/Util.pm
    - /usr/share/perl/5.36.0/Pod/Man.pm
    - /usr/share/perl/5.36.0/Pod/ParseLink.pm
    - /usr/share/perl/5.36.0/Pod/Perldoc.pm
    - /usr/share/perl/5.36.0/Pod/Perldoc/BaseTo.pm
    - /usr/share/perl/5.36.0/Pod/Perldoc/GetOptsOO.pm
    - /usr/share/perl/5.36.0/Pod/Perldoc/ToANSI.pm
    - /usr/share/perl/5.36.0/Pod/Perldoc/ToChecker.pm
    - /usr/share/perl/5.36.0/Pod/Perldoc/ToMan.pm
    - /usr/share/perl/5.36.0/Pod/Perldoc/ToNroff.pm
    - /usr/share/perl/5.36.0/Pod/Perldoc/ToPod.pm
    - /usr/share/perl/5.36.0/Pod/Perldoc/ToRtf.pm
    - /usr/share/perl/5.36.0/Pod/Perldoc/ToTerm.pm
    - /usr/share/perl/5.36.0/Pod/Perldoc/ToText.pm
    - /usr/share/perl/5.36.0/Pod/Perldoc/ToTk.pm
    - /usr/share/perl/5.36.0/Pod/Perldoc/ToXml.pm
    - /usr/share/perl/5.36.0/Pod/Simple.pm
    - /usr/share/perl/5.36.0/Pod/Simple.pod
    - /usr/share/perl/5.36.0/Pod/Simple/BlackBox.pm
    - /usr/share/perl/5.36.0/Pod/Simple/Checker.pm
    - /usr/share/perl/5.36.0/Pod/Simple/Debug.pm
    - /usr/share/perl/5.36.0/Pod/Simple/DumpAsText.pm
    - /usr/share/perl/5.36.0/Pod/Simple/DumpAsXML.pm
    - /usr/share/perl/5.36.0/Pod/Simple/HTML.pm
    - /usr/share/perl/5.36.0/Pod/Simple/HTMLBatch.pm
    - /usr/share/perl/5.36.0/Pod/Simple/HTMLLegacy.pm
    - /usr/share/perl/5.36.0/Pod/Simple/JustPod.pm
    - /usr/share/perl/5.36.0/Pod/Simple/LinkSection.pm
    - /usr/share/perl/5.36.0/Pod/Simple/Methody.pm
    - /usr/share/perl/5.36.0/Pod/Simple/Progress.pm
    - /usr/share/perl/5.36.0/Pod/Simple/PullParser.pm
    - /usr/share/perl/5.36.0/Pod/Simple/PullParserEndToken.pm
    - /usr/share/perl/5.36.0/Pod/Simple/PullParserStartToken.pm
    - /usr/share/perl/5.36.0/Pod/Simple/PullParserTextToken.pm
    - /usr/share/perl/5.36.0/Pod/Simple/PullParserToken.pm
    - /usr/share/perl/5.36.0/Pod/Simple/RTF.pm
    - /usr/share/perl/5.36.0/Pod/Simple/Search.pm
    - /usr/share/perl/5.36.0/Pod/Simple/SimpleTree.pm
    - /usr/share/perl/5.36.0/Pod/Simple/Subclassing.pod
    - /usr/share/perl/5.36.0/Pod/Simple/Text.pm
    - /usr/share/perl/5.36.0/Pod/Simple/TextContent.pm
    - /usr/share/perl/5.36.0/Pod/Simple/TiedOutFH.pm
    - /usr/share/perl/5.36.0/Pod/Simple/Transcode.pm
    - /usr/share/perl/5.36.0/Pod/Simple/TranscodeDumb.pm
    - /usr/share/perl/5.36.0/Pod/Simple/TranscodeSmart.pm
    - /usr/share/perl/5.36.0/Pod/Simple/XHTML.pm
    - /usr/share/perl/5.36.0/Pod/Simple/XMLOutStream.pm
    - /usr/share/perl/5.36.0/Pod/Text.pm
    - /usr/share/perl/5.36.0/Pod/Text/Color.pm
    - /usr/share/perl/5.36.0/Pod/Text/Overstrike.pm
    - /usr/share/perl/5.36.0/Pod/Text/Termcap.pm
    - /usr/share/perl/5.36.0/Pod/Usage.pm
    - /usr/share/perl/5.36.0/Safe.pm
    - /usr/share/perl/5.36.0/Search/Dict.pm
    - /usr/share/perl/5.36.0/SelectSaver.pm
    - /usr/share/perl/5.36.0/SelfLoader.pm
    - /usr/share/perl/5.36.0/Symbol.pm
    - /usr/share/perl/5.36.0/TAP/Base.pm
    - /usr/share/perl/5.36.0/TAP/Formatter/Base.pm
    - /usr/share/perl/5.36.0/TAP/Formatter/Color.pm
    - /usr/share/perl/5.36.0/TAP/Formatter/Console.pm
    - /usr/share/perl/5.36.0/TAP/Formatter/Console/ParallelSession.pm
    - /usr/share/perl/5.36.0/TAP/Formatter/Console/Session.pm
    - /usr/share/perl/5.36.0/TAP/Formatter/File.pm
    - /usr/share/perl/5.36.0/TAP/Formatter/File/Session.pm
    - /usr/share/perl/5.36.0/TAP/Formatter/Session.pm
    - /usr/share/perl/5.36.0/TAP/Harness.pm
    - /usr/share/perl/5.36.0/TAP/Harness/Beyond.pod
    - /usr/share/perl/5.36.0/TAP/Harness/Env.pm
    - /usr/share/perl/5.36.0/TAP/Object.pm
    - /usr/share/perl/5.36.0/TAP/Parser.pm
    - /usr/share/perl/5.36.0/TAP/Parser/Aggregator.pm
    - /usr/share/perl/5.36.0/TAP/Parser/Grammar.pm
    - /usr/share/perl/5.36.0/TAP/Parser/Iterator.pm
    - /usr/share/perl/5.36.0/TAP/Parser/Iterator/Array.pm
    - /usr/share/perl/5.36.0/TAP/Parser/Iterator/Process.pm
    - /usr/share/perl/5.36.0/TAP/Parser/Iterator/Stream.pm
    - /usr/share/perl/5.36.0/TAP/Parser/IteratorFactory.pm
    - /usr/share/perl/5.36.0/TAP/Parser/Multiplexer.pm
    - /usr/share/perl/5.36.0/TAP/Parser/Result.pm
    - /usr/share/perl/5.36.0/TAP/Parser/Result/Bailout.pm
    - /usr/share/perl/5.36.0/TAP/Parser/Result/Comment.pm
    - /usr/share/perl/5.36.0/TAP/Parser/Result/Plan.pm
    - /usr/share/perl/5.36.0/TAP/Parser/Result/Pragma.pm
    - /usr/share/perl/5.36.0/TAP/Parser/Result/Test.pm
    - /usr/share/perl/5.36.0/TAP/Parser/Result/Unknown.pm
    - /usr/share/perl/5.36.0/TAP/Parser/Result/Version.pm
    - /usr/share/perl/5.36.0/TAP/Parser/Result/YAML.pm
    - /usr/share/perl/5.36.0/TAP/Parser/ResultFactory.pm
    - /usr/share/perl/5.36.0/TAP/Parser/Scheduler.pm
    - /usr/share/perl/5.36.0/TAP/Parser/Scheduler/Job.pm
    - /usr/share/perl/5.36.0/TAP/Parser/Scheduler/Spinner.pm
    - /usr/share/perl/5.36.0/TAP/Parser/Source.pm
    - /usr/share/perl/5.36.0/TAP/Parser/SourceHandler.pm
    - /usr/share/perl/5.36.0/TAP/Parser/SourceHandler/Executable.pm
    - /usr/share/perl/5.36.0/TAP/Parser/SourceHandler/File.pm
    - /usr/share/perl/5.36.0/TAP/Parser/SourceHandler/Handle.pm
    - /usr/share/perl/5.36.0/TAP/Parser/SourceHandler/Perl.pm
    - /usr/share/perl/5.36.0/TAP/Parser/SourceHandler/RawTAP.pm
    - /usr/share/perl/5.36.0/TAP/Parser/YAMLish/Reader.pm
    - /usr/share/perl/5.36.0/TAP/Parser/YAMLish/Writer.pm
    - /usr/share/perl/5.36.0/Term/ANSIColor.pm
    - /usr/share/perl/5.36.0/Term/Cap.pm
    - /usr/share/perl/5.36.0/Term/Complete.pm
    - /usr/share/perl/5.36.0/Term/ReadLine.pm
    - /usr/share/perl/5.36.0/Test.pm
    - /usr/share/perl/5.36.0/Test/Builder.pm
    - /usr/share/perl/5.36.0/Test/Builder/Formatter.pm
    - /usr/share/perl/5.36.0/Test/Builder/IO/Scalar.pm
    - /usr/share/perl/5.36.0/Test/Builder/Module.pm
    - /usr/share/perl/5.36.0/Test/Builder/Tester.pm
    - /usr/share/perl/5.36.0/Test/Builder/Tester/Color.pm
    - /usr/share/perl/5.36.0/Test/Builder/TodoDiag.pm
    - /usr/share/perl/5.36.0/Test/Harness.pm
    - /usr/share/perl/5.36.0/Test/More.pm
    - /usr/share/perl/5.36.0/Test/Simple.pm
    - /usr/share/perl/5.36.0/Test/Tester.pm
    - /usr/share/perl/5.36.0/Test/Tester/Capture.pm
    - /usr/share/perl/5.36.0/Test/Tester/CaptureRunner.pm
    - /usr/share/perl/5.36.0/Test/Tester/Delegate.pm
    - /usr/share/perl/5.36.0/Test/Tutorial.pod
    - /usr/share/perl/5.36.0/Test/use/ok.pm
    - /usr/share/perl/5.36.0/Test2.pm
    - /usr/share/perl/5.36.0/Test2/API.pm
    - /usr/share/perl/5.36.0/Test2/API/Breakage.pm
    - /usr/share/perl/5.36.0/Test2/API/Context.pm
    - /usr/share/perl/5.36.0/Test2/API/Instance.pm
    - /usr/share/perl/5.36.0/Test2/API/InterceptResult.pm
    - /usr/share/perl/5.36.0/Test2/API/InterceptResult/Event.pm
    - /usr/share/perl/5.36.0/Test2/API/InterceptResult/Facet.pm
    - /usr/share/perl/5.36.0/Test2/API/InterceptResult/Hub.pm
    - /usr/share/perl/5.36.0/Test2/API/InterceptResult/Squasher.pm
    - /usr/share/perl/5.36.0/Test2/API/Stack.pm
    - /usr/share/perl/5.36.0/Test2/Event.pm
    - /usr/share/perl/5.36.0/Test2/Event/Bail.pm
    - /usr/share/perl/5.36.0/Test2/Event/Diag.pm
    - /usr/share/perl/5.36.0/Test2/Event/Encoding.pm
    - /usr/share/perl/5.36.0/Test2/Event/Exception.pm
    - /usr/share/perl/5.36.0/Test2/Event/Fail.pm
    - /usr/share/perl/5.36.0/Test2/Event/Generic.pm
    - /usr/share/perl/5.36.0/Test2/Event/Note.pm
    - /usr/share/perl/5.36.0/Test2/Event/Ok.pm
    - /usr/share/perl/5.36.0/Test2/Event/Pass.pm
    - /usr/share/perl/5.36.0/Test2/Event/Plan.pm
    - /usr/share/perl/5.36.0/Test2/Event/Skip.pm
    - /usr/share/perl/5.36.0/Test2/Event/Subtest.pm
    - /usr/share/perl/5.36.0/Test2/Event/TAP/Version.pm
    - /usr/share/perl/5.36.0/Test2/Event/V2.pm
    - /usr/share/perl/5.36.0/Test2/Event/Waiting.pm
    - /usr/share/perl/5.36.0/Test2/EventFacet.pm
    - /usr/share/perl/5.36.0/Test2/EventFacet/About.pm
    - /usr/share/perl/5.36.0/Test2/EventFacet/Amnesty.pm
    - /usr/share/perl/5.36.0/Test2/EventFacet/Assert.pm
    - /usr/share/perl/5.36.0/Test2/EventFacet/Control.pm
    - /usr/share/perl/5.36.0/Test2/EventFacet/Error.pm
    - /usr/share/perl/5.36.0/Test2/EventFacet/Hub.pm
    - /usr/share/perl/5.36.0/Test2/EventFacet/Info.pm
    - /usr/share/perl/5.36.0/Test2/EventFacet/Info/Table.pm
    - /usr/share/perl/5.36.0/Test2/EventFacet/Meta.pm
    - /usr/share/perl/5.36.0/Test2/EventFacet/Parent.pm
    - /usr/share/perl/5.36.0/Test2/EventFacet/Plan.pm
    - /usr/share/perl/5.36.0/Test2/EventFacet/Render.pm
    - /usr/share/perl/5.36.0/Test2/EventFacet/Trace.pm
    - /usr/share/perl/5.36.0/Test2/Formatter.pm
    - /usr/share/perl/5.36.0/Test2/Formatter/TAP.pm
    - /usr/share/perl/5.36.0/Test2/Hub.pm
    - /usr/share/perl/5.36.0/Test2/Hub/Interceptor.pm
    - /usr/share/perl/5.36.0/Test2/Hub/Interceptor/Terminator.pm
    - /usr/share/perl/5.36.0/Test2/Hub/Subtest.pm
    - /usr/share/perl/5.36.0/Test2/IPC.pm
    - /usr/share/perl/5.36.0/Test2/IPC/Driver.pm
    - /usr/share/perl/5.36.0/Test2/IPC/Driver/Files.pm
    - /usr/share/perl/5.36.0/Test2/Tools/Tiny.pm
    - /usr/share/perl/5.36.0/Test2/Transition.pod
    - /usr/share/perl/5.36.0/Test2/Util.pm
    - /usr/share/perl/5.36.0/Test2/Util/ExternalMeta.pm
    - /usr/share/perl/5.36.0/Test2/Util/Facets2Legacy.pm
    - /usr/share/perl/5.36.0/Test2/Util/HashBase.pm
    - /usr/share/perl/5.36.0/Test2/Util/Trace.pm
    - /usr/share/perl/5.36.0/Text/Abbrev.pm
    - /usr/share/perl/5.36.0/Text/Balanced.pm
    - /usr/share/perl/5.36.0/Text/ParseWords.pm
    - /usr/share/perl/5.36.0/Text/Tabs.pm
    - /usr/share/perl/5.36.0/Text/Wrap.pm
    - /usr/share/perl/5.36.0/Thread.pm
    - /usr/share/perl/5.36.0/Thread/Queue.pm
    - /usr/share/perl/5.36.0/Thread/Semaphore.pm
    - /usr/share/perl/5.36.0/Tie/Array.pm
    - /usr/share/perl/5.36.0/Tie/File.pm
    - /usr/share/perl/5.36.0/Tie/Handle.pm
    - /usr/share/perl/5.36.0/Tie/Hash.pm
    - /usr/share/perl/5.36.0/Tie/Hash/NamedCapture.pm
    - /usr/share/perl/5.36.0/Tie/Memoize.pm
    - /usr/share/perl/5.36.0/Tie/RefHash.pm
    - /usr/share/perl/5.36.0/Tie/Scalar.pm
    - /usr/share/perl/5.36.0/Tie/StdHandle.pm
    - /usr/share/perl/5.36.0/Tie/SubstrHash.pm
    - /usr/share/perl/5.36.0/Time/Local.pm
    - /usr/share/perl/5.36.0/Time/gmtime.pm
    - /usr/share/perl/5.36.0/Time/localtime.pm
    - /usr/share/perl/5.36.0/Time/tm.pm
    - /usr/share/perl/5.36.0/UNIVERSAL.pm
    - /usr/share/perl/5.36.0/Unicode/Collate/CJK/Big5.pm
    - /usr/share/perl/5.36.0/Unicode/Collate/CJK/GB2312.pm
    - /usr/share/perl/5.36.0/Unicode/Collate/CJK/JISX0208.pm
    - /usr/share/perl/5.36.0/Unicode/Collate/CJK/Korean.pm
    - /usr/share/perl/5.36.0/Unicode/Collate/CJK/Pinyin.pm
    - /usr/share/perl/5.36.0/Unicode/Collate/CJK/Stroke.pm
    - /usr/share/perl/5.36.0/Unicode/Collate/CJK/Zhuyin.pm
    - /usr/share/perl/5.36.0/Unicode/Collate/Locale/af.pl
    - /usr/share/perl/5.36.0/Unicode/Collate/Locale/ar.pl
    - /usr/share/perl/5.36.0/Unicode/Collate/Locale/as.pl
    - /usr/share/perl/5.36.0/Unicode/Collate/Locale/az.pl
    - /usr/share/perl/5.36.0/Unicode/Collate/Locale/be.pl
    - /usr/share/perl/5.36.0/Unicode/Collate/Locale/bn.pl
    - /usr/share/perl/5.36.0/Unicode/Collate/Locale/ca.pl
    - /usr/share/perl/5.36.0/Unicode/Collate/Locale/cs.pl
    - /usr/share/perl/5.36.0/Unicode/Collate/Locale/cu.pl
    - /usr/share/perl/5.36.0/Unicode/Collate/Locale/cy.pl
    - /usr/share/perl/5.36.0/Unicode/Collate/Locale/da.pl
    - /usr/share/perl/5.36.0/Unicode/Collate/Locale/de_at_ph.pl
    - /usr/share/perl/5.36.0/Unicode/Collate/Locale/de_phone.pl
    - /usr/share/perl/5.36.0/Unicode/Collate/Locale/dsb.pl
    - /usr/share/perl/5.36.0/Unicode/Collate/Locale/ee.pl
    - /usr/share/perl/5.36.0/Unicode/Collate/Locale/eo.pl
    - /usr/share/perl/5.36.0/Unicode/Collate/Locale/es.pl
    - /usr/share/perl/5.36.0/Unicode/Collate/Locale/es_trad.pl
    - /usr/share/perl/5.36.0/Unicode/Collate/Locale/et.pl
    - /usr/share/perl/5.36.0/Unicode/Collate/Locale/fa.pl
    - /usr/share/perl/5.36.0/Unicode/Collate/Locale/fi.pl
    - /usr/share/perl/5.36.0/Unicode/Collate/Locale/fi_phone.pl
    - /usr/share/perl/5.36.0/Unicode/Collate/Locale/fil.pl
    - /usr/share/perl/5.36.0/Unicode/Collate/Locale/fo.pl
    - /usr/share/perl/5.36.0/Unicode/Collate/Locale/fr_ca.pl
    - /usr/share/perl/5.36.0/Unicode/Collate/Locale/gu.pl
    - /usr/share/perl/5.36.0/Unicode/Collate/Locale/ha.pl
    - /usr/share/perl/5.36.0/Unicode/Collate/Locale/haw.pl
    - /usr/share/perl/5.36.0/Unicode/Collate/Locale/he.pl
    - /usr/share/perl/5.36.0/Unicode/Collate/Locale/hi.pl
    - /usr/share/perl/5.36.0/Unicode/Collate/Locale/hr.pl
    - /usr/share/perl/5.36.0/Unicode/Collate/Locale/hu.pl
    - /usr/share/perl/5.36.0/Unicode/Collate/Locale/hy.pl
    - /usr/share/perl/5.36.0/Unicode/Collate/Locale/ig.pl
    - /usr/share/perl/5.36.0/Unicode/Collate/Locale/is.pl
    - /usr/share/perl/5.36.0/Unicode/Collate/Locale/ja.pl
    - /usr/share/perl/5.36.0/Unicode/Collate/Locale/kk.pl
    - /usr/share/perl/5.36.0/Unicode/Collate/Locale/kl.pl
    - /usr/share/perl/5.36.0/Unicode/Collate/Locale/kn.pl
    - /usr/share/perl/5.36.0/Unicode/Collate/Locale/ko.pl
    - /usr/share/perl/5.36.0/Unicode/Collate/Locale/kok.pl
    - /usr/share/perl/5.36.0/Unicode/Collate/Locale/lkt.pl
    - /usr/share/perl/5.36.0/Unicode/Collate/Locale/ln.pl
    - /usr/share/perl/5.36.0/Unicode/Collate/Locale/lt.pl
    - /usr/share/perl/5.36.0/Unicode/Collate/Locale/lv.pl
    - /usr/share/perl/5.36.0/Unicode/Collate/Locale/mk.pl
    - /usr/share/perl/5.36.0/Unicode/Collate/Locale/ml.pl
    - /usr/share/perl/5.36.0/Unicode/Collate/Locale/mr.pl
    - /usr/share/perl/5.36.0/Unicode/Collate/Locale/mt.pl
    - /usr/share/perl/5.36.0/Unicode/Collate/Locale/nb.pl
    - /usr/share/perl/5.36.0/Unicode/Collate/Locale/nn.pl
    - /usr/share/perl/5.36.0/Unicode/Collate/Locale/nso.pl
    - /usr/share/perl/5.36.0/Unicode/Collate/Locale/om.pl
    - /usr/share/perl/5.36.0/Unicode/Collate/Locale/or.pl
    - /usr/share/perl/5.36.0/Unicode/Collate/Locale/pa.pl
    - /usr/share/perl/5.36.0/Unicode/Collate/Locale/pl.pl
    - /usr/share/perl/5.36.0/Unicode/Collate/Locale/ro.pl
    - /usr/share/perl/5.36.0/Unicode/Collate/Locale/sa.pl
    - /usr/share/perl/5.36.0/Unicode/Collate/Locale/se.pl
    - /usr/share/perl/5.36.0/Unicode/Collate/Locale/si.pl
    - /usr/share/perl/5.36.0/Unicode/Collate/Locale/si_dict.pl
    - /usr/share/perl/5.36.0/Unicode/Collate/Locale/sk.pl
    - /usr/share/perl/5.36.0/Unicode/Collate/Locale/sl.pl
    - /usr/share/perl/5.36.0/Unicode/Collate/Locale/sq.pl
    - /usr/share/perl/5.36.0/Unicode/Collate/Locale/sr.pl
    - /usr/share/perl/5.36.0/Unicode/Collate/Locale/sv.pl
    - /usr/share/perl/5.36.0/Unicode/Collate/Locale/sv_refo.pl
    - /usr/share/perl/5.36.0/Unicode/Collate/Locale/ta.pl
    - /usr/share/perl/5.36.0/Unicode/Collate/Locale/te.pl
    - /usr/share/perl/5.36.0/Unicode/Collate/Locale/th.pl
    - /usr/share/perl/5.36.0/Unicode/Collate/Locale/tn.pl
    - /usr/share/perl/5.36.0/Unicode/Collate/Locale/to.pl
    - /usr/share/perl/5.36.0/Unicode/Collate/Locale/tr.pl
    - /usr/share/perl/5.36.0/Unicode/Collate/Locale/ug_cyrl.pl
    - /usr/share/perl/5.36.0/Unicode/Collate/Locale/uk.pl
    - /usr/share/perl/5.36.0/Unicode/Collate/Locale/ur.pl
    - /usr/share/perl/5.36.0/Unicode/Collate/Locale/vi.pl
    - /usr/share/perl/5.36.0/Unicode/Collate/Locale/vo.pl
    - /usr/share/perl/5.36.0/Unicode/Collate/Locale/wae.pl
    - /usr/share/perl/5.36.0/Unicode/Collate/Locale/wo.pl
    - /usr/share/perl/5.36.0/Unicode/Collate/Locale/yo.pl
    - /usr/share/perl/5.36.0/Unicode/Collate/Locale/zh.pl
    - /usr/share/perl/5.36.0/Unicode/Collate/Locale/zh_big5.pl
    - /usr/share/perl/5.36.0/Unicode/Collate/Locale/zh_gb.pl
    - /usr/share/perl/5.36.0/Unicode/Collate/Locale/zh_pin.pl
    - /usr/share/perl/5.36.0/Unicode/Collate/Locale/zh_strk.pl
    - /usr/share/perl/5.36.0/Unicode/Collate/Locale/zh_zhu.pl
    - /usr/share/perl/5.36.0/Unicode/Collate/allkeys.txt
    - /usr/share/perl/5.36.0/Unicode/Collate/keys.txt
    - /usr/share/perl/5.36.0/Unicode/UCD.pm
    - /usr/share/perl/5.36.0/User/grent.pm
    - /usr/share/perl/5.36.0/User/pwent.pm
    - /usr/share/perl/5.36.0/XSLoader.pm
    - /usr/share/perl/5.36.0/_charnames.pm
    - /usr/share/perl/5.36.0/autodie.pm
    - /usr/share/perl/5.36.0/autodie/Scope/Guard.pm
    - /usr/share/perl/5.36.0/autodie/Scope/GuardStack.pm
    - /usr/share/perl/5.36.0/autodie/Util.pm
    - /usr/share/perl/5.36.0/autodie/exception.pm
    - /usr/share/perl/5.36.0/autodie/exception/system.pm
    - /usr/share/perl/5.36.0/autodie/hints.pm
    - /usr/share/perl/5.36.0/autodie/skip.pm
    - /usr/share/perl/5.36.0/autouse.pm
    - /usr/share/perl/5.36.0/base.pm
    - /usr/share/perl/5.36.0/bigfloat.pm
    - /usr/share/perl/5.36.0/bigint.pm
    - /usr/share/perl/5.36.0/bignum.pm
    - /usr/share/perl/5.36.0/bigrat.pm
    - /usr/share/perl/5.36.0/blib.pm
    - /usr/share/perl/5.36.0/builtin.pm
    - /usr/share/perl/5.36.0/bytes.pm
    - /usr/share/perl/5.36.0/bytes_heavy.pl
    - /usr/share/perl/5.36.0/charnames.pm
    - /usr/share/perl/5.36.0/constant.pm
    - /usr/share/perl/5.36.0/deprecate.pm
    - /usr/share/perl/5.36.0/diagnostics.pm
    - /usr/share/perl/5.36.0/dumpvar.pl
    - /usr/share/perl/5.36.0/encoding/warnings.pm
    - /usr/share/perl/5.36.0/experimental.pm
    - /usr/share/perl/5.36.0/feature.pm
    - /usr/share/perl/5.36.0/fields.pm
    - /usr/share/perl/5.36.0/filetest.pm
    - /usr/share/perl/5.36.0/if.pm
    - /usr/share/perl/5.36.0/integer.pm
    - /usr/share/perl/5.36.0/less.pm
    - /usr/share/perl/5.36.0/locale.pm
    - /usr/share/perl/5.36.0/meta_notation.pm
    - /usr/share/perl/5.36.0/ok.pm
    - /usr/share/perl/5.36.0/open.pm
    - /usr/share/perl/5.36.0/overload.pm
    - /usr/share/perl/5.36.0/overload/numbers.pm
    - /usr/share/perl/5.36.0/overloading.pm
    - /usr/share/perl/5.36.0/parent.pm
    - /usr/share/perl/5.36.0/perl5db.pl
    - /usr/share/perl/5.36.0/perlfaq.pm
    - /usr/share/perl/5.36.0/pod/perldiag.pod
    - /usr/share/perl/5.36.0/sigtrap.pm
    - /usr/share/perl/5.36.0/sort.pm
    - /usr/share/perl/5.36.0/strict.pm
    - /usr/share/perl/5.36.0/subs.pm
    - /usr/share/perl/5.36.0/unicore/Blocks.txt
    - /usr/share/perl/5.36.0/unicore/CombiningClass.pl
    - /usr/share/perl/5.36.0/unicore/Decomposition.pl
    - /usr/share/perl/5.36.0/unicore/Name.pl
    - /usr/share/perl/5.36.0/unicore/Name.pm
    - /usr/share/perl/5.36.0/unicore/NamedSequences.txt
    - /usr/share/perl/5.36.0/unicore/SpecialCasing.txt
    - /usr/share/perl/5.36.0/unicore/To/Age.pl
    - /usr/share/perl/5.36.0/unicore/To/Bc.pl
    - /usr/share/perl/5.36.0/unicore/To/Bmg.pl
    - /usr/share/perl/5.36.0/unicore/To/Bpb.pl
    - /usr/share/perl/5.36.0/unicore/To/Bpt.pl
    - /usr/share/perl/5.36.0/unicore/To/Cf.pl
    - /usr/share/perl/5.36.0/unicore/To/Ea.pl
    - /usr/share/perl/5.36.0/unicore/To/EqUIdeo.pl
    - /usr/share/perl/5.36.0/unicore/To/GCB.pl
    - /usr/share/perl/5.36.0/unicore/To/Gc.pl
    - /usr/share/perl/5.36.0/unicore/To/Hst.pl
    - /usr/share/perl/5.36.0/unicore/To/Identif2.pl
    - /usr/share/perl/5.36.0/unicore/To/Identifi.pl
    - /usr/share/perl/5.36.0/unicore/To/InPC.pl
    - /usr/share/perl/5.36.0/unicore/To/InSC.pl
    - /usr/share/perl/5.36.0/unicore/To/Isc.pl
    - /usr/share/perl/5.36.0/unicore/To/Jg.pl
    - /usr/share/perl/5.36.0/unicore/To/Jt.pl
    - /usr/share/perl/5.36.0/unicore/To/Lb.pl
    - /usr/share/perl/5.36.0/unicore/To/Lc.pl
    - /usr/share/perl/5.36.0/unicore/To/NFCQC.pl
    - /usr/share/perl/5.36.0/unicore/To/NFDQC.pl
    - /usr/share/perl/5.36.0/unicore/To/NFKCCF.pl
    - /usr/share/perl/5.36.0/unicore/To/NFKCQC.pl
    - /usr/share/perl/5.36.0/unicore/To/NFKDQC.pl
    - /usr/share/perl/5.36.0/unicore/To/Na1.pl
    - /usr/share/perl/5.36.0/unicore/To/NameAlia.pl
    - /usr/share/perl/5.36.0/unicore/To/Nt.pl
    - /usr/share/perl/5.36.0/unicore/To/Nv.pl
    - /usr/share/perl/5.36.0/unicore/To/PerlDeci.pl
    - /usr/share/perl/5.36.0/unicore/To/SB.pl
    - /usr/share/perl/5.36.0/unicore/To/Sc.pl
    - /usr/share/perl/5.36.0/unicore/To/Scx.pl
    - /usr/share/perl/5.36.0/unicore/To/Tc.pl
    - /usr/share/perl/5.36.0/unicore/To/Uc.pl
    - /usr/share/perl/5.36.0/unicore/To/Vo.pl
    - /usr/share/perl/5.36.0/unicore/To/WB.pl
    - /usr/share/perl/5.36.0/unicore/To/_PerlLB.pl
    - /usr/share/perl/5.36.0/unicore/To/_PerlSCX.pl
    - /usr/share/perl/5.36.0/unicore/UCD.pl
    - /usr/share/perl/5.36.0/unicore/lib/Age/NA.pl
    - /usr/share/perl/5.36.0/unicore/lib/Age/V100.pl
    - /usr/share/perl/5.36.0/unicore/lib/Age/V11.pl
    - /usr/share/perl/5.36.0/unicore/lib/Age/V110.pl
    - /usr/share/perl/5.36.0/unicore/lib/Age/V120.pl
    - /usr/share/perl/5.36.0/unicore/lib/Age/V130.pl
    - /usr/share/perl/5.36.0/unicore/lib/Age/V140.pl
    - /usr/share/perl/5.36.0/unicore/lib/Age/V20.pl
    - /usr/share/perl/5.36.0/unicore/lib/Age/V30.pl
    - /usr/share/perl/5.36.0/unicore/lib/Age/V31.pl
    - /usr/share/perl/5.36.0/unicore/lib/Age/V32.pl
    - /usr/share/perl/5.36.0/unicore/lib/Age/V40.pl
    - /usr/share/perl/5.36.0/unicore/lib/Age/V41.pl
    - /usr/share/perl/5.36.0/unicore/lib/Age/V50.pl
    - /usr/share/perl/5.36.0/unicore/lib/Age/V51.pl
    - /usr/share/perl/5.36.0/unicore/lib/Age/V52.pl
    - /usr/share/perl/5.36.0/unicore/lib/Age/V60.pl
    - /usr/share/perl/5.36.0/unicore/lib/Age/V61.pl
    - /usr/share/perl/5.36.0/unicore/lib/Age/V70.pl
    - /usr/share/perl/5.36.0/unicore/lib/Age/V80.pl
    - /usr/share/perl/5.36.0/unicore/lib/Age/V90.pl
    - /usr/share/perl/5.36.0/unicore/lib/Alpha/Y.pl
    - /usr/share/perl/5.36.0/unicore/lib/Bc/AL.pl
    - /usr/share/perl/5.36.0/unicore/lib/Bc/AN.pl
    - /usr/share/perl/5.36.0/unicore/lib/Bc/B.pl
    - /usr/share/perl/5.36.0/unicore/lib/Bc/BN.pl
    - /usr/share/perl/5.36.0/unicore/lib/Bc/CS.pl
    - /usr/share/perl/5.36.0/unicore/lib/Bc/EN.pl
    - /usr/share/perl/5.36.0/unicore/lib/Bc/ES.pl
    - /usr/share/perl/5.36.0/unicore/lib/Bc/ET.pl
    - /usr/share/perl/5.36.0/unicore/lib/Bc/L.pl
    - /usr/share/perl/5.36.0/unicore/lib/Bc/NSM.pl
    - /usr/share/perl/5.36.0/unicore/lib/Bc/ON.pl
    - /usr/share/perl/5.36.0/unicore/lib/Bc/R.pl
    - /usr/share/perl/5.36.0/unicore/lib/Bc/WS.pl
    - /usr/share/perl/5.36.0/unicore/lib/BidiC/Y.pl
    - /usr/share/perl/5.36.0/unicore/lib/BidiM/Y.pl
    - /usr/share/perl/5.36.0/unicore/lib/Blk/NB.pl
    - /usr/share/perl/5.36.0/unicore/lib/Bpt/C.pl
    - /usr/share/perl/5.36.0/unicore/lib/Bpt/N.pl
    - /usr/share/perl/5.36.0/unicore/lib/Bpt/O.pl
    - /usr/share/perl/5.36.0/unicore/lib/CE/Y.pl
    - /usr/share/perl/5.36.0/unicore/lib/CI/Y.pl
    - /usr/share/perl/5.36.0/unicore/lib/CWCF/Y.pl
    - /usr/share/perl/5.36.0/unicore/lib/CWCM/Y.pl
    - /usr/share/perl/5.36.0/unicore/lib/CWKCF/Y.pl
    - /usr/share/perl/5.36.0/unicore/lib/CWL/Y.pl
    - /usr/share/perl/5.36.0/unicore/lib/CWT/Y.pl
    - /usr/share/perl/5.36.0/unicore/lib/CWU/Y.pl
    - /usr/share/perl/5.36.0/unicore/lib/Cased/Y.pl
    - /usr/share/perl/5.36.0/unicore/lib/Ccc/A.pl
    - /usr/share/perl/5.36.0/unicore/lib/Ccc/AL.pl
    - /usr/share/perl/5.36.0/unicore/lib/Ccc/AR.pl
    - /usr/share/perl/5.36.0/unicore/lib/Ccc/ATAR.pl
    - /usr/share/perl/5.36.0/unicore/lib/Ccc/B.pl
    - /usr/share/perl/5.36.0/unicore/lib/Ccc/BR.pl
    - /usr/share/perl/5.36.0/unicore/lib/Ccc/DB.pl
    - /usr/share/perl/5.36.0/unicore/lib/Ccc/NK.pl
    - /usr/share/perl/5.36.0/unicore/lib/Ccc/NR.pl
    - /usr/share/perl/5.36.0/unicore/lib/Ccc/OV.pl
    - /usr/share/perl/5.36.0/unicore/lib/Ccc/VR.pl
    - /usr/share/perl/5.36.0/unicore/lib/CompEx/Y.pl
    - /usr/share/perl/5.36.0/unicore/lib/DI/Y.pl
    - /usr/share/perl/5.36.0/unicore/lib/Dash/Y.pl
    - /usr/share/perl/5.36.0/unicore/lib/Dep/Y.pl
    - /usr/share/perl/5.36.0/unicore/lib/Dia/Y.pl
    - /usr/share/perl/5.36.0/unicore/lib/Dt/Com.pl
    - /usr/share/perl/5.36.0/unicore/lib/Dt/Enc.pl
    - /usr/share/perl/5.36.0/unicore/lib/Dt/Fin.pl
    - /usr/share/perl/5.36.0/unicore/lib/Dt/Font.pl
    - /usr/share/perl/5.36.0/unicore/lib/Dt/Init.pl
    - /usr/share/perl/5.36.0/unicore/lib/Dt/Iso.pl
    - /usr/share/perl/5.36.0/unicore/lib/Dt/Med.pl
    - /usr/share/perl/5.36.0/unicore/lib/Dt/Nar.pl
    - /usr/share/perl/5.36.0/unicore/lib/Dt/Nb.pl
    - /usr/share/perl/5.36.0/unicore/lib/Dt/NonCanon.pl
    - /usr/share/perl/5.36.0/unicore/lib/Dt/Sqr.pl
    - /usr/share/perl/5.36.0/unicore/lib/Dt/Sub.pl
    - /usr/share/perl/5.36.0/unicore/lib/Dt/Sup.pl
    - /usr/share/perl/5.36.0/unicore/lib/Dt/Vert.pl
    - /usr/share/perl/5.36.0/unicore/lib/EBase/Y.pl
    - /usr/share/perl/5.36.0/unicore/lib/EComp/Y.pl
    - /usr/share/perl/5.36.0/unicore/lib/EPres/Y.pl
    - /usr/share/perl/5.36.0/unicore/lib/Ea/A.pl
    - /usr/share/perl/5.36.0/unicore/lib/Ea/H.pl
    - /usr/share/perl/5.36.0/unicore/lib/Ea/N.pl
    - /usr/share/perl/5.36.0/unicore/lib/Ea/Na.pl
    - /usr/share/perl/5.36.0/unicore/lib/Ea/W.pl
    - /usr/share/perl/5.36.0/unicore/lib/Emoji/Y.pl
    - /usr/share/perl/5.36.0/unicore/lib/Ext/Y.pl
    - /usr/share/perl/5.36.0/unicore/lib/ExtPict/Y.pl
    - /usr/share/perl/5.36.0/unicore/lib/GCB/CN.pl
    - /usr/share/perl/5.36.0/unicore/lib/GCB/EX.pl
    - /usr/share/perl/5.36.0/unicore/lib/GCB/LV.pl
    - /usr/share/perl/5.36.0/unicore/lib/GCB/LVT.pl
    - /usr/share/perl/5.36.0/unicore/lib/GCB/PP.pl
    - /usr/share/perl/5.36.0/unicore/lib/GCB/SM.pl
    - /usr/share/perl/5.36.0/unicore/lib/GCB/XX.pl
    - /usr/share/perl/5.36.0/unicore/lib/Gc/C.pl
    - /usr/share/perl/5.36.0/unicore/lib/Gc/Cf.pl
    - /usr/share/perl/5.36.0/unicore/lib/Gc/Cn.pl
    - /usr/share/perl/5.36.0/unicore/lib/Gc/L.pl
    - /usr/share/perl/5.36.0/unicore/lib/Gc/LC.pl
    - /usr/share/perl/5.36.0/unicore/lib/Gc/Ll.pl
    - /usr/share/perl/5.36.0/unicore/lib/Gc/Lm.pl
    - /usr/share/perl/5.36.0/unicore/lib/Gc/Lo.pl
    - /usr/share/perl/5.36.0/unicore/lib/Gc/Lu.pl
    - /usr/share/perl/5.36.0/unicore/lib/Gc/M.pl
    - /usr/share/perl/5.36.0/unicore/lib/Gc/Mc.pl
    - /usr/share/perl/5.36.0/unicore/lib/Gc/Me.pl
    - /usr/share/perl/5.36.0/unicore/lib/Gc/Mn.pl
    - /usr/share/perl/5.36.0/unicore/lib/Gc/N.pl
    - /usr/share/perl/5.36.0/unicore/lib/Gc/Nd.pl
    - /usr/share/perl/5.36.0/unicore/lib/Gc/Nl.pl
    - /usr/share/perl/5.36.0/unicore/lib/Gc/No.pl
    - /usr/share/perl/5.36.0/unicore/lib/Gc/P.pl
    - /usr/share/perl/5.36.0/unicore/lib/Gc/Pc.pl
    - /usr/share/perl/5.36.0/unicore/lib/Gc/Pd.pl
    - /usr/share/perl/5.36.0/unicore/lib/Gc/Pe.pl
    - /usr/share/perl/5.36.0/unicore/lib/Gc/Pf.pl
    - /usr/share/perl/5.36.0/unicore/lib/Gc/Pi.pl
    - /usr/share/perl/5.36.0/unicore/lib/Gc/Po.pl
    - /usr/share/perl/5.36.0/unicore/lib/Gc/Ps.pl
    - /usr/share/perl/5.36.0/unicore/lib/Gc/S.pl
    - /usr/share/perl/5.36.0/unicore/lib/Gc/Sc.pl
    - /usr/share/perl/5.36.0/unicore/lib/Gc/Sk.pl
    - /usr/share/perl/5.36.0/unicore/lib/Gc/Sm.pl
    - /usr/share/perl/5.36.0/unicore/lib/Gc/So.pl
    - /usr/share/perl/5.36.0/unicore/lib/Gc/Z.pl
    - /usr/share/perl/5.36.0/unicore/lib/Gc/Zs.pl
    - /usr/share/perl/5.36.0/unicore/lib/GrBase/Y.pl
    - /usr/share/perl/5.36.0/unicore/lib/GrExt/Y.pl
    - /usr/share/perl/5.36.0/unicore/lib/Hex/Y.pl
    - /usr/share/perl/5.36.0/unicore/lib/Hst/NA.pl
    - /usr/share/perl/5.36.0/unicore/lib/Hyphen/T.pl
    - /usr/share/perl/5.36.0/unicore/lib/IDC/Y.pl
    - /usr/share/perl/5.36.0/unicore/lib/IDS/Y.pl
    - /usr/share/perl/5.36.0/unicore/lib/IdStatus/Allowed.pl
    - /usr/share/perl/5.36.0/unicore/lib/IdStatus/Restrict.pl
    - /usr/share/perl/5.36.0/unicore/lib/IdType/DefaultI.pl
    - /usr/share/perl/5.36.0/unicore/lib/IdType/Exclusio.pl
    - /usr/share/perl/5.36.0/unicore/lib/IdType/Inclusio.pl
    - /usr/share/perl/5.36.0/unicore/lib/IdType/LimitedU.pl
    - /usr/share/perl/5.36.0/unicore/lib/IdType/NotChara.pl
    - /usr/share/perl/5.36.0/unicore/lib/IdType/NotNFKC.pl
    - /usr/share/perl/5.36.0/unicore/lib/IdType/NotXID.pl
    - /usr/share/perl/5.36.0/unicore/lib/IdType/Obsolete.pl
    - /usr/share/perl/5.36.0/unicore/lib/IdType/Recommen.pl
    - /usr/share/perl/5.36.0/unicore/lib/IdType/Technica.pl
    - /usr/share/perl/5.36.0/unicore/lib/IdType/Uncommon.pl
    - /usr/share/perl/5.36.0/unicore/lib/Ideo/Y.pl
    - /usr/share/perl/5.36.0/unicore/lib/In/10_0.pl
    - /usr/share/perl/5.36.0/unicore/lib/In/11_0.pl
    - /usr/share/perl/5.36.0/unicore/lib/In/12_0.pl
    - /usr/share/perl/5.36.0/unicore/lib/In/12_1.pl
    - /usr/share/perl/5.36.0/unicore/lib/In/13_0.pl
    - /usr/share/perl/5.36.0/unicore/lib/In/14_0.pl
    - /usr/share/perl/5.36.0/unicore/lib/In/2_0.pl
    - /usr/share/perl/5.36.0/unicore/lib/In/2_1.pl
    - /usr/share/perl/5.36.0/unicore/lib/In/3_0.pl
    - /usr/share/perl/5.36.0/unicore/lib/In/3_1.pl
    - /usr/share/perl/5.36.0/unicore/lib/In/3_2.pl
    - /usr/share/perl/5.36.0/unicore/lib/In/4_0.pl
    - /usr/share/perl/5.36.0/unicore/lib/In/4_1.pl
    - /usr/share/perl/5.36.0/unicore/lib/In/5_0.pl
    - /usr/share/perl/5.36.0/unicore/lib/In/5_1.pl
    - /usr/share/perl/5.36.0/unicore/lib/In/5_2.pl
    - /usr/share/perl/5.36.0/unicore/lib/In/6_0.pl
    - /usr/share/perl/5.36.0/unicore/lib/In/6_1.pl
    - /usr/share/perl/5.36.0/unicore/lib/In/6_2.pl
    - /usr/share/perl/5.36.0/unicore/lib/In/6_3.pl
    - /usr/share/perl/5.36.0/unicore/lib/In/7_0.pl
    - /usr/share/perl/5.36.0/unicore/lib/In/8_0.pl
    - /usr/share/perl/5.36.0/unicore/lib/In/9_0.pl
    - /usr/share/perl/5.36.0/unicore/lib/InPC/Bottom.pl
    - /usr/share/perl/5.36.0/unicore/lib/InPC/BottomAn.pl
    - /usr/share/perl/5.36.0/unicore/lib/InPC/Left.pl
    - /usr/share/perl/5.36.0/unicore/lib/InPC/LeftAndR.pl
    - /usr/share/perl/5.36.0/unicore/lib/InPC/NA.pl
    - /usr/share/perl/5.36.0/unicore/lib/InPC/Overstru.pl
    - /usr/share/perl/5.36.0/unicore/lib/InPC/Right.pl
    - /usr/share/perl/5.36.0/unicore/lib/InPC/Top.pl
    - /usr/share/perl/5.36.0/unicore/lib/InPC/TopAndBo.pl
    - /usr/share/perl/5.36.0/unicore/lib/InPC/TopAndL2.pl
    - /usr/share/perl/5.36.0/unicore/lib/InPC/TopAndLe.pl
    - /usr/share/perl/5.36.0/unicore/lib/InPC/TopAndRi.pl
    - /usr/share/perl/5.36.0/unicore/lib/InPC/VisualOr.pl
    - /usr/share/perl/5.36.0/unicore/lib/InSC/Avagraha.pl
    - /usr/share/perl/5.36.0/unicore/lib/InSC/Bindu.pl
    - /usr/share/perl/5.36.0/unicore/lib/InSC/Cantilla.pl
    - /usr/share/perl/5.36.0/unicore/lib/InSC/Consona2.pl
    - /usr/share/perl/5.36.0/unicore/lib/InSC/Consona3.pl
    - /usr/share/perl/5.36.0/unicore/lib/InSC/Consona4.pl
    - /usr/share/perl/5.36.0/unicore/lib/InSC/Consona5.pl
    - /usr/share/perl/5.36.0/unicore/lib/InSC/Consona6.pl
    - /usr/share/perl/5.36.0/unicore/lib/InSC/Consona7.pl
    - /usr/share/perl/5.36.0/unicore/lib/InSC/Consona8.pl
    - /usr/share/perl/5.36.0/unicore/lib/InSC/Consonan.pl
    - /usr/share/perl/5.36.0/unicore/lib/InSC/Invisibl.pl
    - /usr/share/perl/5.36.0/unicore/lib/InSC/Nukta.pl
    - /usr/share/perl/5.36.0/unicore/lib/InSC/Number.pl
    - /usr/share/perl/5.36.0/unicore/lib/InSC/Other.pl
    - /usr/share/perl/5.36.0/unicore/lib/InSC/PureKill.pl
    - /usr/share/perl/5.36.0/unicore/lib/InSC/Syllable.pl
    - /usr/share/perl/5.36.0/unicore/lib/InSC/ToneMark.pl
    - /usr/share/perl/5.36.0/unicore/lib/InSC/Virama.pl
    - /usr/share/perl/5.36.0/unicore/lib/InSC/Visarga.pl
    - /usr/share/perl/5.36.0/unicore/lib/InSC/Vowel.pl
    - /usr/share/perl/5.36.0/unicore/lib/InSC/VowelDep.pl
    - /usr/share/perl/5.36.0/unicore/lib/InSC/VowelInd.pl
    - /usr/share/perl/5.36.0/unicore/lib/Jg/Ain.pl
    - /usr/share/perl/5.36.0/unicore/lib/Jg/Alef.pl
    - /usr/share/perl/5.36.0/unicore/lib/Jg/Beh.pl
    - /usr/share/perl/5.36.0/unicore/lib/Jg/Dal.pl
    - /usr/share/perl/5.36.0/unicore/lib/Jg/FarsiYeh.pl
    - /usr/share/perl/5.36.0/unicore/lib/Jg/Feh.pl
    - /usr/share/perl/5.36.0/unicore/lib/Jg/Gaf.pl
    - /usr/share/perl/5.36.0/unicore/lib/Jg/Hah.pl
    - /usr/share/perl/5.36.0/unicore/lib/Jg/HanifiRo.pl
    - /usr/share/perl/5.36.0/unicore/lib/Jg/Kaf.pl
    - /usr/share/perl/5.36.0/unicore/lib/Jg/Lam.pl
    - /usr/share/perl/5.36.0/unicore/lib/Jg/NoJoinin.pl
    - /usr/share/perl/5.36.0/unicore/lib/Jg/Noon.pl
    - /usr/share/perl/5.36.0/unicore/lib/Jg/Qaf.pl
    - /usr/share/perl/5.36.0/unicore/lib/Jg/Reh.pl
    - /usr/share/perl/5.36.0/unicore/lib/Jg/Sad.pl
    - /usr/share/perl/5.36.0/unicore/lib/Jg/Seen.pl
    - /usr/share/perl/5.36.0/unicore/lib/Jg/Tah.pl
    - /usr/share/perl/5.36.0/unicore/lib/Jg/Waw.pl
    - /usr/share/perl/5.36.0/unicore/lib/Jg/Yeh.pl
    - /usr/share/perl/5.36.0/unicore/lib/Jt/C.pl
    - /usr/share/perl/5.36.0/unicore/lib/Jt/D.pl
    - /usr/share/perl/5.36.0/unicore/lib/Jt/L.pl
    - /usr/share/perl/5.36.0/unicore/lib/Jt/R.pl
    - /usr/share/perl/5.36.0/unicore/lib/Jt/T.pl
    - /usr/share/perl/5.36.0/unicore/lib/Jt/U.pl
    - /usr/share/perl/5.36.0/unicore/lib/Lb/AI.pl
    - /usr/share/perl/5.36.0/unicore/lib/Lb/AL.pl
    - /usr/share/perl/5.36.0/unicore/lib/Lb/BA.pl
    - /usr/share/perl/5.36.0/unicore/lib/Lb/BB.pl
    - /usr/share/perl/5.36.0/unicore/lib/Lb/CJ.pl
    - /usr/share/perl/5.36.0/unicore/lib/Lb/CL.pl
    - /usr/share/perl/5.36.0/unicore/lib/Lb/CM.pl
    - /usr/share/perl/5.36.0/unicore/lib/Lb/EX.pl
    - /usr/share/perl/5.36.0/unicore/lib/Lb/GL.pl
    - /usr/share/perl/5.36.0/unicore/lib/Lb/ID.pl
    - /usr/share/perl/5.36.0/unicore/lib/Lb/IN.pl
    - /usr/share/perl/5.36.0/unicore/lib/Lb/IS.pl
    - /usr/share/perl/5.36.0/unicore/lib/Lb/NS.pl
    - /usr/share/perl/5.36.0/unicore/lib/Lb/NU.pl
    - /usr/share/perl/5.36.0/unicore/lib/Lb/OP.pl
    - /usr/share/perl/5.36.0/unicore/lib/Lb/PO.pl
    - /usr/share/perl/5.36.0/unicore/lib/Lb/PR.pl
    - /usr/share/perl/5.36.0/unicore/lib/Lb/QU.pl
    - /usr/share/perl/5.36.0/unicore/lib/Lb/SA.pl
    - /usr/share/perl/5.36.0/unicore/lib/Lb/XX.pl
    - /usr/share/perl/5.36.0/unicore/lib/Lower/Y.pl
    - /usr/share/perl/5.36.0/unicore/lib/Math/Y.pl
    - /usr/share/perl/5.36.0/unicore/lib/NFCQC/M.pl
    - /usr/share/perl/5.36.0/unicore/lib/NFCQC/Y.pl
    - /usr/share/perl/5.36.0/unicore/lib/NFDQC/N.pl
    - /usr/share/perl/5.36.0/unicore/lib/NFDQC/Y.pl
    - /usr/share/perl/5.36.0/unicore/lib/NFKCQC/N.pl
    - /usr/share/perl/5.36.0/unicore/lib/NFKCQC/Y.pl
    - /usr/share/perl/5.36.0/unicore/lib/NFKDQC/N.pl
    - /usr/share/perl/5.36.0/unicore/lib/NFKDQC/Y.pl
    - /usr/share/perl/5.36.0/unicore/lib/Nt/Di.pl
    - /usr/share/perl/5.36.0/unicore/lib/Nt/None.pl
    - /usr/share/perl/5.36.0/unicore/lib/Nt/Nu.pl
    - /usr/share/perl/5.36.0/unicore/lib/Nv/0.pl
    - /usr/share/perl/5.36.0/unicore/lib/Nv/1.pl
    - /usr/share/perl/5.36.0/unicore/lib/Nv/10.pl
    - /usr/share/perl/5.36.0/unicore/lib/Nv/100.pl
    - /usr/share/perl/5.36.0/unicore/lib/Nv/1000.pl
    - /usr/share/perl/5.36.0/unicore/lib/Nv/10000.pl
    - /usr/share/perl/5.36.0/unicore/lib/Nv/100000.pl
    - /usr/share/perl/5.36.0/unicore/lib/Nv/11.pl
    - /usr/share/perl/5.36.0/unicore/lib/Nv/12.pl
    - /usr/share/perl/5.36.0/unicore/lib/Nv/13.pl
    - /usr/share/perl/5.36.0/unicore/lib/Nv/14.pl
    - /usr/share/perl/5.36.0/unicore/lib/Nv/15.pl
    - /usr/share/perl/5.36.0/unicore/lib/Nv/16.pl
    - /usr/share/perl/5.36.0/unicore/lib/Nv/17.pl
    - /usr/share/perl/5.36.0/unicore/lib/Nv/18.pl
    - /usr/share/perl/5.36.0/unicore/lib/Nv/19.pl
    - /usr/share/perl/5.36.0/unicore/lib/Nv/1_16.pl
    - /usr/share/perl/5.36.0/unicore/lib/Nv/1_2.pl
    - /usr/share/perl/5.36.0/unicore/lib/Nv/1_3.pl
    - /usr/share/perl/5.36.0/unicore/lib/Nv/1_4.pl
    - /usr/share/perl/5.36.0/unicore/lib/Nv/1_6.pl
    - /usr/share/perl/5.36.0/unicore/lib/Nv/1_8.pl
    - /usr/share/perl/5.36.0/unicore/lib/Nv/2.pl
    - /usr/share/perl/5.36.0/unicore/lib/Nv/20.pl
    - /usr/share/perl/5.36.0/unicore/lib/Nv/200.pl
    - /usr/share/perl/5.36.0/unicore/lib/Nv/2000.pl
    - /usr/share/perl/5.36.0/unicore/lib/Nv/20000.pl
    - /usr/share/perl/5.36.0/unicore/lib/Nv/2_3.pl
    - /usr/share/perl/5.36.0/unicore/lib/Nv/3.pl
    - /usr/share/perl/5.36.0/unicore/lib/Nv/30.pl
    - /usr/share/perl/5.36.0/unicore/lib/Nv/300.pl
    - /usr/share/perl/5.36.0/unicore/lib/Nv/3000.pl
    - /usr/share/perl/5.36.0/unicore/lib/Nv/30000.pl
    - /usr/share/perl/5.36.0/unicore/lib/Nv/3_16.pl
    - /usr/share/perl/5.36.0/unicore/lib/Nv/3_4.pl
    - /usr/share/perl/5.36.0/unicore/lib/Nv/4.pl
    - /usr/share/perl/5.36.0/unicore/lib/Nv/40.pl
    - /usr/share/perl/5.36.0/unicore/lib/Nv/400.pl
    - /usr/share/perl/5.36.0/unicore/lib/Nv/4000.pl
    - /usr/share/perl/5.36.0/unicore/lib/Nv/40000.pl
    - /usr/share/perl/5.36.0/unicore/lib/Nv/5.pl
    - /usr/share/perl/5.36.0/unicore/lib/Nv/50.pl
    - /usr/share/perl/5.36.0/unicore/lib/Nv/500.pl
    - /usr/share/perl/5.36.0/unicore/lib/Nv/5000.pl
    - /usr/share/perl/5.36.0/unicore/lib/Nv/50000.pl
    - /usr/share/perl/5.36.0/unicore/lib/Nv/6.pl
    - /usr/share/perl/5.36.0/unicore/lib/Nv/60.pl
    - /usr/share/perl/5.36.0/unicore/lib/Nv/600.pl
    - /usr/share/perl/5.36.0/unicore/lib/Nv/6000.pl
    - /usr/share/perl/5.36.0/unicore/lib/Nv/60000.pl
    - /usr/share/perl/5.36.0/unicore/lib/Nv/7.pl
    - /usr/share/perl/5.36.0/unicore/lib/Nv/70.pl
    - /usr/share/perl/5.36.0/unicore/lib/Nv/700.pl
    - /usr/share/perl/5.36.0/unicore/lib/Nv/7000.pl
    - /usr/share/perl/5.36.0/unicore/lib/Nv/70000.pl
    - /usr/share/perl/5.36.0/unicore/lib/Nv/8.pl
    - /usr/share/perl/5.36.0/unicore/lib/Nv/80.pl
    - /usr/share/perl/5.36.0/unicore/lib/Nv/800.pl
    - /usr/share/perl/5.36.0/unicore/lib/Nv/8000.pl
    - /usr/share/perl/5.36.0/unicore/lib/Nv/80000.pl
    - /usr/share/perl/5.36.0/unicore/lib/Nv/9.pl
    - /usr/share/perl/5.36.0/unicore/lib/Nv/90.pl
    - /usr/share/perl/5.36.0/unicore/lib/Nv/900.pl
    - /usr/share/perl/5.36.0/unicore/lib/Nv/9000.pl
    - /usr/share/perl/5.36.0/unicore/lib/Nv/90000.pl
    - /usr/share/perl/5.36.0/unicore/lib/PCM/Y.pl
    - /usr/share/perl/5.36.0/unicore/lib/PatSyn/Y.pl
    - /usr/share/perl/5.36.0/unicore/lib/Perl/Alnum.pl
    - /usr/share/perl/5.36.0/unicore/lib/Perl/Assigned.pl
    - /usr/share/perl/5.36.0/unicore/lib/Perl/Blank.pl
    - /usr/share/perl/5.36.0/unicore/lib/Perl/Graph.pl
    - /usr/share/perl/5.36.0/unicore/lib/Perl/PerlWord.pl
    - /usr/share/perl/5.36.0/unicore/lib/Perl/PosixPun.pl
    - /usr/share/perl/5.36.0/unicore/lib/Perl/Print.pl
    - /usr/share/perl/5.36.0/unicore/lib/Perl/SpacePer.pl
    - /usr/share/perl/5.36.0/unicore/lib/Perl/Title.pl
    - /usr/share/perl/5.36.0/unicore/lib/Perl/Word.pl
    - /usr/share/perl/5.36.0/unicore/lib/Perl/XPosixPu.pl
    - /usr/share/perl/5.36.0/unicore/lib/Perl/_PerlAny.pl
    - /usr/share/perl/5.36.0/unicore/lib/Perl/_PerlCh2.pl
    - /usr/share/perl/5.36.0/unicore/lib/Perl/_PerlCha.pl
    - /usr/share/perl/5.36.0/unicore/lib/Perl/_PerlFol.pl
    - /usr/share/perl/5.36.0/unicore/lib/Perl/_PerlIDC.pl
    - /usr/share/perl/5.36.0/unicore/lib/Perl/_PerlIDS.pl
    - /usr/share/perl/5.36.0/unicore/lib/Perl/_PerlIsI.pl
    - /usr/share/perl/5.36.0/unicore/lib/Perl/_PerlNch.pl
    - /usr/share/perl/5.36.0/unicore/lib/Perl/_PerlPat.pl
    - /usr/share/perl/5.36.0/unicore/lib/Perl/_PerlPr2.pl
    - /usr/share/perl/5.36.0/unicore/lib/Perl/_PerlPro.pl
    - /usr/share/perl/5.36.0/unicore/lib/Perl/_PerlQuo.pl
    - /usr/share/perl/5.36.0/unicore/lib/QMark/Y.pl
    - /usr/share/perl/5.36.0/unicore/lib/SB/AT.pl
    - /usr/share/perl/5.36.0/unicore/lib/SB/CL.pl
    - /usr/share/perl/5.36.0/unicore/lib/SB/EX.pl
    - /usr/share/perl/5.36.0/unicore/lib/SB/FO.pl
    - /usr/share/perl/5.36.0/unicore/lib/SB/LE.pl
    - /usr/share/perl/5.36.0/unicore/lib/SB/LO.pl
    - /usr/share/perl/5.36.0/unicore/lib/SB/NU.pl
    - /usr/share/perl/5.36.0/unicore/lib/SB/SC.pl
    - /usr/share/perl/5.36.0/unicore/lib/SB/ST.pl
    - /usr/share/perl/5.36.0/unicore/lib/SB/Sp.pl
    - /usr/share/perl/5.36.0/unicore/lib/SB/UP.pl
    - /usr/share/perl/5.36.0/unicore/lib/SB/XX.pl
    - /usr/share/perl/5.36.0/unicore/lib/SD/Y.pl
    - /usr/share/perl/5.36.0/unicore/lib/STerm/Y.pl
    - /usr/share/perl/5.36.0/unicore/lib/Sc/Arab.pl
    - /usr/share/perl/5.36.0/unicore/lib/Sc/Beng.pl
    - /usr/share/perl/5.36.0/unicore/lib/Sc/Cprt.pl
    - /usr/share/perl/5.36.0/unicore/lib/Sc/Cyrl.pl
    - /usr/share/perl/5.36.0/unicore/lib/Sc/Deva.pl
    - /usr/share/perl/5.36.0/unicore/lib/Sc/Dupl.pl
    - /usr/share/perl/5.36.0/unicore/lib/Sc/Geor.pl
    - /usr/share/perl/5.36.0/unicore/lib/Sc/Glag.pl
    - /usr/share/perl/5.36.0/unicore/lib/Sc/Gong.pl
    - /usr/share/perl/5.36.0/unicore/lib/Sc/Gonm.pl
    - /usr/share/perl/5.36.0/unicore/lib/Sc/Gran.pl
    - /usr/share/perl/5.36.0/unicore/lib/Sc/Grek.pl
    - /usr/share/perl/5.36.0/unicore/lib/Sc/Gujr.pl
    - /usr/share/perl/5.36.0/unicore/lib/Sc/Guru.pl
    - /usr/share/perl/5.36.0/unicore/lib/Sc/Han.pl
    - /usr/share/perl/5.36.0/unicore/lib/Sc/Hang.pl
    - /usr/share/perl/5.36.0/unicore/lib/Sc/Hira.pl
    - /usr/share/perl/5.36.0/unicore/lib/Sc/Kana.pl
    - /usr/share/perl/5.36.0/unicore/lib/Sc/Knda.pl
    - /usr/share/perl/5.36.0/unicore/lib/Sc/Latn.pl
    - /usr/share/perl/5.36.0/unicore/lib/Sc/Limb.pl
    - /usr/share/perl/5.36.0/unicore/lib/Sc/Linb.pl
    - /usr/share/perl/5.36.0/unicore/lib/Sc/Mlym.pl
    - /usr/share/perl/5.36.0/unicore/lib/Sc/Mong.pl
    - /usr/share/perl/5.36.0/unicore/lib/Sc/Mult.pl
    - /usr/share/perl/5.36.0/unicore/lib/Sc/Orya.pl
    - /usr/share/perl/5.36.0/unicore/lib/Sc/Sinh.pl
    - /usr/share/perl/5.36.0/unicore/lib/Sc/Syrc.pl
    - /usr/share/perl/5.36.0/unicore/lib/Sc/Taml.pl
    - /usr/share/perl/5.36.0/unicore/lib/Sc/Telu.pl
    - /usr/share/perl/5.36.0/unicore/lib/Sc/Zinh.pl
    - /usr/share/perl/5.36.0/unicore/lib/Sc/Zyyy.pl
    - /usr/share/perl/5.36.0/unicore/lib/Scx/Adlm.pl
    - /usr/share/perl/5.36.0/unicore/lib/Scx/Arab.pl
    - /usr/share/perl/5.36.0/unicore/lib/Scx/Armn.pl
    - /usr/share/perl/5.36.0/unicore/lib/Scx/Beng.pl
    - /usr/share/perl/5.36.0/unicore/lib/Scx/Bhks.pl
    - /usr/share/perl/5.36.0/unicore/lib/Scx/Bopo.pl
    - /usr/share/perl/5.36.0/unicore/lib/Scx/Cakm.pl
    - /usr/share/perl/5.36.0/unicore/lib/Scx/Cham.pl
    - /usr/share/perl/5.36.0/unicore/lib/Scx/Copt.pl
    - /usr/share/perl/5.36.0/unicore/lib/Scx/Cprt.pl
    - /usr/share/perl/5.36.0/unicore/lib/Scx/Cyrl.pl
    - /usr/share/perl/5.36.0/unicore/lib/Scx/Deva.pl
    - /usr/share/perl/5.36.0/unicore/lib/Scx/Diak.pl
    - /usr/share/perl/5.36.0/unicore/lib/Scx/Dupl.pl
    - /usr/share/perl/5.36.0/unicore/lib/Scx/Ethi.pl
    - /usr/share/perl/5.36.0/unicore/lib/Scx/Geor.pl
    - /usr/share/perl/5.36.0/unicore/lib/Scx/Glag.pl
    - /usr/share/perl/5.36.0/unicore/lib/Scx/Gong.pl
    - /usr/share/perl/5.36.0/unicore/lib/Scx/Gonm.pl
    - /usr/share/perl/5.36.0/unicore/lib/Scx/Gran.pl
    - /usr/share/perl/5.36.0/unicore/lib/Scx/Grek.pl
    - /usr/share/perl/5.36.0/unicore/lib/Scx/Gujr.pl
    - /usr/share/perl/5.36.0/unicore/lib/Scx/Guru.pl
    - /usr/share/perl/5.36.0/unicore/lib/Scx/Han.pl
    - /usr/share/perl/5.36.0/unicore/lib/Scx/Hang.pl
    - /usr/share/perl/5.36.0/unicore/lib/Scx/Hebr.pl
    - /usr/share/perl/5.36.0/unicore/lib/Scx/Hira.pl
    - /usr/share/perl/5.36.0/unicore/lib/Scx/Hmng.pl
    - /usr/share/perl/5.36.0/unicore/lib/Scx/Hmnp.pl
    - /usr/share/perl/5.36.0/unicore/lib/Scx/Kana.pl
    - /usr/share/perl/5.36.0/unicore/lib/Scx/Khar.pl
    - /usr/share/perl/5.36.0/unicore/lib/Scx/Khmr.pl
    - /usr/share/perl/5.36.0/unicore/lib/Scx/Khoj.pl
    - /usr/share/perl/5.36.0/unicore/lib/Scx/Knda.pl
    - /usr/share/perl/5.36.0/unicore/lib/Scx/Kthi.pl
    - /usr/share/perl/5.36.0/unicore/lib/Scx/Lana.pl
    - /usr/share/perl/5.36.0/unicore/lib/Scx/Lao.pl
    - /usr/share/perl/5.36.0/unicore/lib/Scx/Latn.pl
    - /usr/share/perl/5.36.0/unicore/lib/Scx/Limb.pl
    - /usr/share/perl/5.36.0/unicore/lib/Scx/Lina.pl
    - /usr/share/perl/5.36.0/unicore/lib/Scx/Linb.pl
    - /usr/share/perl/5.36.0/unicore/lib/Scx/Mlym.pl
    - /usr/share/perl/5.36.0/unicore/lib/Scx/Mong.pl
    - /usr/share/perl/5.36.0/unicore/lib/Scx/Mult.pl
    - /usr/share/perl/5.36.0/unicore/lib/Scx/Mymr.pl
    - /usr/share/perl/5.36.0/unicore/lib/Scx/Nand.pl
    - /usr/share/perl/5.36.0/unicore/lib/Scx/Nko.pl
    - /usr/share/perl/5.36.0/unicore/lib/Scx/Orya.pl
    - /usr/share/perl/5.36.0/unicore/lib/Scx/Phlp.pl
    - /usr/share/perl/5.36.0/unicore/lib/Scx/Rohg.pl
    - /usr/share/perl/5.36.0/unicore/lib/Scx/Shrd.pl
    - /usr/share/perl/5.36.0/unicore/lib/Scx/Sind.pl
    - /usr/share/perl/5.36.0/unicore/lib/Scx/Sinh.pl
    - /usr/share/perl/5.36.0/unicore/lib/Scx/Syrc.pl
    - /usr/share/perl/5.36.0/unicore/lib/Scx/Tagb.pl
    - /usr/share/perl/5.36.0/unicore/lib/Scx/Takr.pl
    - /usr/share/perl/5.36.0/unicore/lib/Scx/Talu.pl
    - /usr/share/perl/5.36.0/unicore/lib/Scx/Taml.pl
    - /usr/share/perl/5.36.0/unicore/lib/Scx/Tang.pl
    - /usr/share/perl/5.36.0/unicore/lib/Scx/Telu.pl
    - /usr/share/perl/5.36.0/unicore/lib/Scx/Thaa.pl
    - /usr/share/perl/5.36.0/unicore/lib/Scx/Tibt.pl
    - /usr/share/perl/5.36.0/unicore/lib/Scx/Tirh.pl
    - /usr/share/perl/5.36.0/unicore/lib/Scx/Vith.pl
    - /usr/share/perl/5.36.0/unicore/lib/Scx/Xsux.pl
    - /usr/share/perl/5.36.0/unicore/lib/Scx/Yezi.pl
    - /usr/share/perl/5.36.0/unicore/lib/Scx/Yi.pl
    - /usr/share/perl/5.36.0/unicore/lib/Scx/Zinh.pl
    - /usr/share/perl/5.36.0/unicore/lib/Scx/Zyyy.pl
    - /usr/share/perl/5.36.0/unicore/lib/Scx/Zzzz.pl
    - /usr/share/perl/5.36.0/unicore/lib/Term/Y.pl
    - /usr/share/perl/5.36.0/unicore/lib/UIdeo/Y.pl
    - /usr/share/perl/5.36.0/unicore/lib/Upper/Y.pl
    - /usr/share/perl/5.36.0/unicore/lib/VS/Y.pl
    - /usr/share/perl/5.36.0/unicore/lib/Vo/R.pl
    - /usr/share/perl/5.36.0/unicore/lib/Vo/Tr.pl
    - /usr/share/perl/5.36.0/unicore/lib/Vo/Tu.pl
    - /usr/share/perl/5.36.0/unicore/lib/Vo/U.pl
    - /usr/share/perl/5.36.0/unicore/lib/WB/EX.pl
    - /usr/share/perl/5.36.0/unicore/lib/WB/Extend.pl
    - /usr/share/perl/5.36.0/unicore/lib/WB/FO.pl
    - /usr/share/perl/5.36.0/unicore/lib/WB/HL.pl
    - /usr/share/perl/5.36.0/unicore/lib/WB/KA.pl
    - /usr/share/perl/5.36.0/unicore/lib/WB/LE.pl
    - /usr/share/perl/5.36.0/unicore/lib/WB/MB.pl
    - /usr/share/perl/5.36.0/unicore/lib/WB/ML.pl
    - /usr/share/perl/5.36.0/unicore/lib/WB/MN.pl
    - /usr/share/perl/5.36.0/unicore/lib/WB/NU.pl
    - /usr/share/perl/5.36.0/unicore/lib/WB/WSegSpac.pl
    - /usr/share/perl/5.36.0/unicore/lib/WB/XX.pl
    - /usr/share/perl/5.36.0/unicore/lib/XIDC/Y.pl
    - /usr/share/perl/5.36.0/unicore/lib/XIDS/Y.pl
    - /usr/share/perl/5.36.0/unicore/uni_keywords.pl
    - /usr/share/perl/5.36.0/unicore/version
    - /usr/share/perl/5.36.0/utf8.pm
    - /usr/share/perl/5.36.0/vars.pm
    - /usr/share/perl/5.36.0/version.pm
    - /usr/share/perl/5.36.0/version.pod
    - /usr/share/perl/5.36.0/version/Internals.pod
    - /usr/share/perl/5.36.0/version/regex.pm
    - /usr/share/perl/5.36.0/vmsish.pm
    - /usr/share/perl/5.36.0/warnings.pm
    - /usr/share/perl/5.36.0/warnings/register.pm
    - /usr/share/perl5/Debconf/AutoSelect.pm
    - /usr/share/perl5/Debconf/Base.pm
    - /usr/share/perl5/Debconf/Client/ConfModule.pm
    - /usr/share/perl5/Debconf/ConfModule.pm
    - /usr/share/perl5/Debconf/Config.pm
    - /usr/share/perl5/Debconf/Db.pm
    - /usr/share/perl5/Debconf/DbDriver.pm
    - /usr/share/perl5/Debconf/DbDriver/Backup.pm
    - /usr/share/perl5/Debconf/DbDriver/Cache.pm
    - /usr/share/perl5/Debconf/DbDriver/Copy.pm
    - /usr/share/perl5/Debconf/DbDriver/Debug.pm
    - /usr/share/perl5/Debconf/DbDriver/DirTree.pm
    - /usr/share/perl5/Debconf/DbDriver/Directory.pm
    - /usr/share/perl5/Debconf/DbDriver/File.pm
    - /usr/share/perl5/Debconf/DbDriver/LDAP.pm
    - /usr/share/perl5/Debconf/DbDriver/PackageDir.pm
    - /usr/share/perl5/Debconf/DbDriver/Pipe.pm
    - /usr/share/perl5/Debconf/DbDriver/Stack.pm
    - /usr/share/perl5/Debconf/Element.pm
    - /usr/share/perl5/Debconf/Element/Dialog/Boolean.pm
    - /usr/share/perl5/Debconf/Element/Dialog/Error.pm
    - /usr/share/perl5/Debconf/Element/Dialog/Multiselect.pm
    - /usr/share/perl5/Debconf/Element/Dialog/Note.pm
    - /usr/share/perl5/Debconf/Element/Dialog/Password.pm
    - /usr/share/perl5/Debconf/Element/Dialog/Progress.pm
    - /usr/share/perl5/Debconf/Element/Dialog/Select.pm
    - /usr/share/perl5/Debconf/Element/Dialog/String.pm
    - /usr/share/perl5/Debconf/Element/Dialog/Text.pm
    - /usr/share/perl5/Debconf/Element/Editor/Boolean.pm
    - /usr/share/perl5/Debconf/Element/Editor/Error.pm
    - /usr/share/perl5/Debconf/Element/Editor/Multiselect.pm
    - /usr/share/perl5/Debconf/Element/Editor/Note.pm
    - /usr/share/perl5/Debconf/Element/Editor/Password.pm
    - /usr/share/perl5/Debconf/Element/Editor/Progress.pm
    - /usr/share/perl5/Debconf/Element/Editor/Select.pm
    - /usr/share/perl5/Debconf/Element/Editor/String.pm
    - /usr/share/perl5/Debconf/Element/Editor/Text.pm
    - /usr/share/perl5/Debconf/Element/Gnome.pm
    - /usr/share/perl5/Debconf/Element/Gnome/Boolean.pm
    - /usr/share/perl5/Debconf/Element/Gnome/Error.pm
    - /usr/share/perl5/Debconf/Element/Gnome/Multiselect.pm
    - /usr/share/perl5/Debconf/Element/Gnome/Note.pm
    - /usr/share/perl5/Debconf/Element/Gnome/Password.pm
    - /usr/share/perl5/Debconf/Element/Gnome/Progress.pm
    - /usr/share/perl5/Debconf/Element/Gnome/Select.pm
    - /usr/share/perl5/Debconf/Element/Gnome/String.pm
    - /usr/share/perl5/Debconf/Element/Gnome/Text.pm
    - /usr/share/perl5/Debconf/Element/Multiselect.pm
    - /usr/share/perl5/Debconf/Element/Noninteractive.pm
    - /usr/share/perl5/Debconf/Element/Noninteractive/Boolean.pm
    - /usr/share/perl5/Debconf/Element/Noninteractive/Error.pm
    - /usr/share/perl5/Debconf/Element/Noninteractive/Multiselect.pm
    - /usr/share/perl5/Debconf/Element/Noninteractive/Note.pm
    - /usr/share/perl5/Debconf/Element/Noninteractive/Password.pm
    - /usr/share/perl5/Debconf/Element/Noninteractive/Progress.pm
    - /usr/share/perl5/Debconf/Element/Noninteractive/Select.pm
    - /usr/share/perl5/Debconf/Element/Noninteractive/String.pm
    - /usr/share/perl5/Debconf/Element/Noninteractive/Text.pm
    - /usr/share/perl5/Debconf/Element/Select.pm
    - /usr/share/perl5/Debconf/Element/Teletype/Boolean.pm
    - /usr/share/perl5/Debconf/Element/Teletype/Error.pm
    - /usr/share/perl5/Debconf/Element/Teletype/Multiselect.pm
    - /usr/share/perl5/Debconf/Element/Teletype/Note.pm
    - /usr/share/perl5/Debconf/Element/Teletype/Password.pm
    - /usr/share/perl5/Debconf/Element/Teletype/Progress.pm
    - /usr/share/perl5/Debconf/Element/Teletype/Select.pm
    - /usr/share/perl5/Debconf/Element/Teletype/String.pm
    - /usr/share/perl5/Debconf/Element/Teletype/Text.pm
    - /usr/share/perl5/Debconf/Element/Web/Boolean.pm
    - /usr/share/perl5/Debconf/Element/Web/Error.pm
    - /usr/share/perl5/Debconf/Element/Web/Multiselect.pm
    - /usr/share/perl5/Debconf/Element/Web/Note.pm
    - /usr/share/perl5/Debconf/Element/Web/Password.pm
    - /usr/share/perl5/Debconf/Element/Web/Progress.pm
    - /usr/share/perl5/Debconf/Element/Web/Select.pm
    - /usr/share/perl5/Debconf/Element/Web/String.pm
    - /usr/share/perl5/Debconf/Element/Web/Text.pm
    - /usr/share/perl5/Debconf/Encoding.pm
    - /usr/share/perl5/Debconf/Format.pm
    - /usr/share/perl5/Debconf/Format/822.pm
    - /usr/share/perl5/Debconf/FrontEnd.pm
    - /usr/share/perl5/Debconf/FrontEnd/Dialog.pm
    - /usr/share/perl5/Debconf/FrontEnd/Editor.pm
    - /usr/share/perl5/Debconf/FrontEnd/Gnome.pm
    - /usr/share/perl5/Debconf/FrontEnd/Kde.pm
    - /usr/share/perl5/Debconf/FrontEnd/Noninteractive.pm
    - /usr/share/perl5/Debconf/FrontEnd/Passthrough.pm
    - /usr/share/perl5/Debconf/FrontEnd/Readline.pm
    - /usr/share/perl5/Debconf/FrontEnd/ScreenSize.pm
    - /usr/share/perl5/Debconf/FrontEnd/Teletype.pm
    - /usr/share/perl5/Debconf/FrontEnd/Text.pm
    - /usr/share/perl5/Debconf/FrontEnd/Web.pm
    - /usr/share/perl5/Debconf/Gettext.pm
    - /usr/share/perl5/Debconf/Iterator.pm
    - /usr/share/perl5/Debconf/Log.pm
    - /usr/share/perl5/Debconf/Path.pm
    - /usr/share/perl5/Debconf/Priority.pm
    - /usr/share/perl5/Debconf/Question.pm
    - /usr/share/perl5/Debconf/Template.pm
    - /usr/share/perl5/Debconf/Template/Transient.pm
    - /usr/share/perl5/Debconf/TmpFile.pm
    - /usr/share/perl5/Debian/AdduserCommon.pm
    - /usr/share/perl5/Debian/DebConf/Client/ConfModule.pm
    - /usr/share/perl5/Dpkg.pm
    - /usr/share/perl5/Dpkg/Arch.pm
    - /usr/share/perl5/Dpkg/Build/Info.pm
    - /usr/share/perl5/Dpkg/BuildEnv.pm
    - /usr/share/perl5/Dpkg/BuildFlags.pm
    - /usr/share/perl5/Dpkg/BuildInfo.pm
    - /usr/share/perl5/Dpkg/BuildOptions.pm
    - /usr/share/perl5/Dpkg/BuildProfiles.pm
    - /usr/share/perl5/Dpkg/BuildTypes.pm
    - /usr/share/perl5/Dpkg/Changelog.pm
    - /usr/share/perl5/Dpkg/Changelog/Debian.pm
    - /usr/share/perl5/Dpkg/Changelog/Entry.pm
    - /usr/share/perl5/Dpkg/Changelog/Entry/Debian.pm
    - /usr/share/perl5/Dpkg/Changelog/Parse.pm
    - /usr/share/perl5/Dpkg/Checksums.pm
    - /usr/share/perl5/Dpkg/Compression.pm
    - /usr/share/perl5/Dpkg/Compression/FileHandle.pm
    - /usr/share/perl5/Dpkg/Compression/Process.pm
    - /usr/share/perl5/Dpkg/Conf.pm
    - /usr/share/perl5/Dpkg/Control.pm
    - /usr/share/perl5/Dpkg/Control/Changelog.pm
    - /usr/share/perl5/Dpkg/Control/Fields.pm
    - /usr/share/perl5/Dpkg/Control/FieldsCore.pm
    - /usr/share/perl5/Dpkg/Control/Hash.pm
    - /usr/share/perl5/Dpkg/Control/HashCore.pm
    - /usr/share/perl5/Dpkg/Control/Info.pm
    - /usr/share/perl5/Dpkg/Control/Tests.pm
    - /usr/share/perl5/Dpkg/Control/Tests/Entry.pm
    - /usr/share/perl5/Dpkg/Control/Types.pm
    - /usr/share/perl5/Dpkg/Deps.pm
    - /usr/share/perl5/Dpkg/Deps/AND.pm
    - /usr/share/perl5/Dpkg/Deps/KnownFacts.pm
    - /usr/share/perl5/Dpkg/Deps/Multiple.pm
    - /usr/share/perl5/Dpkg/Deps/OR.pm
    - /usr/share/perl5/Dpkg/Deps/Simple.pm
    - /usr/share/perl5/Dpkg/Deps/Union.pm
    - /usr/share/perl5/Dpkg/Dist/Files.pm
    - /usr/share/perl5/Dpkg/ErrorHandling.pm
    - /usr/share/perl5/Dpkg/Exit.pm
    - /usr/share/perl5/Dpkg/File.pm
    - /usr/share/perl5/Dpkg/Getopt.pm
    - /usr/share/perl5/Dpkg/Gettext.pm
    - /usr/share/perl5/Dpkg/IPC.pm
    - /usr/share/perl5/Dpkg/Index.pm
    - /usr/share/perl5/Dpkg/Interface/Storable.pm
    - /usr/share/perl5/Dpkg/Lock.pm
    - /usr/share/perl5/Dpkg/OpenPGP.pm
    - /usr/share/perl5/Dpkg/OpenPGP/Backend.pm
    - /usr/share/perl5/Dpkg/OpenPGP/Backend/GnuPG.pm
    - /usr/share/perl5/Dpkg/OpenPGP/Backend/SOP.pm
    - /usr/share/perl5/Dpkg/OpenPGP/Backend/Sequoia.pm
    - /usr/share/perl5/Dpkg/OpenPGP/ErrorCodes.pm
    - /usr/share/perl5/Dpkg/OpenPGP/KeyHandle.pm
    - /usr/share/perl5/Dpkg/Package.pm
    - /usr/share/perl5/Dpkg/Path.pm
    - /usr/share/perl5/Dpkg/Shlibs.pm
    - /usr/share/perl5/Dpkg/Shlibs/Cppfilt.pm
    - /usr/share/perl5/Dpkg/Shlibs/Objdump.pm
    - /usr/share/perl5/Dpkg/Shlibs/Symbol.pm
    - /usr/share/perl5/Dpkg/Shlibs/SymbolFile.pm
    - /usr/share/perl5/Dpkg/Source/Archive.pm
    - /usr/share/perl5/Dpkg/Source/BinaryFiles.pm
    - /usr/share/perl5/Dpkg/Source/Format.pm
    - /usr/share/perl5/Dpkg/Source/Functions.pm
    - /usr/share/perl5/Dpkg/Source/Package.pm
    - /usr/share/perl5/Dpkg/Source/Package/V1.pm
    - /usr/share/perl5/Dpkg/Source/Package/V2.pm
    - /usr/share/perl5/Dpkg/Source/Package/V3/Bzr.pm
    - /usr/share/perl5/Dpkg/Source/Package/V3/Custom.pm
    - /usr/share/perl5/Dpkg/Source/Package/V3/Git.pm
    - /usr/share/perl5/Dpkg/Source/Package/V3/Native.pm
    - /usr/share/perl5/Dpkg/Source/Package/V3/Quilt.pm
    - /usr/share/perl5/Dpkg/Source/Patch.pm
    - /usr/share/perl5/Dpkg/Source/Quilt.pm
    - /usr/share/perl5/Dpkg/Substvars.pm
    - /usr/share/perl5/Dpkg/Vars.pm
    - /usr/share/perl5/Dpkg/Vendor.pm
    - /usr/share/perl5/Dpkg/Vendor/Debian.pm
    - /usr/share/perl5/Dpkg/Vendor/Default.pm
    - /usr/share/perl5/Dpkg/Vendor/Devuan.pm
    - /usr/share/perl5/Dpkg/Vendor/Ubuntu.pm
    - /usr/share/perl5/Dpkg/Version.pm
    - /usr/share/pixmaps/debian-logo.png
    - /usr/share/pkgconfig/personality.d/aarch64-linux-gnu.personality
    - /usr/share/pkgconfig/personality.d/x86_64-linux-gnu.personality
    - /usr/share/polkit-1/actions/org.dpkg.pkexec.update-alternatives.policy
    - /usr/share/readline/inputrc
    - /usr/share/tabset/std
    - /usr/share/tabset/stdcrt
    - /usr/share/tabset/vt100
    - /usr/share/tabset/vt300
    - /usr/share/udhcpc/default.script
    - /usr/share/util-linux/logcheck/ignore.d.server/util-linux
    - /usr/share/zoneinfo/Africa/Abidjan
    - /usr/share/zoneinfo/Africa/Accra
    - /usr/share/zoneinfo/Africa/Addis_Ababa
    - /usr/share/zoneinfo/Africa/Algiers
    - /usr/share/zoneinfo/Africa/Asmara
    - /usr/share/zoneinfo/Africa/Bamako
    - /usr/share/zoneinfo/Africa/Bangui
    - /usr/share/zoneinfo/Africa/Banjul
    - /usr/share/zoneinfo/Africa/Bissau
    - /usr/share/zoneinfo/Africa/Blantyre
    - /usr/share/zoneinfo/Africa/Brazzaville
    - /usr/share/zoneinfo/Africa/Bujumbura
    - /usr/share/zoneinfo/Africa/Cairo
    - /usr/share/zoneinfo/Africa/Casablanca
    - /usr/share/zoneinfo/Africa/Ceuta
    - /usr/share/zoneinfo/Africa/Conakry
    - /usr/share/zoneinfo/Africa/Dakar
    - /usr/share/zoneinfo/Africa/Dar_es_Salaam
    - /usr/share/zoneinfo/Africa/Djibouti
    - /usr/share/zoneinfo/Africa/Douala
    - /usr/share/zoneinfo/Africa/El_Aaiun
    - /usr/share/zoneinfo/Africa/Freetown
    - /usr/share/zoneinfo/Africa/Gaborone
    - /usr/share/zoneinfo/Africa/Harare
    - /usr/share/zoneinfo/Africa/Johannesburg
    - /usr/share/zoneinfo/Africa/Juba
    - /usr/share/zoneinfo/Africa/Kampala
    - /usr/share/zoneinfo/Africa/Khartoum
    - /usr/share/zoneinfo/Africa/Kigali
    - /usr/share/zoneinfo/Africa/Kinshasa
    - /usr/share/zoneinfo/Africa/Lagos
    - /usr/share/zoneinfo/Africa/Libreville
    - /usr/share/zoneinfo/Africa/Lome
    - /usr/share/zoneinfo/Africa/Luanda
    - /usr/share/zoneinfo/Africa/Lubumbashi
    - /usr/share/zoneinfo/Africa/Lusaka
    - /usr/share/zoneinfo/Africa/Malabo
    - /usr/share/zoneinfo/Africa/Maputo
    - /usr/share/zoneinfo/Africa/Maseru
    - /usr/share/zoneinfo/Africa/Mbabane
    - /usr/share/zoneinfo/Africa/Mogadishu
    - /usr/share/zoneinfo/Africa/Monrovia
    - /usr/share/zoneinfo/Africa/Nairobi
    - /usr/share/zoneinfo/Africa/Ndjamena
    - /usr/share/zoneinfo/Africa/Niamey
    - /usr/share/zoneinfo/Africa/Nouakchott
    - /usr/share/zoneinfo/Africa/Ouagadougou
    - /usr/share/zoneinfo/Africa/Porto-Novo
    - /usr/share/zoneinfo/Africa/Sao_Tome
    - /usr/share/zoneinfo/Africa/Tripoli
    - /usr/share/zoneinfo/Africa/Tunis
    - /usr/share/zoneinfo/Africa/Windhoek
    - /usr/share/zoneinfo/America/Adak
    - /usr/share/zoneinfo/America/Anchorage
    - /usr/share/zoneinfo/America/Anguilla
    - /usr/share/zoneinfo/America/Antigua
    - /usr/share/zoneinfo/America/Araguaina
    - /usr/share/zoneinfo/America/Argentina/Buenos_Aires
    - /usr/share/zoneinfo/America/Argentina/Catamarca
    - /usr/share/zoneinfo/America/Argentina/Cordoba
    - /usr/share/zoneinfo/America/Argentina/Jujuy
    - /usr/share/zoneinfo/America/Argentina/La_Rioja
    - /usr/share/zoneinfo/America/Argentina/Mendoza
    - /usr/share/zoneinfo/America/Argentina/Rio_Gallegos
    - /usr/share/zoneinfo/America/Argentina/Salta
    - /usr/share/zoneinfo/America/Argentina/San_Juan
    - /usr/share/zoneinfo/America/Argentina/San_Luis
    - /usr/share/zoneinfo/America/Argentina/Tucuman
    - /usr/share/zoneinfo/America/Argentina/Ushuaia
    - /usr/share/zoneinfo/America/Aruba
    - /usr/share/zoneinfo/America/Asuncion
    - /usr/share/zoneinfo/America/Atikokan
    - /usr/share/zoneinfo/America/Bahia
    - /usr/share/zoneinfo/America/Bahia_Banderas
    - /usr/share/zoneinfo/America/Barbados
    - /usr/share/zoneinfo/America/Belem
    - /usr/share/zoneinfo/America/Belize
    - /usr/share/zoneinfo/America/Blanc-Sablon
    - /usr/share/zoneinfo/America/Boa_Vista
    - /usr/share/zoneinfo/America/Bogota
    - /usr/share/zoneinfo/America/Boise
    - /usr/share/zoneinfo/America/Cambridge_Bay
    - /usr/share/zoneinfo/America/Campo_Grande
    - /usr/share/zoneinfo/America/Cancun
    - /usr/share/zoneinfo/America/Caracas
    - /usr/share/zoneinfo/America/Cayenne
    - /usr/share/zoneinfo/America/Cayman
    - /usr/share/zoneinfo/America/Chicago
    - /usr/share/zoneinfo/America/Chihuahua
    - /usr/share/zoneinfo/America/Ciudad_Juarez
    - /usr/share/zoneinfo/America/Costa_Rica
    - /usr/share/zoneinfo/America/Coyhaique
    - /usr/share/zoneinfo/America/Creston
    - /usr/share/zoneinfo/America/Cuiaba
    - /usr/share/zoneinfo/America/Curacao
    - /usr/share/zoneinfo/America/Danmarkshavn
    - /usr/share/zoneinfo/America/Dawson
    - /usr/share/zoneinfo/America/Dawson_Creek
    - /usr/share/zoneinfo/America/Denver
    - /usr/share/zoneinfo/America/Detroit
    - /usr/share/zoneinfo/America/Dominica
    - /usr/share/zoneinfo/America/Edmonton
    - /usr/share/zoneinfo/America/Eirunepe
    - /usr/share/zoneinfo/America/El_Salvador
    - /usr/share/zoneinfo/America/Fort_Nelson
    - /usr/share/zoneinfo/America/Fortaleza
    - /usr/share/zoneinfo/America/Glace_Bay
    - /usr/share/zoneinfo/America/Goose_Bay
    - /usr/share/zoneinfo/America/Grand_Turk
    - /usr/share/zoneinfo/America/Grenada
    - /usr/share/zoneinfo/America/Guadeloupe
    - /usr/share/zoneinfo/America/Guatemala
    - /usr/share/zoneinfo/America/Guayaquil
    - /usr/share/zoneinfo/America/Guyana
    - /usr/share/zoneinfo/America/Halifax
    - /usr/share/zoneinfo/America/Havana
    - /usr/share/zoneinfo/America/Hermosillo
    - /usr/share/zoneinfo/America/Indiana/Indianapolis
    - /usr/share/zoneinfo/America/Indiana/Knox
    - /usr/share/zoneinfo/America/Indiana/Marengo
    - /usr/share/zoneinfo/America/Indiana/Petersburg
    - /usr/share/zoneinfo/America/Indiana/Tell_City
    - /usr/share/zoneinfo/America/Indiana/Vevay
    - /usr/share/zoneinfo/America/Indiana/Vincennes
    - /usr/share/zoneinfo/America/Indiana/Winamac
    - /usr/share/zoneinfo/America/Inuvik
    - /usr/share/zoneinfo/America/Iqaluit
    - /usr/share/zoneinfo/America/Jamaica
    - /usr/share/zoneinfo/America/Juneau
    - /usr/share/zoneinfo/America/Kentucky/Louisville
    - /usr/share/zoneinfo/America/Kentucky/Monticello
    - /usr/share/zoneinfo/America/La_Paz
    - /usr/share/zoneinfo/America/Lima
    - /usr/share/zoneinfo/America/Los_Angeles
    - /usr/share/zoneinfo/America/Maceio
    - /usr/share/zoneinfo/America/Managua
    - /usr/share/zoneinfo/America/Manaus
    - /usr/share/zoneinfo/America/Martinique
    - /usr/share/zoneinfo/America/Matamoros
    - /usr/share/zoneinfo/America/Mazatlan
    - /usr/share/zoneinfo/America/Menominee
    - /usr/share/zoneinfo/America/Merida
    - /usr/share/zoneinfo/America/Metlakatla
    - /usr/share/zoneinfo/America/Mexico_City
    - /usr/share/zoneinfo/America/Miquelon
    - /usr/share/zoneinfo/America/Moncton
    - /usr/share/zoneinfo/America/Monterrey
    - /usr/share/zoneinfo/America/Montevideo
    - /usr/share/zoneinfo/America/Montserrat
    - /usr/share/zoneinfo/America/Nassau
    - /usr/share/zoneinfo/America/New_York
    - /usr/share/zoneinfo/America/Nome
    - /usr/share/zoneinfo/America/Noronha
    - /usr/share/zoneinfo/America/North_Dakota/Beulah
    - /usr/share/zoneinfo/America/North_Dakota/Center
    - /usr/share/zoneinfo/America/North_Dakota/New_Salem
    - /usr/share/zoneinfo/America/Nuuk
    - /usr/share/zoneinfo/America/Ojinaga
    - /usr/share/zoneinfo/America/Panama
    - /usr/share/zoneinfo/America/Paramaribo
    - /usr/share/zoneinfo/America/Phoenix
    - /usr/share/zoneinfo/America/Port-au-Prince
    - /usr/share/zoneinfo/America/Port_of_Spain
    - /usr/share/zoneinfo/America/Porto_Velho
    - /usr/share/zoneinfo/America/Puerto_Rico
    - /usr/share/zoneinfo/America/Punta_Arenas
    - /usr/share/zoneinfo/America/Rankin_Inlet
    - /usr/share/zoneinfo/America/Recife
    - /usr/share/zoneinfo/America/Regina
    - /usr/share/zoneinfo/America/Resolute
    - /usr/share/zoneinfo/America/Rio_Branco
    - /usr/share/zoneinfo/America/Santarem
    - /usr/share/zoneinfo/America/Santiago
    - /usr/share/zoneinfo/America/Santo_Domingo
    - /usr/share/zoneinfo/America/Sao_Paulo
    - /usr/share/zoneinfo/America/Scoresbysund
    - /usr/share/zoneinfo/America/Sitka
    - /usr/share/zoneinfo/America/St_Johns
    - /usr/share/zoneinfo/America/St_Kitts
    - /usr/share/zoneinfo/America/St_Lucia
    - /usr/share/zoneinfo/America/St_Thomas
    - /usr/share/zoneinfo/America/St_Vincent
    - /usr/share/zoneinfo/America/Swift_Current
    - /usr/share/zoneinfo/America/Tegucigalpa
    - /usr/share/zoneinfo/America/Thule
    - /usr/share/zoneinfo/America/Tijuana
    - /usr/share/zoneinfo/America/Toronto
    - /usr/share/zoneinfo/America/Tortola
    - /usr/share/zoneinfo/America/Vancouver
    - /usr/share/zoneinfo/America/Whitehorse
    - /usr/share/zoneinfo/America/Winnipeg
    - /usr/share/zoneinfo/America/Yakutat
    - /usr/share/zoneinfo/Antarctica/Casey
    - /usr/share/zoneinfo/Antarctica/Davis
    - /usr/share/zoneinfo/Antarctica/DumontDUrville
    - /usr/share/zoneinfo/Antarctica/Macquarie
    - /usr/share/zoneinfo/Antarctica/Mawson
    - /usr/share/zoneinfo/Antarctica/McMurdo
    - /usr/share/zoneinfo/Antarctica/Palmer
    - /usr/share/zoneinfo/Antarctica/Rothera
    - /usr/share/zoneinfo/Antarctica/Syowa
    - /usr/share/zoneinfo/Antarctica/Troll
    - /usr/share/zoneinfo/Antarctica/Vostok
    - /usr/share/zoneinfo/Asia/Aden
    - /usr/share/zoneinfo/Asia/Almaty
    - /usr/share/zoneinfo/Asia/Amman
    - /usr/share/zoneinfo/Asia/Anadyr
    - /usr/share/zoneinfo/Asia/Aqtau
    - /usr/share/zoneinfo/Asia/Aqtobe
    - /usr/share/zoneinfo/Asia/Ashgabat
    - /usr/share/zoneinfo/Asia/Atyrau
    - /usr/share/zoneinfo/Asia/Baghdad
    - /usr/share/zoneinfo/Asia/Bahrain
    - /usr/share/zoneinfo/Asia/Baku
    - /usr/share/zoneinfo/Asia/Bangkok
    - /usr/share/zoneinfo/Asia/Barnaul
    - /usr/share/zoneinfo/Asia/Beirut
    - /usr/share/zoneinfo/Asia/Bishkek
    - /usr/share/zoneinfo/Asia/Brunei
    - /usr/share/zoneinfo/Asia/Chita
    - /usr/share/zoneinfo/Asia/Colombo
    - /usr/share/zoneinfo/Asia/Damascus
    - /usr/share/zoneinfo/Asia/Dhaka
    - /usr/share/zoneinfo/Asia/Dili
    - /usr/share/zoneinfo/Asia/Dubai
    - /usr/share/zoneinfo/Asia/Dushanbe
    - /usr/share/zoneinfo/Asia/Famagusta
    - /usr/share/zoneinfo/Asia/Gaza
    - /usr/share/zoneinfo/Asia/Hebron
    - /usr/share/zoneinfo/Asia/Ho_Chi_Minh
    - /usr/share/zoneinfo/Asia/Hong_Kong
    - /usr/share/zoneinfo/Asia/Hovd
    - /usr/share/zoneinfo/Asia/Irkutsk
    - /usr/share/zoneinfo/Asia/Jakarta
    - /usr/share/zoneinfo/Asia/Jayapura
    - /usr/share/zoneinfo/Asia/Jerusalem
    - /usr/share/zoneinfo/Asia/Kabul
    - /usr/share/zoneinfo/Asia/Kamchatka
    - /usr/share/zoneinfo/Asia/Karachi
    - /usr/share/zoneinfo/Asia/Kathmandu
    - /usr/share/zoneinfo/Asia/Khandyga
    - /usr/share/zoneinfo/Asia/Kolkata
    - /usr/share/zoneinfo/Asia/Krasnoyarsk
    - /usr/share/zoneinfo/Asia/Kuala_Lumpur
    - /usr/share/zoneinfo/Asia/Kuching
    - /usr/share/zoneinfo/Asia/Kuwait
    - /usr/share/zoneinfo/Asia/Macau
    - /usr/share/zoneinfo/Asia/Magadan
    - /usr/share/zoneinfo/Asia/Makassar
    - /usr/share/zoneinfo/Asia/Manila
    - /usr/share/zoneinfo/Asia/Muscat
    - /usr/share/zoneinfo/Asia/Nicosia
    - /usr/share/zoneinfo/Asia/Novokuznetsk
    - /usr/share/zoneinfo/Asia/Novosibirsk
    - /usr/share/zoneinfo/Asia/Omsk
    - /usr/share/zoneinfo/Asia/Oral
    - /usr/share/zoneinfo/Asia/Phnom_Penh
    - /usr/share/zoneinfo/Asia/Pontianak
    - /usr/share/zoneinfo/Asia/Pyongyang
    - /usr/share/zoneinfo/Asia/Qatar
    - /usr/share/zoneinfo/Asia/Qostanay
    - /usr/share/zoneinfo/Asia/Qyzylorda
    - /usr/share/zoneinfo/Asia/Riyadh
    - /usr/share/zoneinfo/Asia/Sakhalin
    - /usr/share/zoneinfo/Asia/Samarkand
    - /usr/share/zoneinfo/Asia/Seoul
    - /usr/share/zoneinfo/Asia/Shanghai
    - /usr/share/zoneinfo/Asia/Singapore
    - /usr/share/zoneinfo/Asia/Srednekolymsk
    - /usr/share/zoneinfo/Asia/Taipei
    - /usr/share/zoneinfo/Asia/Tashkent
    - /usr/share/zoneinfo/Asia/Tbilisi
    - /usr/share/zoneinfo/Asia/Tehran
    - /usr/share/zoneinfo/Asia/Thimphu
    - /usr/share/zoneinfo/Asia/Tokyo
    - /usr/share/zoneinfo/Asia/Tomsk
    - /usr/share/zoneinfo/Asia/Ulaanbaatar
    - /usr/share/zoneinfo/Asia/Urumqi
    - /usr/share/zoneinfo/Asia/Ust-Nera
    - /usr/share/zoneinfo/Asia/Vientiane
    - /usr/share/zoneinfo/Asia/Vladivostok
    - /usr/share/zoneinfo/Asia/Yakutsk
    - /usr/share/zoneinfo/Asia/Yangon
    - /usr/share/zoneinfo/Asia/Yekaterinburg
    - /usr/share/zoneinfo/Asia/Yerevan
    - /usr/share/zoneinfo/Atlantic/Azores
    - /usr/share/zoneinfo/Atlantic/Bermuda
    - /usr/share/zoneinfo/Atlantic/Canary
    - /usr/share/zoneinfo/Atlantic/Cape_Verde
    - /usr/share/zoneinfo/Atlantic/Faroe
    - /usr/share/zoneinfo/Atlantic/Madeira
    - /usr/share/zoneinfo/Atlantic/Reykjavik
    - /usr/share/zoneinfo/Atlantic/South_Georgia
    - /usr/share/zoneinfo/Atlantic/St_Helena
    - /usr/share/zoneinfo/Atlantic/Stanley
    - /usr/share/zoneinfo/Australia/Adelaide
    - /usr/share/zoneinfo/Australia/Brisbane
    - /usr/share/zoneinfo/Australia/Broken_Hill
    - /usr/share/zoneinfo/Australia/Darwin
    - /usr/share/zoneinfo/Australia/Eucla
    - /usr/share/zoneinfo/Australia/Hobart
    - /usr/share/zoneinfo/Australia/Lindeman
    - /usr/share/zoneinfo/Australia/Lord_Howe
    - /usr/share/zoneinfo/Australia/Melbourne
    - /usr/share/zoneinfo/Australia/Perth
    - /usr/share/zoneinfo/Australia/Sydney
    - /usr/share/zoneinfo/CET
    - /usr/share/zoneinfo/CST6CDT
    - /usr/share/zoneinfo/EET
    - /usr/share/zoneinfo/EST
    - /usr/share/zoneinfo/EST5EDT
    - /usr/share/zoneinfo/Etc/GMT
    - /usr/share/zoneinfo/Etc/GMT+1
    - /usr/share/zoneinfo/Etc/GMT+10
    - /usr/share/zoneinfo/Etc/GMT+11
    - /usr/share/zoneinfo/Etc/GMT+12
    - /usr/share/zoneinfo/Etc/GMT+2
    - /usr/share/zoneinfo/Etc/GMT+3
    - /usr/share/zoneinfo/Etc/GMT+4
    - /usr/share/zoneinfo/Etc/GMT+5
    - /usr/share/zoneinfo/Etc/GMT+6
    - /usr/share/zoneinfo/Etc/GMT+7
    - /usr/share/zoneinfo/Etc/GMT+8
    - /usr/share/zoneinfo/Etc/GMT+9
    - /usr/share/zoneinfo/Etc/GMT-1
    - /usr/share/zoneinfo/Etc/GMT-10
    - /usr/share/zoneinfo/Etc/GMT-11
    - /usr/share/zoneinfo/Etc/GMT-12
    - /usr/share/zoneinfo/Etc/GMT-13
    - /usr/share/zoneinfo/Etc/GMT-14
    - /usr/share/zoneinfo/Etc/GMT-2
    - /usr/share/zoneinfo/Etc/GMT-3
    - /usr/share/zoneinfo/Etc/GMT-4
    - /usr/share/zoneinfo/Etc/GMT-5
    - /usr/share/zoneinfo/Etc/GMT-6
    - /usr/share/zoneinfo/Etc/GMT-7
    - /usr/share/zoneinfo/Etc/GMT-8
    - /usr/share/zoneinfo/Etc/GMT-9
    - /usr/share/zoneinfo/Etc/UTC
    - /usr/share/zoneinfo/Europe/Amsterdam
    - /usr/share/zoneinfo/Europe/Andorra
    - /usr/share/zoneinfo/Europe/Astrakhan
    - /usr/share/zoneinfo/Europe/Athens
    - /usr/share/zoneinfo/Europe/Belgrade
    - /usr/share/zoneinfo/Europe/Berlin
    - /usr/share/zoneinfo/Europe/Brussels
    - /usr/share/zoneinfo/Europe/Bucharest
    - /usr/share/zoneinfo/Europe/Budapest
    - /usr/share/zoneinfo/Europe/Chisinau
    - /usr/share/zoneinfo/Europe/Copenhagen
    - /usr/share/zoneinfo/Europe/Dublin
    - /usr/share/zoneinfo/Europe/Gibraltar
    - /usr/share/zoneinfo/Europe/Guernsey
    - /usr/share/zoneinfo/Europe/Helsinki
    - /usr/share/zoneinfo/Europe/Isle_of_Man
    - /usr/share/zoneinfo/Europe/Istanbul
    - /usr/share/zoneinfo/Europe/Jersey
    - /usr/share/zoneinfo/Europe/Kaliningrad
    - /usr/share/zoneinfo/Europe/Kirov
    - /usr/share/zoneinfo/Europe/Kyiv
    - /usr/share/zoneinfo/Europe/Lisbon
    - /usr/share/zoneinfo/Europe/Ljubljana
    - /usr/share/zoneinfo/Europe/London
    - /usr/share/zoneinfo/Europe/Luxembourg
    - /usr/share/zoneinfo/Europe/Madrid
    - /usr/share/zoneinfo/Europe/Malta
    - /usr/share/zoneinfo/Europe/Minsk
    - /usr/share/zoneinfo/Europe/Monaco
    - /usr/share/zoneinfo/Europe/Moscow
    - /usr/share/zoneinfo/Europe/Oslo
    - /usr/share/zoneinfo/Europe/Paris
    - /usr/share/zoneinfo/Europe/Prague
    - /usr/share/zoneinfo/Europe/Riga
    - /usr/share/zoneinfo/Europe/Rome
    - /usr/share/zoneinfo/Europe/Samara
    - /usr/share/zoneinfo/Europe/Sarajevo
    - /usr/share/zoneinfo/Europe/Saratov
    - /usr/share/zoneinfo/Europe/Simferopol
    - /usr/share/zoneinfo/Europe/Skopje
    - /usr/share/zoneinfo/Europe/Sofia
    - /usr/share/zoneinfo/Europe/Stockholm
    - /usr/share/zoneinfo/Europe/Tallinn
    - /usr/share/zoneinfo/Europe/Tirane
    - /usr/share/zoneinfo/Europe/Ulyanovsk
    - /usr/share/zoneinfo/Europe/Vaduz
    - /usr/share/zoneinfo/Europe/Vienna
    - /usr/share/zoneinfo/Europe/Vilnius
    - /usr/share/zoneinfo/Europe/Volgograd
    - /usr/share/zoneinfo/Europe/Warsaw
    - /usr/share/zoneinfo/Europe/Zagreb
    - /usr/share/zoneinfo/Europe/Zurich
    - /usr/share/zoneinfo/Factory
    - /usr/share/zoneinfo/HST
    - /usr/share/zoneinfo/Indian/Antananarivo
    - /usr/share/zoneinfo/Indian/Chagos
    - /usr/share/zoneinfo/Indian/Christmas
    - /usr/share/zoneinfo/Indian/Cocos
    - /usr/share/zoneinfo/Indian/Comoro
    - /usr/share/zoneinfo/Indian/Kerguelen
    - /usr/share/zoneinfo/Indian/Mahe
    - /usr/share/zoneinfo/Indian/Maldives
    - /usr/share/zoneinfo/Indian/Mauritius
    - /usr/share/zoneinfo/Indian/Mayotte
    - /usr/share/zoneinfo/Indian/Reunion
    - /usr/share/zoneinfo/MET
    - /usr/share/zoneinfo/MST
    - /usr/share/zoneinfo/MST7MDT
    - /usr/share/zoneinfo/PST8PDT
    - /usr/share/zoneinfo/Pacific/Apia
    - /usr/share/zoneinfo/Pacific/Auckland
    - /usr/share/zoneinfo/Pacific/Bougainville
    - /usr/share/zoneinfo/Pacific/Chatham
    - /usr/share/zoneinfo/Pacific/Chuuk
    - /usr/share/zoneinfo/Pacific/Easter
    - /usr/share/zoneinfo/Pacific/Efate
    - /usr/share/zoneinfo/Pacific/Fakaofo
    - /usr/share/zoneinfo/Pacific/Fiji
    - /usr/share/zoneinfo/Pacific/Funafuti
    - /usr/share/zoneinfo/Pacific/Galapagos
    - /usr/share/zoneinfo/Pacific/Gambier
    - /usr/share/zoneinfo/Pacific/Guadalcanal
    - /usr/share/zoneinfo/Pacific/Guam
    - /usr/share/zoneinfo/Pacific/Honolulu
    - /usr/share/zoneinfo/Pacific/Kanton
    - /usr/share/zoneinfo/Pacific/Kiritimati
    - /usr/share/zoneinfo/Pacific/Kosrae
    - /usr/share/zoneinfo/Pacific/Kwajalein
    - /usr/share/zoneinfo/Pacific/Majuro
    - /usr/share/zoneinfo/Pacific/Marquesas
    - /usr/share/zoneinfo/Pacific/Midway
    - /usr/share/zoneinfo/Pacific/Nauru
    - /usr/share/zoneinfo/Pacific/Niue
    - /usr/share/zoneinfo/Pacific/Norfolk
    - /usr/share/zoneinfo/Pacific/Noumea
    - /usr/share/zoneinfo/Pacific/Pago_Pago
    - /usr/share/zoneinfo/Pacific/Palau
    - /usr/share/zoneinfo/Pacific/Pitcairn
    - /usr/share/zoneinfo/Pacific/Pohnpei
    - /usr/share/zoneinfo/Pacific/Port_Moresby
    - /usr/share/zoneinfo/Pacific/Rarotonga
    - /usr/share/zoneinfo/Pacific/Saipan
    - /usr/share/zoneinfo/Pacific/Tahiti
    - /usr/share/zoneinfo/Pacific/Tarawa
    - /usr/share/zoneinfo/Pacific/Tongatapu
    - /usr/share/zoneinfo/Pacific/Wake
    - /usr/share/zoneinfo/Pacific/Wallis
    - /usr/share/zoneinfo/WET
    - /usr/share/zoneinfo/iso3166.tab
    - /usr/share/zoneinfo/leap-seconds.list
    - /usr/share/zoneinfo/leapseconds
    - /usr/share/zoneinfo/right/Africa/Abidjan
    - /usr/share/zoneinfo/right/Africa/Accra
    - /usr/share/zoneinfo/right/Africa/Addis_Ababa
    - /usr/share/zoneinfo/right/Africa/Algiers
    - /usr/share/zoneinfo/right/Africa/Asmara
    - /usr/share/zoneinfo/right/Africa/Bamako
    - /usr/share/zoneinfo/right/Africa/Bangui
    - /usr/share/zoneinfo/right/Africa/Banjul
    - /usr/share/zoneinfo/right/Africa/Bissau
    - /usr/share/zoneinfo/right/Africa/Blantyre
    - /usr/share/zoneinfo/right/Africa/Brazzaville
    - /usr/share/zoneinfo/right/Africa/Bujumbura
    - /usr/share/zoneinfo/right/Africa/Cairo
    - /usr/share/zoneinfo/right/Africa/Casablanca
    - /usr/share/zoneinfo/right/Africa/Ceuta
    - /usr/share/zoneinfo/right/Africa/Conakry
    - /usr/share/zoneinfo/right/Africa/Dakar
    - /usr/share/zoneinfo/right/Africa/Dar_es_Salaam
    - /usr/share/zoneinfo/right/Africa/Djibouti
    - /usr/share/zoneinfo/right/Africa/Douala
    - /usr/share/zoneinfo/right/Africa/El_Aaiun
    - /usr/share/zoneinfo/right/Africa/Freetown
    - /usr/share/zoneinfo/right/Africa/Gaborone
    - /usr/share/zoneinfo/right/Africa/Harare
    - /usr/share/zoneinfo/right/Africa/Johannesburg
    - /usr/share/zoneinfo/right/Africa/Juba
    - /usr/share/zoneinfo/right/Africa/Kampala
    - /usr/share/zoneinfo/right/Africa/Khartoum
    - /usr/share/zoneinfo/right/Africa/Kigali
    - /usr/share/zoneinfo/right/Africa/Kinshasa
    - /usr/share/zoneinfo/right/Africa/Lagos
    - /usr/share/zoneinfo/right/Africa/Libreville
    - /usr/share/zoneinfo/right/Africa/Lome
    - /usr/share/zoneinfo/right/Africa/Luanda
    - /usr/share/zoneinfo/right/Africa/Lubumbashi
    - /usr/share/zoneinfo/right/Africa/Lusaka
    - /usr/share/zoneinfo/right/Africa/Malabo
    - /usr/share/zoneinfo/right/Africa/Maputo
    - /usr/share/zoneinfo/right/Africa/Maseru
    - /usr/share/zoneinfo/right/Africa/Mbabane
    - /usr/share/zoneinfo/right/Africa/Mogadishu
    - /usr/share/zoneinfo/right/Africa/Monrovia
    - /usr/share/zoneinfo/right/Africa/Nairobi
    - /usr/share/zoneinfo/right/Africa/Ndjamena
    - /usr/share/zoneinfo/right/Africa/Niamey
    - /usr/share/zoneinfo/right/Africa/Nouakchott
    - /usr/share/zoneinfo/right/Africa/Ouagadougou
    - /usr/share/zoneinfo/right/Africa/Porto-Novo
    - /usr/share/zoneinfo/right/Africa/Sao_Tome
    - /usr/share/zoneinfo/right/Africa/Tripoli
    - /usr/share/zoneinfo/right/Africa/Tunis
    - /usr/share/zoneinfo/right/Africa/Windhoek
    - /usr/share/zoneinfo/right/America/Adak
    - /usr/share/zoneinfo/right/America/Anchorage
    - /usr/share/zoneinfo/right/America/Anguilla
    - /usr/share/zoneinfo/right/America/Antigua
    - /usr/share/zoneinfo/right/America/Araguaina
    - /usr/share/zoneinfo/right/America/Argentina/Buenos_Aires
    - /usr/share/zoneinfo/right/America/Argentina/Catamarca
    - /usr/share/zoneinfo/right/America/Argentina/Cordoba
    - /usr/share/zoneinfo/right/America/Argentina/Jujuy
    - /usr/share/zoneinfo/right/America/Argentina/La_Rioja
    - /usr/share/zoneinfo/right/America/Argentina/Mendoza
    - /usr/share/zoneinfo/right/America/Argentina/Rio_Gallegos
    - /usr/share/zoneinfo/right/America/Argentina/Salta
    - /usr/share/zoneinfo/right/America/Argentina/San_Juan
    - /usr/share/zoneinfo/right/America/Argentina/San_Luis
    - /usr/share/zoneinfo/right/America/Argentina/Tucuman
    - /usr/share/zoneinfo/right/America/Argentina/Ushuaia
    - /usr/share/zoneinfo/right/America/Aruba
    - /usr/share/zoneinfo/right/America/Asuncion
    - /usr/share/zoneinfo/right/America/Atikokan
    - /usr/share/zoneinfo/right/America/Bahia
    - /usr/share/zoneinfo/right/America/Bahia_Banderas
    - /usr/share/zoneinfo/right/America/Barbados
    - /usr/share/zoneinfo/right/America/Belem
    - /usr/share/zoneinfo/right/America/Belize
    - /usr/share/zoneinfo/right/America/Blanc-Sablon
    - /usr/share/zoneinfo/right/America/Boa_Vista
    - /usr/share/zoneinfo/right/America/Bogota
    - /usr/share/zoneinfo/right/America/Boise
    - /usr/share/zoneinfo/right/America/Cambridge_Bay
    - /usr/share/zoneinfo/right/America/Campo_Grande
    - /usr/share/zoneinfo/right/America/Cancun
    - /usr/share/zoneinfo/right/America/Caracas
    - /usr/share/zoneinfo/right/America/Cayenne
    - /usr/share/zoneinfo/right/America/Cayman
    - /usr/share/zoneinfo/right/America/Chicago
    - /usr/share/zoneinfo/right/America/Chihuahua
    - /usr/share/zoneinfo/right/America/Ciudad_Juarez
    - /usr/share/zoneinfo/right/America/Costa_Rica
    - /usr/share/zoneinfo/right/America/Coyhaique
    - /usr/share/zoneinfo/right/America/Creston
    - /usr/share/zoneinfo/right/America/Cuiaba
    - /usr/share/zoneinfo/right/America/Curacao
    - /usr/share/zoneinfo/right/America/Danmarkshavn
    - /usr/share/zoneinfo/right/America/Dawson
    - /usr/share/zoneinfo/right/America/Dawson_Creek
    - /usr/share/zoneinfo/right/America/Denver
    - /usr/share/zoneinfo/right/America/Detroit
    - /usr/share/zoneinfo/right/America/Dominica
    - /usr/share/zoneinfo/right/America/Edmonton
    - /usr/share/zoneinfo/right/America/Eirunepe
    - /usr/share/zoneinfo/right/America/El_Salvador
    - /usr/share/zoneinfo/right/America/Fort_Nelson
    - /usr/share/zoneinfo/right/America/Fortaleza
    - /usr/share/zoneinfo/right/America/Glace_Bay
    - /usr/share/zoneinfo/right/America/Goose_Bay
    - /usr/share/zoneinfo/right/America/Grand_Turk
    - /usr/share/zoneinfo/right/America/Grenada
    - /usr/share/zoneinfo/right/America/Guadeloupe
    - /usr/share/zoneinfo/right/America/Guatemala
    - /usr/share/zoneinfo/right/America/Guayaquil
    - /usr/share/zoneinfo/right/America/Guyana
    - /usr/share/zoneinfo/right/America/Halifax
    - /usr/share/zoneinfo/right/America/Havana
    - /usr/share/zoneinfo/right/America/Hermosillo
    - /usr/share/zoneinfo/right/America/Indiana/Indianapolis
    - /usr/share/zoneinfo/right/America/Indiana/Knox
    - /usr/share/zoneinfo/right/America/Indiana/Marengo
    - /usr/share/zoneinfo/right/America/Indiana/Petersburg
    - /usr/share/zoneinfo/right/America/Indiana/Tell_City
    - /usr/share/zoneinfo/right/America/Indiana/Vevay
    - /usr/share/zoneinfo/right/America/Indiana/Vincennes
    - /usr/share/zoneinfo/right/America/Indiana/Winamac
    - /usr/share/zoneinfo/right/America/Inuvik
    - /usr/share/zoneinfo/right/America/Iqaluit
    - /usr/share/zoneinfo/right/America/Jamaica
    - /usr/share/zoneinfo/right/America/Juneau
    - /usr/share/zoneinfo/right/America/Kentucky/Louisville
    - /usr/share/zoneinfo/right/America/Kentucky/Monticello
    - /usr/share/zoneinfo/right/America/La_Paz
    - /usr/share/zoneinfo/right/America/Lima
    - /usr/share/zoneinfo/right/America/Los_Angeles
    - /usr/share/zoneinfo/right/America/Maceio
    - /usr/share/zoneinfo/right/America/Managua
    - /usr/share/zoneinfo/right/America/Manaus
    - /usr/share/zoneinfo/right/America/Martinique
    - /usr/share/zoneinfo/right/America/Matamoros
    - /usr/share/zoneinfo/right/America/Mazatlan
    - /usr/share/zoneinfo/right/America/Menominee
    - /usr/share/zoneinfo/right/America/Merida
    - /usr/share/zoneinfo/right/America/Metlakatla
    - /usr/share/zoneinfo/right/America/Mexico_City
    - /usr/share/zoneinfo/right/America/Miquelon
    - /usr/share/zoneinfo/right/America/Moncton
    - /usr/share/zoneinfo/right/America/Monterrey
    - /usr/share/zoneinfo/right/America/Montevideo
    - /usr/share/zoneinfo/right/America/Montserrat
    - /usr/share/zoneinfo/right/America/Nassau
    - /usr/share/zoneinfo/right/America/New_York
    - /usr/share/zoneinfo/right/America/Nome
    - /usr/share/zoneinfo/right/America/Noronha
    - /usr/share/zoneinfo/right/America/North_Dakota/Beulah
    - /usr/share/zoneinfo/right/America/North_Dakota/Center
    - /usr/share/zoneinfo/right/America/North_Dakota/New_Salem
    - /usr/share/zoneinfo/right/America/Nuuk
    - /usr/share/zoneinfo/right/America/Ojinaga
    - /usr/share/zoneinfo/right/America/Panama
    - /usr/share/zoneinfo/right/America/Paramaribo
    - /usr/share/zoneinfo/right/America/Phoenix
    - /usr/share/zoneinfo/right/America/Port-au-Prince
    - /usr/share/zoneinfo/right/America/Port_of_Spain
    - /usr/share/zoneinfo/right/America/Porto_Velho
    - /usr/share/zoneinfo/right/America/Puerto_Rico
    - /usr/share/zoneinfo/right/America/Punta_Arenas
    - /usr/share/zoneinfo/right/America/Rankin_Inlet
    - /usr/share/zoneinfo/right/America/Recife
    - /usr/share/zoneinfo/right/America/Regina
    - /usr/share/zoneinfo/right/America/Resolute
    - /usr/share/zoneinfo/right/America/Rio_Branco
    - /usr/share/zoneinfo/right/America/Santarem
    - /usr/share/zoneinfo/right/America/Santiago
    - /usr/share/zoneinfo/right/America/Santo_Domingo
    - /usr/share/zoneinfo/right/America/Sao_Paulo
    - /usr/share/zoneinfo/right/America/Scoresbysund
    - /usr/share/zoneinfo/right/America/Sitka
    - /usr/share/zoneinfo/right/America/St_Johns
    - /usr/share/zoneinfo/right/America/St_Kitts
    - /usr/share/zoneinfo/right/America/St_Lucia
    - /usr/share/zoneinfo/right/America/St_Thomas
    - /usr/share/zoneinfo/right/America/St_Vincent
    - /usr/share/zoneinfo/right/America/Swift_Current
    - /usr/share/zoneinfo/right/America/Tegucigalpa
    - /usr/share/zoneinfo/right/America/Thule
    - /usr/share/zoneinfo/right/America/Tijuana
    - /usr/share/zoneinfo/right/America/Toronto
    - /usr/share/zoneinfo/right/America/Tortola
    - /usr/share/zoneinfo/right/America/Vancouver
    - /usr/share/zoneinfo/right/America/Whitehorse
    - /usr/share/zoneinfo/right/America/Winnipeg
    - /usr/share/zoneinfo/right/America/Yakutat
    - /usr/share/zoneinfo/right/Antarctica/Casey
    - /usr/share/zoneinfo/right/Antarctica/Davis
    - /usr/share/zoneinfo/right/Antarctica/DumontDUrville
    - /usr/share/zoneinfo/right/Antarctica/Macquarie
    - /usr/share/zoneinfo/right/Antarctica/Mawson
    - /usr/share/zoneinfo/right/Antarctica/McMurdo
    - /usr/share/zoneinfo/right/Antarctica/Palmer
    - /usr/share/zoneinfo/right/Antarctica/Rothera
    - /usr/share/zoneinfo/right/Antarctica/Syowa
    - /usr/share/zoneinfo/right/Antarctica/Troll
    - /usr/share/zoneinfo/right/Antarctica/Vostok
    - /usr/share/zoneinfo/right/Asia/Aden
    - /usr/share/zoneinfo/right/Asia/Almaty
    - /usr/share/zoneinfo/right/Asia/Amman
    - /usr/share/zoneinfo/right/Asia/Anadyr
    - /usr/share/zoneinfo/right/Asia/Aqtau
    - /usr/share/zoneinfo/right/Asia/Aqtobe
    - /usr/share/zoneinfo/right/Asia/Ashgabat
    - /usr/share/zoneinfo/right/Asia/Atyrau
    - /usr/share/zoneinfo/right/Asia/Baghdad
    - /usr/share/zoneinfo/right/Asia/Bahrain
    - /usr/share/zoneinfo/right/Asia/Baku
    - /usr/share/zoneinfo/right/Asia/Bangkok
    - /usr/share/zoneinfo/right/Asia/Barnaul
    - /usr/share/zoneinfo/right/Asia/Beirut
    - /usr/share/zoneinfo/right/Asia/Bishkek
    - /usr/share/zoneinfo/right/Asia/Brunei
    - /usr/share/zoneinfo/right/Asia/Chita
    - /usr/share/zoneinfo/right/Asia/Colombo
    - /usr/share/zoneinfo/right/Asia/Damascus
    - /usr/share/zoneinfo/right/Asia/Dhaka
    - /usr/share/zoneinfo/right/Asia/Dili
    - /usr/share/zoneinfo/right/Asia/Dubai
    - /usr/share/zoneinfo/right/Asia/Dushanbe
    - /usr/share/zoneinfo/right/Asia/Famagusta
    - /usr/share/zoneinfo/right/Asia/Gaza
    - /usr/share/zoneinfo/right/Asia/Hebron
    - /usr/share/zoneinfo/right/Asia/Ho_Chi_Minh
    - /usr/share/zoneinfo/right/Asia/Hong_Kong
    - /usr/share/zoneinfo/right/Asia/Hovd
    - /usr/share/zoneinfo/right/Asia/Irkutsk
    - /usr/share/zoneinfo/right/Asia/Jakarta
    - /usr/share/zoneinfo/right/Asia/Jayapura
    - /usr/share/zoneinfo/right/Asia/Jerusalem
    - /usr/share/zoneinfo/right/Asia/Kabul
    - /usr/share/zoneinfo/right/Asia/Kamchatka
    - /usr/share/zoneinfo/right/Asia/Karachi
    - /usr/share/zoneinfo/right/Asia/Kathmandu
    - /usr/share/zoneinfo/right/Asia/Khandyga
    - /usr/share/zoneinfo/right/Asia/Kolkata
    - /usr/share/zoneinfo/right/Asia/Krasnoyarsk
    - /usr/share/zoneinfo/right/Asia/Kuala_Lumpur
    - /usr/share/zoneinfo/right/Asia/Kuching
    - /usr/share/zoneinfo/right/Asia/Kuwait
    - /usr/share/zoneinfo/right/Asia/Macau
    - /usr/share/zoneinfo/right/Asia/Magadan
    - /usr/share/zoneinfo/right/Asia/Makassar
    - /usr/share/zoneinfo/right/Asia/Manila
    - /usr/share/zoneinfo/right/Asia/Muscat
    - /usr/share/zoneinfo/right/Asia/Nicosia
    - /usr/share/zoneinfo/right/Asia/Novokuznetsk
    - /usr/share/zoneinfo/right/Asia/Novosibirsk
    - /usr/share/zoneinfo/right/Asia/Omsk
    - /usr/share/zoneinfo/right/Asia/Oral
    - /usr/share/zoneinfo/right/Asia/Phnom_Penh
    - /usr/share/zoneinfo/right/Asia/Pontianak
    - /usr/share/zoneinfo/right/Asia/Pyongyang
    - /usr/share/zoneinfo/right/Asia/Qatar
    - /usr/share/zoneinfo/right/Asia/Qostanay
    - /usr/share/zoneinfo/right/Asia/Qyzylorda
    - /usr/share/zoneinfo/right/Asia/Riyadh
    - /usr/share/zoneinfo/right/Asia/Sakhalin
    - /usr/share/zoneinfo/right/Asia/Samarkand
    - /usr/share/zoneinfo/right/Asia/Seoul
    - /usr/share/zoneinfo/right/Asia/Shanghai
    - /usr/share/zoneinfo/right/Asia/Singapore
    - /usr/share/zoneinfo/right/Asia/Srednekolymsk
    - /usr/share/zoneinfo/right/Asia/Taipei
    - /usr/share/zoneinfo/right/Asia/Tashkent
    - /usr/share/zoneinfo/right/Asia/Tbilisi
    - /usr/share/zoneinfo/right/Asia/Tehran
    - /usr/share/zoneinfo/right/Asia/Thimphu
    - /usr/share/zoneinfo/right/Asia/Tokyo
    - /usr/share/zoneinfo/right/Asia/Tomsk
    - /usr/share/zoneinfo/right/Asia/Ulaanbaatar
    - /usr/share/zoneinfo/right/Asia/Urumqi
    - /usr/share/zoneinfo/right/Asia/Ust-Nera
    - /usr/share/zoneinfo/right/Asia/Vientiane
    - /usr/share/zoneinfo/right/Asia/Vladivostok
    - /usr/share/zoneinfo/right/Asia/Yakutsk
    - /usr/share/zoneinfo/right/Asia/Yangon
    - /usr/share/zoneinfo/right/Asia/Yekaterinburg
    - /usr/share/zoneinfo/right/Asia/Yerevan
    - /usr/share/zoneinfo/right/Atlantic/Azores
    - /usr/share/zoneinfo/right/Atlantic/Bermuda
    - /usr/share/zoneinfo/right/Atlantic/Canary
    - /usr/share/zoneinfo/right/Atlantic/Cape_Verde
    - /usr/share/zoneinfo/right/Atlantic/Faroe
    - /usr/share/zoneinfo/right/Atlantic/Madeira
    - /usr/share/zoneinfo/right/Atlantic/Reykjavik
    - /usr/share/zoneinfo/right/Atlantic/South_Georgia
    - /usr/share/zoneinfo/right/Atlantic/St_Helena
    - /usr/share/zoneinfo/right/Atlantic/Stanley
    - /usr/share/zoneinfo/right/Australia/Adelaide
    - /usr/share/zoneinfo/right/Australia/Brisbane
    - /usr/share/zoneinfo/right/Australia/Broken_Hill
    - /usr/share/zoneinfo/right/Australia/Darwin
    - /usr/share/zoneinfo/right/Australia/Eucla
    - /usr/share/zoneinfo/right/Australia/Hobart
    - /usr/share/zoneinfo/right/Australia/Lindeman
    - /usr/share/zoneinfo/right/Australia/Lord_Howe
    - /usr/share/zoneinfo/right/Australia/Melbourne
    - /usr/share/zoneinfo/right/Australia/Perth
    - /usr/share/zoneinfo/right/Australia/Sydney
    - /usr/share/zoneinfo/right/CET
    - /usr/share/zoneinfo/right/CST6CDT
    - /usr/share/zoneinfo/right/EET
    - /usr/share/zoneinfo/right/EST
    - /usr/share/zoneinfo/right/EST5EDT
    - /usr/share/zoneinfo/right/Etc/GMT
    - /usr/share/zoneinfo/right/Etc/GMT+1
    - /usr/share/zoneinfo/right/Etc/GMT+10
    - /usr/share/zoneinfo/right/Etc/GMT+11
    - /usr/share/zoneinfo/right/Etc/GMT+12
    - /usr/share/zoneinfo/right/Etc/GMT+2
    - /usr/share/zoneinfo/right/Etc/GMT+3
    - /usr/share/zoneinfo/right/Etc/GMT+4
    - /usr/share/zoneinfo/right/Etc/GMT+5
    - /usr/share/zoneinfo/right/Etc/GMT+6
    - /usr/share/zoneinfo/right/Etc/GMT+7
    - /usr/share/zoneinfo/right/Etc/GMT+8
    - /usr/share/zoneinfo/right/Etc/GMT+9
    - /usr/share/zoneinfo/right/Etc/GMT-1
    - /usr/share/zoneinfo/right/Etc/GMT-10
    - /usr/share/zoneinfo/right/Etc/GMT-11
    - /usr/share/zoneinfo/right/Etc/GMT-12
    - /usr/share/zoneinfo/right/Etc/GMT-13
    - /usr/share/zoneinfo/right/Etc/GMT-14
    - /usr/share/zoneinfo/right/Etc/GMT-2
    - /usr/share/zoneinfo/right/Etc/GMT-3
    - /usr/share/zoneinfo/right/Etc/GMT-4
    - /usr/share/zoneinfo/right/Etc/GMT-5
    - /usr/share/zoneinfo/right/Etc/GMT-6
    - /usr/share/zoneinfo/right/Etc/GMT-7
    - /usr/share/zoneinfo/right/Etc/GMT-8
    - /usr/share/zoneinfo/right/Etc/GMT-9
    - /usr/share/zoneinfo/right/Etc/UTC
    - /usr/share/zoneinfo/right/Europe/Amsterdam
    - /usr/share/zoneinfo/right/Europe/Andorra
    - /usr/share/zoneinfo/right/Europe/Astrakhan
    - /usr/share/zoneinfo/right/Europe/Athens
    - /usr/share/zoneinfo/right/Europe/Belgrade
    - /usr/share/zoneinfo/right/Europe/Berlin
    - /usr/share/zoneinfo/right/Europe/Brussels
    - /usr/share/zoneinfo/right/Europe/Bucharest
    - /usr/share/zoneinfo/right/Europe/Budapest
    - /usr/share/zoneinfo/right/Europe/Chisinau
    - /usr/share/zoneinfo/right/Europe/Copenhagen
    - /usr/share/zoneinfo/right/Europe/Dublin
    - /usr/share/zoneinfo/right/Europe/Gibraltar
    - /usr/share/zoneinfo/right/Europe/Guernsey
    - /usr/share/zoneinfo/right/Europe/Helsinki
    - /usr/share/zoneinfo/right/Europe/Isle_of_Man
    - /usr/share/zoneinfo/right/Europe/Istanbul
    - /usr/share/zoneinfo/right/Europe/Jersey
    - /usr/share/zoneinfo/right/Europe/Kaliningrad
    - /usr/share/zoneinfo/right/Europe/Kirov
    - /usr/share/zoneinfo/right/Europe/Kyiv
    - /usr/share/zoneinfo/right/Europe/Lisbon
    - /usr/share/zoneinfo/right/Europe/Ljubljana
    - /usr/share/zoneinfo/right/Europe/London
    - /usr/share/zoneinfo/right/Europe/Luxembourg
    - /usr/share/zoneinfo/right/Europe/Madrid
    - /usr/share/zoneinfo/right/Europe/Malta
    - /usr/share/zoneinfo/right/Europe/Minsk
    - /usr/share/zoneinfo/right/Europe/Monaco
    - /usr/share/zoneinfo/right/Europe/Moscow
    - /usr/share/zoneinfo/right/Europe/Oslo
    - /usr/share/zoneinfo/right/Europe/Paris
    - /usr/share/zoneinfo/right/Europe/Prague
    - /usr/share/zoneinfo/right/Europe/Riga
    - /usr/share/zoneinfo/right/Europe/Rome
    - /usr/share/zoneinfo/right/Europe/Samara
    - /usr/share/zoneinfo/right/Europe/Sarajevo
    - /usr/share/zoneinfo/right/Europe/Saratov
    - /usr/share/zoneinfo/right/Europe/Simferopol
    - /usr/share/zoneinfo/right/Europe/Skopje
    - /usr/share/zoneinfo/right/Europe/Sofia
    - /usr/share/zoneinfo/right/Europe/Stockholm
    - /usr/share/zoneinfo/right/Europe/Tallinn
    - /usr/share/zoneinfo/right/Europe/Tirane
    - /usr/share/zoneinfo/right/Europe/Ulyanovsk
    - /usr/share/zoneinfo/right/Europe/Vaduz
    - /usr/share/zoneinfo/right/Europe/Vienna
    - /usr/share/zoneinfo/right/Europe/Vilnius
    - /usr/share/zoneinfo/right/Europe/Volgograd
    - /usr/share/zoneinfo/right/Europe/Warsaw
    - /usr/share/zoneinfo/right/Europe/Zagreb
    - /usr/share/zoneinfo/right/Europe/Zurich
    - /usr/share/zoneinfo/right/Factory
    - /usr/share/zoneinfo/right/HST
    - /usr/share/zoneinfo/right/Indian/Antananarivo
    - /usr/share/zoneinfo/right/Indian/Chagos
    - /usr/share/zoneinfo/right/Indian/Christmas
    - /usr/share/zoneinfo/right/Indian/Cocos
    - /usr/share/zoneinfo/right/Indian/Comoro
    - /usr/share/zoneinfo/right/Indian/Kerguelen
    - /usr/share/zoneinfo/right/Indian/Mahe
    - /usr/share/zoneinfo/right/Indian/Maldives
    - /usr/share/zoneinfo/right/Indian/Mauritius
    - /usr/share/zoneinfo/right/Indian/Mayotte
    - /usr/share/zoneinfo/right/Indian/Reunion
    - /usr/share/zoneinfo/right/MET
    - /usr/share/zoneinfo/right/MST
    - /usr/share/zoneinfo/right/MST7MDT
    - /usr/share/zoneinfo/right/PST8PDT
    - /usr/share/zoneinfo/right/Pacific/Apia
    - /usr/share/zoneinfo/right/Pacific/Auckland
    - /usr/share/zoneinfo/right/Pacific/Bougainville
    - /usr/share/zoneinfo/right/Pacific/Chatham
    - /usr/share/zoneinfo/right/Pacific/Chuuk
    - /usr/share/zoneinfo/right/Pacific/Easter
    - /usr/share/zoneinfo/right/Pacific/Efate
    - /usr/share/zoneinfo/right/Pacific/Fakaofo
    - /usr/share/zoneinfo/right/Pacific/Fiji
    - /usr/share/zoneinfo/right/Pacific/Funafuti
    - /usr/share/zoneinfo/right/Pacific/Galapagos
    - /usr/share/zoneinfo/right/Pacific/Gambier
    - /usr/share/zoneinfo/right/Pacific/Guadalcanal
    - /usr/share/zoneinfo/right/Pacific/Guam
    - /usr/share/zoneinfo/right/Pacific/Honolulu
    - /usr/share/zoneinfo/right/Pacific/Kanton
    - /usr/share/zoneinfo/right/Pacific/Kiritimati
    - /usr/share/zoneinfo/right/Pacific/Kosrae
    - /usr/share/zoneinfo/right/Pacific/Kwajalein
    - /usr/share/zoneinfo/right/Pacific/Majuro
    - /usr/share/zoneinfo/right/Pacific/Marquesas
    - /usr/share/zoneinfo/right/Pacific/Midway
    - /usr/share/zoneinfo/right/Pacific/Nauru
    - /usr/share/zoneinfo/right/Pacific/Niue
    - /usr/share/zoneinfo/right/Pacific/Norfolk
    - /usr/share/zoneinfo/right/Pacific/Noumea
    - /usr/share/zoneinfo/right/Pacific/Pago_Pago
    - /usr/share/zoneinfo/right/Pacific/Palau
    - /usr/share/zoneinfo/right/Pacific/Pitcairn
    - /usr/share/zoneinfo/right/Pacific/Pohnpei
    - /usr/share/zoneinfo/right/Pacific/Port_Moresby
    - /usr/share/zoneinfo/right/Pacific/Rarotonga
    - /usr/share/zoneinfo/right/Pacific/Saipan
    - /usr/share/zoneinfo/right/Pacific/Tahiti
    - /usr/share/zoneinfo/right/Pacific/Tarawa
    - /usr/share/zoneinfo/right/Pacific/Tongatapu
    - /usr/share/zoneinfo/right/Pacific/Wake
    - /usr/share/zoneinfo/right/Pacific/Wallis
    - /usr/share/zoneinfo/right/WET
    - /usr/share/zoneinfo/tzdata.zi
    - /usr/share/zoneinfo/zone.tab
    - /usr/share/zoneinfo/zone1970.tab
    - /usr/share/zsh/vendor-completions/_curl
    - /var/lib/dpkg/info/adduser.conffiles
    - /var/lib/dpkg/info/adduser.list
    - /var/lib/dpkg/info/adduser.md5sums
    - /var/lib/dpkg/info/adduser.postrm
    - /var/lib/dpkg/info/adduser.preinst
    - /var/lib/dpkg/info/apt.conffiles
    - /var/lib/dpkg/info/apt.list
    - /var/lib/dpkg/info/apt.md5sums
    - /var/lib/dpkg/info/apt.postinst
    - /var/lib/dpkg/info/apt.postrm
    - /var/lib/dpkg/info/apt.preinst
    - /var/lib/dpkg/info/apt.prerm
    - /var/lib/dpkg/info/apt.shlibs
    - /var/lib/dpkg/info/apt.triggers
    - /var/lib/dpkg/info/base-files.conffiles
    - /var/lib/dpkg/info/base-files.list
    - /var/lib/dpkg/info/base-files.md5sums
    - /var/lib/dpkg/info/base-files.postinst
    - /var/lib/dpkg/info/base-passwd.list
    - /var/lib/dpkg/info/base-passwd.md5sums
    - /var/lib/dpkg/info/base-passwd.postinst
    - /var/lib/dpkg/info/base-passwd.postrm
    - /var/lib/dpkg/info/base-passwd.preinst
    - /var/lib/dpkg/info/base-passwd.templates
    - /var/lib/dpkg/info/bash.conffiles
    - /var/lib/dpkg/info/bash.list
    - /var/lib/dpkg/info/bash.md5sums
    - /var/lib/dpkg/info/bash.postinst
    - /var/lib/dpkg/info/bash.postrm
    - /var/lib/dpkg/info/bash.prerm
    - /var/lib/dpkg/info/binutils-aarch64-linux-gnu.list
    - /var/lib/dpkg/info/binutils-aarch64-linux-gnu.md5sums
    - /var/lib/dpkg/info/binutils-common:amd64.conffiles
    - /var/lib/dpkg/info/binutils-common:amd64.md5sums
    - /var/lib/dpkg/info/binutils-common:arm64.conffiles
    - /var/lib/dpkg/info/binutils-common:arm64.md5sums
    - /var/lib/dpkg/info/binutils-x86-64-linux-gnu.list
    - /var/lib/dpkg/info/binutils-x86-64-linux-gnu.md5sums
    - /var/lib/dpkg/info/bsdutils.list
    - /var/lib/dpkg/info/bsdutils.md5sums
    - /var/lib/dpkg/info/bzip2.list
    - /var/lib/dpkg/info/bzip2.md5sums
    - /var/lib/dpkg/info/ca-certificates.config
    - /var/lib/dpkg/info/ca-certificates.list
    - /var/lib/dpkg/info/ca-certificates.md5sums
    - /var/lib/dpkg/info/ca-certificates.postinst
    - /var/lib/dpkg/info/ca-certificates.postrm
    - /var/lib/dpkg/info/ca-certificates.templates
    - /var/lib/dpkg/info/ca-certificates.triggers
    - /var/lib/dpkg/info/coreutils.list
    - /var/lib/dpkg/info/coreutils.md5sums
    - /var/lib/dpkg/info/coreutils.postinst
    - /var/lib/dpkg/info/coreutils.postrm
    - /var/lib/dpkg/info/cpp-12.list
    - /var/lib/dpkg/info/cpp-12.md5sums
    - /var/lib/dpkg/info/curl.list
    - /var/lib/dpkg/info/curl.md5sums
    - /var/lib/dpkg/info/dash.list
    - /var/lib/dpkg/info/dash.md5sums
    - /var/lib/dpkg/info/dash.postinst
    - /var/lib/dpkg/info/dash.postrm
    - /var/lib/dpkg/info/dash.prerm
    - /var/lib/dpkg/info/debconf.conffiles
    - /var/lib/dpkg/info/debconf.config
    - /var/lib/dpkg/info/debconf.list
    - /var/lib/dpkg/info/debconf.md5sums
    - /var/lib/dpkg/info/debconf.postinst
    - /var/lib/dpkg/info/debconf.templates
    - /var/lib/dpkg/info/debian-archive-keyring.conffiles
    - /var/lib/dpkg/info/debian-archive-keyring.list
    - /var/lib/dpkg/info/debian-archive-keyring.md5sums
    - /var/lib/dpkg/info/debian-archive-keyring.postinst
    - /var/lib/dpkg/info/debian-archive-keyring.postrm
    - /var/lib/dpkg/info/debian-archive-keyring.preinst
    - /var/lib/dpkg/info/debian-archive-keyring.prerm
    - /var/lib/dpkg/info/debianutils.list
    - /var/lib/dpkg/info/debianutils.md5sums
    - /var/lib/dpkg/info/debianutils.postinst
    - /var/lib/dpkg/info/debianutils.postrm
    - /var/lib/dpkg/info/debianutils.prerm
    - /var/lib/dpkg/info/debianutils.triggers
    - /var/lib/dpkg/info/diffutils.list
    - /var/lib/dpkg/info/diffutils.md5sums
    - /var/lib/dpkg/info/dpkg.conffiles
    - /var/lib/dpkg/info/dpkg.list
    - /var/lib/dpkg/info/dpkg.md5sums
    - /var/lib/dpkg/info/dpkg.postinst
    - /var/lib/dpkg/info/dpkg.postrm
    - /var/lib/dpkg/info/dpkg.prerm
    - /var/lib/dpkg/info/e2fsprogs.conffiles
    - /var/lib/dpkg/info/e2fsprogs.list
    - /var/lib/dpkg/info/e2fsprogs.md5sums
    - /var/lib/dpkg/info/e2fsprogs.postinst
    - /var/lib/dpkg/info/e2fsprogs.postrm
    - /var/lib/dpkg/info/e2fsprogs.preinst
    - /var/lib/dpkg/info/e2fsprogs.prerm
    - /var/lib/dpkg/info/file.list
    - /var/lib/dpkg/info/file.md5sums
    - /var/lib/dpkg/info/findutils.list
    - /var/lib/dpkg/info/findutils.md5sums
    - /var/lib/dpkg/info/gcc-12-base:amd64.md5sums
    - /var/lib/dpkg/info/gcc-12-base:arm64.md5sums
    - /var/lib/dpkg/info/gettext-base.list
    - /var/lib/dpkg/info/gettext-base.md5sums
    - /var/lib/dpkg/info/gpgv.list
    - /var/lib/dpkg/info/gpgv.md5sums
    - /var/lib/dpkg/info/grep.list
    - /var/lib/dpkg/info/grep.md5sums
    - /var/lib/dpkg/info/gzip.list
    - /var/lib/dpkg/info/gzip.md5sums
    - /var/lib/dpkg/info/hostname.list
    - /var/lib/dpkg/info/hostname.md5sums
    - /var/lib/dpkg/info/init-system-helpers.list
    - /var/lib/dpkg/info/init-system-helpers.md5sums
    - /var/lib/dpkg/info/init-system-helpers.postinst
    - /var/lib/dpkg/info/libabsl20220623:amd64.md5sums
    - /var/lib/dpkg/info/libabsl20220623:arm64.md5sums
    - /var/lib/dpkg/info/libacl1:amd64.md5sums
    - /var/lib/dpkg/info/libacl1:arm64.md5sums
    - /var/lib/dpkg/info/libaom3:amd64.md5sums
    - /var/lib/dpkg/info/libaom3:arm64.md5sums
    - /var/lib/dpkg/info/libapt-pkg6.0:amd64.md5sums
    - /var/lib/dpkg/info/libapt-pkg6.0:arm64.md5sums
    - /var/lib/dpkg/info/libargon2-1:amd64.md5sums
    - /var/lib/dpkg/info/libargon2-1:arm64.md5sums
    - /var/lib/dpkg/info/libasan8:amd64.md5sums
    - /var/lib/dpkg/info/libasan8:arm64.md5sums
    - /var/lib/dpkg/info/libatomic1:amd64.md5sums
    - /var/lib/dpkg/info/libatomic1:arm64.md5sums
    - /var/lib/dpkg/info/libattr1:amd64.conffiles
    - /var/lib/dpkg/info/libattr1:amd64.md5sums
    - /var/lib/dpkg/info/libattr1:arm64.conffiles
    - /var/lib/dpkg/info/libattr1:arm64.md5sums
    - /var/lib/dpkg/info/libaudit-common.conffiles
    - /var/lib/dpkg/info/libaudit-common.list
    - /var/lib/dpkg/info/libaudit-common.md5sums
    - /var/lib/dpkg/info/libaudit1:amd64.md5sums
    - /var/lib/dpkg/info/libaudit1:arm64.md5sums
    - /var/lib/dpkg/info/libavif15:amd64.md5sums
    - /var/lib/dpkg/info/libavif15:arm64.md5sums
    - /var/lib/dpkg/info/libbinutils:amd64.md5sums
    - /var/lib/dpkg/info/libbinutils:arm64.md5sums
    - /var/lib/dpkg/info/libblkid1:amd64.md5sums
    - /var/lib/dpkg/info/libblkid1:arm64.md5sums
    - /var/lib/dpkg/info/libbrotli1:amd64.md5sums
    - /var/lib/dpkg/info/libbrotli1:arm64.md5sums
    - /var/lib/dpkg/info/libbsd0:amd64.md5sums
    - /var/lib/dpkg/info/libbsd0:arm64.md5sums
    - /var/lib/dpkg/info/libbz2-1.0:amd64.md5sums
    - /var/lib/dpkg/info/libbz2-1.0:arm64.md5sums
    - /var/lib/dpkg/info/libc-bin.conffiles
    - /var/lib/dpkg/info/libc-bin.list
    - /var/lib/dpkg/info/libc-bin.md5sums
    - /var/lib/dpkg/info/libc-bin.postinst
    - /var/lib/dpkg/info/libc-bin.triggers
    - /var/lib/dpkg/info/libc-dev-bin.list
    - /var/lib/dpkg/info/libc-dev-bin.md5sums
    - /var/lib/dpkg/info/libc6:amd64.conffiles
    - /var/lib/dpkg/info/libc6:amd64.md5sums
    - /var/lib/dpkg/info/libc6:arm64.conffiles
    - /var/lib/dpkg/info/libc6:arm64.md5sums
    - /var/lib/dpkg/info/libcap-ng0:amd64.md5sums
    - /var/lib/dpkg/info/libcap-ng0:arm64.md5sums
    - /var/lib/dpkg/info/libcap2:amd64.md5sums
    - /var/lib/dpkg/info/libcap2:arm64.md5sums
    - /var/lib/dpkg/info/libcc1-0:amd64.md5sums
    - /var/lib/dpkg/info/libcc1-0:arm64.md5sums
    - /var/lib/dpkg/info/libcom-err2:amd64.md5sums
    - /var/lib/dpkg/info/libcom-err2:arm64.md5sums
    - /var/lib/dpkg/info/libcrypt-dev:amd64.md5sums
    - /var/lib/dpkg/info/libcrypt-dev:arm64.md5sums
    - /var/lib/dpkg/info/libcrypt1:amd64.md5sums
    - /var/lib/dpkg/info/libcrypt1:arm64.md5sums
    - /var/lib/dpkg/info/libctf-nobfd0:amd64.md5sums
    - /var/lib/dpkg/info/libctf-nobfd0:arm64.md5sums
    - /var/lib/dpkg/info/libctf0:amd64.md5sums
    - /var/lib/dpkg/info/libctf0:arm64.md5sums
    - /var/lib/dpkg/info/libcurl4:amd64.md5sums
    - /var/lib/dpkg/info/libcurl4:arm64.md5sums
    - /var/lib/dpkg/info/libdav1d6:amd64.md5sums
    - /var/lib/dpkg/info/libdav1d6:arm64.md5sums
    - /var/lib/dpkg/info/libdb5.3:amd64.md5sums
    - /var/lib/dpkg/info/libdb5.3:arm64.md5sums
    - /var/lib/dpkg/info/libdebconfclient0:amd64.md5sums
    - /var/lib/dpkg/info/libdebconfclient0:arm64.md5sums
    - /var/lib/dpkg/info/libdpkg-perl.list
    - /var/lib/dpkg/info/libdpkg-perl.md5sums
    - /var/lib/dpkg/info/libext2fs2:amd64.md5sums
    - /var/lib/dpkg/info/libext2fs2:arm64.md5sums
    - /var/lib/dpkg/info/libffi8:amd64.md5sums
    - /var/lib/dpkg/info/libffi8:arm64.md5sums
    - /var/lib/dpkg/info/libfreetype6:amd64.md5sums
    - /var/lib/dpkg/info/libfreetype6:arm64.md5sums
    - /var/lib/dpkg/info/libgav1-1:amd64.md5sums
    - /var/lib/dpkg/info/libgav1-1:arm64.md5sums
    - /var/lib/dpkg/info/libgcc-12-dev:amd64.md5sums
    - /var/lib/dpkg/info/libgcc-12-dev:arm64.md5sums
    - /var/lib/dpkg/info/libgcc-s1:amd64.md5sums
    - /var/lib/dpkg/info/libgcc-s1:arm64.md5sums
    - /var/lib/dpkg/info/libgcrypt20:amd64.md5sums
    - /var/lib/dpkg/info/libgcrypt20:arm64.md5sums
    - /var/lib/dpkg/info/libgdbm-compat4:amd64.md5sums
    - /var/lib/dpkg/info/libgdbm-compat4:arm64.md5sums
    - /var/lib/dpkg/info/libgdbm6:amd64.md5sums
    - /var/lib/dpkg/info/libgdbm6:arm64.md5sums
    - /var/lib/dpkg/info/libgmp10:amd64.md5sums
    - /var/lib/dpkg/info/libgmp10:arm64.md5sums
    - /var/lib/dpkg/info/libgnutls30:amd64.md5sums
    - /var/lib/dpkg/info/libgnutls30:arm64.md5sums
    - /var/lib/dpkg/info/libgomp1:amd64.md5sums
    - /var/lib/dpkg/info/libgomp1:arm64.md5sums
    - /var/lib/dpkg/info/libgpg-error0:amd64.md5sums
    - /var/lib/dpkg/info/libgpg-error0:arm64.md5sums
    - /var/lib/dpkg/info/libgprofng0:amd64.md5sums
    - /var/lib/dpkg/info/libgprofng0:arm64.md5sums
    - /var/lib/dpkg/info/libgssapi-krb5-2:amd64.md5sums
    - /var/lib/dpkg/info/libgssapi-krb5-2:arm64.md5sums
    - /var/lib/dpkg/info/libhogweed6:amd64.md5sums
    - /var/lib/dpkg/info/libhogweed6:arm64.md5sums
    - /var/lib/dpkg/info/libhwasan0:arm64.md5sums
    - /var/lib/dpkg/info/libicu72:amd64.md5sums
    - /var/lib/dpkg/info/libicu72:arm64.md5sums
    - /var/lib/dpkg/info/libidn2-0:amd64.md5sums
    - /var/lib/dpkg/info/libidn2-0:arm64.md5sums
    - /var/lib/dpkg/info/libisl23:amd64.md5sums
    - /var/lib/dpkg/info/libisl23:arm64.md5sums
    - /var/lib/dpkg/info/libitm1:amd64.md5sums
    - /var/lib/dpkg/info/libitm1:arm64.md5sums
    - /var/lib/dpkg/info/libjansson4:amd64.md5sums
    - /var/lib/dpkg/info/libjansson4:arm64.md5sums
    - /var/lib/dpkg/info/libjpeg62-turbo:amd64.md5sums
    - /var/lib/dpkg/info/libjpeg62-turbo:arm64.md5sums
    - /var/lib/dpkg/info/libk5crypto3:amd64.md5sums
    - /var/lib/dpkg/info/libk5crypto3:arm64.md5sums
    - /var/lib/dpkg/info/libkeyutils1:amd64.md5sums
    - /var/lib/dpkg/info/libkeyutils1:arm64.md5sums
    - /var/lib/dpkg/info/libkrb5-3:amd64.md5sums
    - /var/lib/dpkg/info/libkrb5-3:arm64.md5sums
    - /var/lib/dpkg/info/libkrb5support0:amd64.md5sums
    - /var/lib/dpkg/info/libkrb5support0:arm64.md5sums
    - /var/lib/dpkg/info/libldap-2.5-0:amd64.md5sums
    - /var/lib/dpkg/info/libldap-2.5-0:arm64.md5sums
    - /var/lib/dpkg/info/liblsan0:amd64.md5sums
    - /var/lib/dpkg/info/liblsan0:arm64.md5sums
    - /var/lib/dpkg/info/liblz4-1:amd64.md5sums
    - /var/lib/dpkg/info/liblz4-1:arm64.md5sums
    - /var/lib/dpkg/info/liblzma5:amd64.md5sums
    - /var/lib/dpkg/info/liblzma5:arm64.md5sums
    - /var/lib/dpkg/info/libmagic-mgc.list
    - /var/lib/dpkg/info/libmagic-mgc.md5sums
    - /var/lib/dpkg/info/libmagic1:amd64.conffiles
    - /var/lib/dpkg/info/libmagic1:amd64.md5sums
    - /var/lib/dpkg/info/libmagic1:arm64.conffiles
    - /var/lib/dpkg/info/libmagic1:arm64.md5sums
    - /var/lib/dpkg/info/libmd0:amd64.md5sums
    - /var/lib/dpkg/info/libmd0:arm64.md5sums
    - /var/lib/dpkg/info/libmount1:amd64.md5sums
    - /var/lib/dpkg/info/libmount1:arm64.md5sums
    - /var/lib/dpkg/info/libmpc3:amd64.md5sums
    - /var/lib/dpkg/info/libmpc3:arm64.md5sums
    - /var/lib/dpkg/info/libmpfr6:amd64.md5sums
    - /var/lib/dpkg/info/libmpfr6:arm64.md5sums
    - /var/lib/dpkg/info/libnettle8:amd64.md5sums
    - /var/lib/dpkg/info/libnettle8:arm64.md5sums
    - /var/lib/dpkg/info/libnghttp2-14:amd64.md5sums
    - /var/lib/dpkg/info/libnghttp2-14:arm64.md5sums
    - /var/lib/dpkg/info/libnsl-dev:amd64.md5sums
    - /var/lib/dpkg/info/libnsl-dev:arm64.md5sums
    - /var/lib/dpkg/info/libnsl2:amd64.md5sums
    - /var/lib/dpkg/info/libnsl2:arm64.md5sums
    - /var/lib/dpkg/info/libonig5:amd64.md5sums
    - /var/lib/dpkg/info/libonig5:arm64.md5sums
    - /var/lib/dpkg/info/libp11-kit0:amd64.md5sums
    - /var/lib/dpkg/info/libp11-kit0:arm64.md5sums
    - /var/lib/dpkg/info/libpam-modules-bin.list
    - /var/lib/dpkg/info/libpam-modules-bin.md5sums
    - /var/lib/dpkg/info/libpam-modules:amd64.conffiles
    - /var/lib/dpkg/info/libpam-modules:amd64.md5sums
    - /var/lib/dpkg/info/libpam-modules:arm64.conffiles
    - /var/lib/dpkg/info/libpam-modules:arm64.md5sums
    - /var/lib/dpkg/info/libpam-runtime.conffiles
    - /var/lib/dpkg/info/libpam-runtime.list
    - /var/lib/dpkg/info/libpam-runtime.md5sums
    - /var/lib/dpkg/info/libpam-runtime.postinst
    - /var/lib/dpkg/info/libpam-runtime.postrm
    - /var/lib/dpkg/info/libpam-runtime.prerm
    - /var/lib/dpkg/info/libpam-runtime.templates
    - /var/lib/dpkg/info/libpam0g:amd64.md5sums
    - /var/lib/dpkg/info/libpam0g:arm64.md5sums
    - /var/lib/dpkg/info/libpcre2-8-0:amd64.md5sums
    - /var/lib/dpkg/info/libpcre2-8-0:arm64.md5sums
    - /var/lib/dpkg/info/libperl5.36:amd64.md5sums
    - /var/lib/dpkg/info/libperl5.36:arm64.md5sums
    - /var/lib/dpkg/info/libpkgconf3:amd64.md5sums
    - /var/lib/dpkg/info/libpkgconf3:arm64.md5sums
    - /var/lib/dpkg/info/libpng16-16:amd64.md5sums
    - /var/lib/dpkg/info/libpng16-16:arm64.md5sums
    - /var/lib/dpkg/info/libpq5:amd64.md5sums
    - /var/lib/dpkg/info/libpq5:arm64.md5sums
    - /var/lib/dpkg/info/libpsl5:amd64.md5sums
    - /var/lib/dpkg/info/libpsl5:arm64.md5sums
    - /var/lib/dpkg/info/libquadmath0:amd64.md5sums
    - /var/lib/dpkg/info/librav1e0:amd64.md5sums
    - /var/lib/dpkg/info/librav1e0:arm64.md5sums
    - /var/lib/dpkg/info/libreadline8:amd64.md5sums
    - /var/lib/dpkg/info/libreadline8:arm64.md5sums
    - /var/lib/dpkg/info/librtmp1:amd64.md5sums
    - /var/lib/dpkg/info/librtmp1:arm64.md5sums
    - /var/lib/dpkg/info/libsasl2-2:amd64.md5sums
    - /var/lib/dpkg/info/libsasl2-2:arm64.md5sums
    - /var/lib/dpkg/info/libsasl2-modules-db:amd64.md5sums
    - /var/lib/dpkg/info/libsasl2-modules-db:arm64.md5sums
    - /var/lib/dpkg/info/libseccomp2:amd64.md5sums
    - /var/lib/dpkg/info/libseccomp2:arm64.md5sums
    - /var/lib/dpkg/info/libselinux1:amd64.md5sums
    - /var/lib/dpkg/info/libselinux1:arm64.md5sums
    - /var/lib/dpkg/info/libsemanage-common.conffiles
    - /var/lib/dpkg/info/libsemanage-common.list
    - /var/lib/dpkg/info/libsemanage-common.md5sums
    - /var/lib/dpkg/info/libsemanage2:amd64.md5sums
    - /var/lib/dpkg/info/libsemanage2:arm64.md5sums
    - /var/lib/dpkg/info/libsepol2:amd64.md5sums
    - /var/lib/dpkg/info/libsepol2:arm64.md5sums
    - /var/lib/dpkg/info/libsmartcols1:amd64.md5sums
    - /var/lib/dpkg/info/libsmartcols1:arm64.md5sums
    - /var/lib/dpkg/info/libsodium23:amd64.md5sums
    - /var/lib/dpkg/info/libsodium23:arm64.md5sums
    - /var/lib/dpkg/info/libsqlite3-0:amd64.md5sums
    - /var/lib/dpkg/info/libsqlite3-0:arm64.md5sums
    - /var/lib/dpkg/info/libss2:amd64.md5sums
    - /var/lib/dpkg/info/libss2:arm64.md5sums
    - /var/lib/dpkg/info/libssh2-1:amd64.md5sums
    - /var/lib/dpkg/info/libssh2-1:arm64.md5sums
    - /var/lib/dpkg/info/libssl3:amd64.md5sums
    - /var/lib/dpkg/info/libssl3:arm64.md5sums
    - /var/lib/dpkg/info/libstdc++6:amd64.md5sums
    - /var/lib/dpkg/info/libstdc++6:arm64.md5sums
    - /var/lib/dpkg/info/libsvtav1enc1:amd64.md5sums
    - /var/lib/dpkg/info/libsvtav1enc1:arm64.md5sums
    - /var/lib/dpkg/info/libsystemd0:amd64.md5sums
    - /var/lib/dpkg/info/libsystemd0:arm64.md5sums
    - /var/lib/dpkg/info/libtasn1-6:amd64.md5sums
    - /var/lib/dpkg/info/libtasn1-6:arm64.md5sums
    - /var/lib/dpkg/info/libtinfo6:amd64.md5sums
    - /var/lib/dpkg/info/libtinfo6:arm64.md5sums
    - /var/lib/dpkg/info/libtirpc-common.conffiles
    - /var/lib/dpkg/info/libtirpc-common.list
    - /var/lib/dpkg/info/libtirpc-common.md5sums
    - /var/lib/dpkg/info/libtirpc-dev:amd64.md5sums
    - /var/lib/dpkg/info/libtirpc-dev:arm64.md5sums
    - /var/lib/dpkg/info/libtirpc3:amd64.md5sums
    - /var/lib/dpkg/info/libtirpc3:arm64.md5sums
    - /var/lib/dpkg/info/libtsan2:amd64.md5sums
    - /var/lib/dpkg/info/libtsan2:arm64.md5sums
    - /var/lib/dpkg/info/libubsan1:amd64.md5sums
    - /var/lib/dpkg/info/libubsan1:arm64.md5sums
    - /var/lib/dpkg/info/libudev1:amd64.md5sums
    - /var/lib/dpkg/info/libudev1:arm64.md5sums
    - /var/lib/dpkg/info/libunistring2:amd64.md5sums
    - /var/lib/dpkg/info/libunistring2:arm64.md5sums
    - /var/lib/dpkg/info/libuuid1:amd64.md5sums
    - /var/lib/dpkg/info/libuuid1:arm64.md5sums
    - /var/lib/dpkg/info/libwebp7:amd64.md5sums
    - /var/lib/dpkg/info/libwebp7:arm64.md5sums
    - /var/lib/dpkg/info/libx11-6:amd64.md5sums
    - /var/lib/dpkg/info/libx11-6:arm64.md5sums
    - /var/lib/dpkg/info/libx11-data.list
    - /var/lib/dpkg/info/libx11-data.md5sums
    - /var/lib/dpkg/info/libxau6:amd64.md5sums
    - /var/lib/dpkg/info/libxau6:arm64.md5sums
    - /var/lib/dpkg/info/libxcb1:amd64.md5sums
    - /var/lib/dpkg/info/libxcb1:arm64.md5sums
    - /var/lib/dpkg/info/libxdmcp6:amd64.md5sums
    - /var/lib/dpkg/info/libxdmcp6:arm64.md5sums
    - /var/lib/dpkg/info/libxml2:amd64.md5sums
    - /var/lib/dpkg/info/libxml2:arm64.md5sums
    - /var/lib/dpkg/info/libxpm4:amd64.md5sums
    - /var/lib/dpkg/info/libxpm4:arm64.md5sums
    - /var/lib/dpkg/info/libxxhash0:amd64.md5sums
    - /var/lib/dpkg/info/libxxhash0:arm64.md5sums
    - /var/lib/dpkg/info/libyuv0:amd64.md5sums
    - /var/lib/dpkg/info/libyuv0:arm64.md5sums
    - /var/lib/dpkg/info/libzip4:amd64.md5sums
    - /var/lib/dpkg/info/libzip4:arm64.md5sums
    - /var/lib/dpkg/info/libzstd1:amd64.md5sums
    - /var/lib/dpkg/info/libzstd1:arm64.md5sums
    - /var/lib/dpkg/info/login.conffiles
    - /var/lib/dpkg/info/login.list
    - /var/lib/dpkg/info/login.md5sums
    - /var/lib/dpkg/info/login.postinst
    - /var/lib/dpkg/info/login.postrm
    - /var/lib/dpkg/info/login.preinst
    - /var/lib/dpkg/info/login.prerm
    - /var/lib/dpkg/info/logsave.list
    - /var/lib/dpkg/info/logsave.md5sums
    - /var/lib/dpkg/info/mailcap.conffiles
    - /var/lib/dpkg/info/mailcap.list
    - /var/lib/dpkg/info/mailcap.md5sums
    - /var/lib/dpkg/info/mailcap.postinst
    - /var/lib/dpkg/info/mailcap.prerm
    - /var/lib/dpkg/info/mailcap.triggers
    - /var/lib/dpkg/info/mawk.list
    - /var/lib/dpkg/info/mawk.md5sums
    - /var/lib/dpkg/info/mawk.postinst
    - /var/lib/dpkg/info/mawk.prerm
    - /var/lib/dpkg/info/media-types.conffiles
    - /var/lib/dpkg/info/media-types.list
    - /var/lib/dpkg/info/media-types.md5sums
    - /var/lib/dpkg/info/mount.list
    - /var/lib/dpkg/info/mount.md5sums
    - /var/lib/dpkg/info/ncurses-base.conffiles
    - /var/lib/dpkg/info/ncurses-base.list
    - /var/lib/dpkg/info/ncurses-base.md5sums
    - /var/lib/dpkg/info/ncurses-bin.list
    - /var/lib/dpkg/info/ncurses-bin.md5sums
    - /var/lib/dpkg/info/nginx.conffiles
    - /var/lib/dpkg/info/nginx.list
    - /var/lib/dpkg/info/nginx.md5sums
    - /var/lib/dpkg/info/nginx.postinst
    - /var/lib/dpkg/info/nginx.postrm
    - /var/lib/dpkg/info/nginx.preinst
    - /var/lib/dpkg/info/nginx.prerm
    - /var/lib/dpkg/info/openssl.conffiles
    - /var/lib/dpkg/info/openssl.list
    - /var/lib/dpkg/info/openssl.md5sums
    - /var/lib/dpkg/info/openssl.postinst
    - /var/lib/dpkg/info/passwd.conffiles
    - /var/lib/dpkg/info/passwd.list
    - /var/lib/dpkg/info/passwd.md5sums
    - /var/lib/dpkg/info/passwd.postinst
    - /var/lib/dpkg/info/passwd.postrm
    - /var/lib/dpkg/info/passwd.preinst
    - /var/lib/dpkg/info/passwd.prerm
    - /var/lib/dpkg/info/perl-base.list
    - /var/lib/dpkg/info/perl-base.md5sums
    - /var/lib/dpkg/info/perl-base.postinst
    - /var/lib/dpkg/info/perl-base.postrm
    - /var/lib/dpkg/info/perl-base.preinst
    - /var/lib/dpkg/info/perl-base.prerm
    - /var/lib/dpkg/info/perl-modules-5.36.list
    - /var/lib/dpkg/info/perl-modules-5.36.md5sums
    - /var/lib/dpkg/info/perl.conffiles
    - /var/lib/dpkg/info/perl.list
    - /var/lib/dpkg/info/perl.md5sums
    - /var/lib/dpkg/info/perl.postinst
    - /var/lib/dpkg/info/perl.postrm
    - /var/lib/dpkg/info/perl.preinst
    - /var/lib/dpkg/info/perl.prerm
    - /var/lib/dpkg/info/pkg-config:amd64.conffiles
    - /var/lib/dpkg/info/pkg-config:amd64.md5sums
    - /var/lib/dpkg/info/pkg-config:arm64.conffiles
    - /var/lib/dpkg/info/pkg-config:arm64.md5sums
    - /var/lib/dpkg/info/pkgconf-bin.list
    - /var/lib/dpkg/info/pkgconf-bin.md5sums
    - /var/lib/dpkg/info/pkgconf:amd64.conffiles
    - /var/lib/dpkg/info/pkgconf:amd64.md5sums
    - /var/lib/dpkg/info/pkgconf:arm64.conffiles
    - /var/lib/dpkg/info/pkgconf:arm64.md5sums
    - /var/lib/dpkg/info/readline-common.list
    - /var/lib/dpkg/info/readline-common.md5sums
    - /var/lib/dpkg/info/readline-common.postinst
    - /var/lib/dpkg/info/readline-common.postrm
    - /var/lib/dpkg/info/rpcsvc-proto.list
    - /var/lib/dpkg/info/rpcsvc-proto.md5sums
    - /var/lib/dpkg/info/sed.list
    - /var/lib/dpkg/info/sed.md5sums
    - /var/lib/dpkg/info/sysvinit-utils.list
    - /var/lib/dpkg/info/sysvinit-utils.md5sums
    - /var/lib/dpkg/info/tar.list
    - /var/lib/dpkg/info/tar.md5sums
    - /var/lib/dpkg/info/tar.postinst
    - /var/lib/dpkg/info/tar.prerm
    - /var/lib/dpkg/info/tini.list
    - /var/lib/dpkg/info/tini.md5sums
    - /var/lib/dpkg/info/tzdata.config
    - /var/lib/dpkg/info/tzdata.list
    - /var/lib/dpkg/info/tzdata.md5sums
    - /var/lib/dpkg/info/tzdata.postinst
    - /var/lib/dpkg/info/tzdata.postrm
    - /var/lib/dpkg/info/tzdata.preinst
    - /var/lib/dpkg/info/tzdata.prerm
    - /var/lib/dpkg/info/tzdata.templates
    - /var/lib/dpkg/info/usr-is-merged.list
    - /var/lib/dpkg/info/usr-is-merged.md5sums
    - /var/lib/dpkg/info/usr-is-merged.postinst
    - /var/lib/dpkg/info/usr-is-merged.preinst
    - /var/lib/dpkg/info/util-linux-extra.conffiles
    - /var/lib/dpkg/info/util-linux-extra.list
    - /var/lib/dpkg/info/util-linux-extra.md5sums
    - /var/lib/dpkg/info/util-linux-extra.postinst
    - /var/lib/dpkg/info/util-linux-extra.postrm
    - /var/lib/dpkg/info/util-linux-extra.preinst
    - /var/lib/dpkg/info/util-linux.conffiles
    - /var/lib/dpkg/info/util-linux.list
    - /var/lib/dpkg/info/util-linux.md5sums
    - /var/lib/dpkg/info/util-linux.postinst
    - /var/lib/dpkg/info/util-linux.postrm
    - /var/lib/dpkg/info/util-linux.prerm
    - /var/lib/dpkg/info/xz-utils.list
    - /var/lib/dpkg/info/xz-utils.md5sums
    - /var/lib/dpkg/info/xz-utils.postinst
    - /var/lib/dpkg/info/xz-utils.prerm
    - /var/lib/dpkg/info/zlib1g:amd64.md5sums
    - /var/lib/dpkg/info/zlib1g:arm64.md5sums
    - /var/lib/dpkg/status
    - Structures_Graph@1.2.0
    - alpine@3.23.5
    - bcmath@8.3.32
    - bcmath@8.3.33
    - bcmath@8.4.23
    - bcmath@8.4.24
    - caddy@v0.0.0-20260601193502-e2eee6a7fce3
    - cel.dev/expr@v0.25.1
    - cel.dev/expr@v0.25.2
    - cloud.google.com/go/auth/oauth2adapt@v0.2.8
    - cloud.google.com/go/auth@v0.20.0
    - cloud.google.com/go/compute/metadata@v0.9.0
    - dario.cat/mergo@v1.0.2
    - debian@12
    - filippo.io/bigmod@v0.1.0
    - filippo.io/edwards25519@v1.2.0
    - gd@8.3.32
    - gd@8.3.33
    - gd@8.4.23
    - gd@8.4.24
    - ghcr.io/zenchron-dynamics/foundry-staging@sha256:0dd4b80108f81fcf4dca4c6c98924b7fef913a186c9f92231579d442cd2b9858
    - ghcr.io/zenchron-dynamics/foundry-staging@sha256:124887dda8667be5a26711c675af7b466fd98c4a4a63d2fb93fb06053cb75d23
    - ghcr.io/zenchron-dynamics/foundry-staging@sha256:2a0775971ea58491207e6287ce8897133e22bab2b36053bf515d2e55fbfe01d2
    - ghcr.io/zenchron-dynamics/foundry-staging@sha256:2daeb138033eb251a9a83fc4f0eb01a76aacebb6aab3c11d6ca1c08036225603
    - ghcr.io/zenchron-dynamics/foundry-staging@sha256:33aaa754c4c60eebce844411e5eb334cee53d07045ba564a04058081d5ea39db
    - ghcr.io/zenchron-dynamics/foundry-staging@sha256:384c166402dad573ea2b616ef0af6e40d9b15bd9371193ca6244f0241fccacd8
    - ghcr.io/zenchron-dynamics/foundry-staging@sha256:5188a56952b0d5c610255bd5945aef14ab39d168b116738109a2048516d9b934
    - ghcr.io/zenchron-dynamics/foundry-staging@sha256:54992c07f9dc27e5bff59bd413f19f2416014537f3dc9f782d5a90833dd6edcb
    - ghcr.io/zenchron-dynamics/foundry-staging@sha256:5e0f95bdd570c181e21d0d6ef837d27de9658f92aecab40c2d4dc548a3ca24dd
    - ghcr.io/zenchron-dynamics/foundry-staging@sha256:6e885b182b8082fa8a76bcc4d465094caa3725be5acf3216b3dc88e590222a76
    - ghcr.io/zenchron-dynamics/foundry-staging@sha256:7627fae4d7b144c94e95e4863deb9a99195bbfb46d840673e75b4b328c1b0d64
    - ghcr.io/zenchron-dynamics/foundry-staging@sha256:8eab0f293935f717f07a33906aa4ea060acfcf75f21395219d5208adfda0ff6b
    - ghcr.io/zenchron-dynamics/foundry-staging@sha256:9a598e747d4710492a0be60dfff422cc08db5d193e0980cdf235e53736584988
    - ghcr.io/zenchron-dynamics/foundry-staging@sha256:abbb0bec12d80d26878811b1a487dd5c1962103a94d043fd313fa7b99639159f
    - ghcr.io/zenchron-dynamics/foundry-staging@sha256:ae52345c2851b896f981f67f451f18cb14b409a9c0f71df2546be78561e54ec8
    - ghcr.io/zenchron-dynamics/foundry-staging@sha256:bea8ee4d6033b56ad3bd8621284e4d1298ca5b477469423ad02934bade02cf0b
    - ghcr.io/zenchron-dynamics/foundry-staging@sha256:bf8e662ddcfc986b9a859217adf7e826e3f1d186914f8bf3a36cf9c5eee82828
    - ghcr.io/zenchron-dynamics/foundry-staging@sha256:ca9acdf0adc5179d80d712cedc141d810bf719e8db692c4c527557ba50b89d46
    - ghcr.io/zenchron-dynamics/foundry-staging@sha256:d35023c581faa639999878e3e48c8a187ed66611cac80bda5a97bdcc738037ba
    - ghcr.io/zenchron-dynamics/foundry-staging@sha256:f42f06b143c7ff154e0c055076864871b9962ca6a7eec540eab6454e7b65f43b
    - github.com/BurntSushi/toml@v1.6.0
    - github.com/DeRuina/timberjack@v1.4.2
    - github.com/DeRuina/timberjack@v1.4.5
    - github.com/KimMachineGun/automemlimit@v0.7.5
    - github.com/Masterminds/goutils@v1.1.1
    - github.com/Masterminds/semver/v3@v3.4.0
    - github.com/Masterminds/semver/v3@v3.5.0
    - github.com/Masterminds/sprig/v3@v3.3.0
    - github.com/MauriceGit/skiplist@v0.0.0-20211105230623-77f5c8d3e145
    - github.com/MicahParks/jwkset@v0.11.0
    - github.com/MicahParks/keyfunc/v3@v3.8.0
    - github.com/RoaringBitmap/roaring/v2@v2.24.0
    - github.com/alecthomas/chroma/v2@v2.24.1
    - github.com/alecthomas/chroma/v2@v2.26.1
    - github.com/antlr4-go/antlr/v4@v4.13.1
    - github.com/aryann/difflib@v0.0.0-20210328193216-ff5ff6dc229b
    - github.com/beorn7/perks@v1.0.1
    - github.com/bits-and-blooms/bitset@v1.24.6
    - github.com/caddyserver/caddy/v2@v2.11.4
    - github.com/caddyserver/certmagic@v0.25.3
    - github.com/caddyserver/certmagic@v0.25.4
    - github.com/caddyserver/zerossl@v0.1.5
    - github.com/ccoveille/go-safecast/v2@v2.0.0
    - github.com/ccoveille/go-safecast/v2@v2.0.1
    - github.com/cenkalti/backoff/v5@v5.0.3
    - github.com/cespare/xxhash/v2@v2.3.0
    - github.com/chzyer/readline@v1.5.1
    - github.com/cloudflare/circl@v1.6.3
    - github.com/coreos/go-oidc/v3@v3.17.0
    - github.com/coreos/go-oidc/v3@v3.18.0
    - github.com/cpuguy83/go-md2man/v2@v2.0.7
    - github.com/davecgh/go-spew@v1.1.2-0.20180830191138-d8f796af33cc
    - github.com/dlclark/regexp2/v2@v2.1.1
    - github.com/dlclark/regexp2@v1.12.0
    - github.com/dunglas/caddy-cbrotli@v1.0.1
    - github.com/dunglas/frankenphp/caddy@v0.0.0-20260806145936-a765b086f5cc
    - github.com/dunglas/httpsfv@v1.1.0
    - github.com/dunglas/mercure/caddy@v0.24.2
    - github.com/dunglas/mercure@v0.24.2
    - github.com/dunglas/skipfilter@v1.0.0
    - github.com/dunglas/vulcain/caddy@v1.4.2
    - github.com/dunglas/vulcain@v1.4.2
    - github.com/dustin/go-humanize@v1.0.1
    - github.com/e-dant/watcher@v0.0.0-20260223030516-06f84a1314be
    - github.com/felixge/httpsnoop@v1.0.4
    - github.com/felixge/httpsnoop@v1.1.0
    - github.com/fxamacker/cbor/v2@v2.9.0
    - github.com/fxamacker/cbor/v2@v2.9.2
    - github.com/getkin/kin-openapi@v0.140.0
    - github.com/go-chi/chi/v5@v5.2.5
    - github.com/go-chi/chi/v5@v5.3.0
    - github.com/go-jose/go-jose/v3@v3.0.5
    - github.com/go-jose/go-jose/v4@v4.1.4
    - github.com/go-logr/logr@v1.4.3
    - github.com/go-logr/logr@v1.4.4
    - github.com/go-logr/stdr@v1.2.2
    - github.com/go-openapi/jsonpointer@v0.23.1
    - github.com/go-openapi/swag/jsonname@v0.26.0
    - github.com/gofrs/uuid/v5@v5.5.1
    - github.com/gofrs/uuid@v4.4.0+incompatible
    - github.com/golang-jwt/jwt/v5@v5.3.1
    - github.com/google/brotli/go/cbrotli@v1.1.0
    - github.com/google/cel-go@v0.28.1
    - github.com/google/certificate-transparency-go@v1.1.8-0.20240110162603-74a5dd331745
    - github.com/google/certificate-transparency-go@v1.3.3
    - github.com/google/go-tpm@v0.9.8
    - github.com/google/go-tspi@v0.3.0
    - github.com/google/s2a-go@v0.1.9
    - github.com/google/uuid@v1.6.0
    - github.com/googleapis/enterprise-certificate-proxy@v0.3.15
    - github.com/googleapis/enterprise-certificate-proxy@v0.3.16
    - github.com/googleapis/gax-go/v2@v2.22.0
    - github.com/gorilla/handlers@v1.5.2
    - github.com/gorilla/mux@v1.8.1
    - github.com/grpc-ecosystem/grpc-gateway/v2@v2.28.0
    - github.com/grpc-ecosystem/grpc-gateway/v2@v2.29.0
    - github.com/huandu/xstrings@v1.5.0
    - github.com/klauspost/compress@v1.18.6
    - github.com/klauspost/compress@v1.19.1
    - github.com/klauspost/cpuid/v2@v2.3.0
    - github.com/libdns/libdns@v1.1.1
    - github.com/manifoldco/promptui@v0.9.0
    - github.com/mattn/go-colorable@v0.1.14
    - github.com/mattn/go-colorable@v0.1.15
    - github.com/mattn/go-isatty@v0.0.20
    - github.com/mattn/go-isatty@v0.0.22
    - github.com/maypok86/otter/v2@v2.3.0
    - github.com/mgutz/ansi@v0.0.0-20200706080929-d51e80ef957d
    - github.com/mholt/acmez/v3@v3.1.6
    - github.com/miekg/dns@v1.1.72
    - github.com/mitchellh/copystructure@v1.2.0
    - github.com/mitchellh/go-ps@v1.0.0
    - github.com/mitchellh/reflectwalk@v1.0.2
    - github.com/mschoch/smat@v0.2.0
    - github.com/munnerz/goautoneg@v0.0.0-20191010083416-a7dc8b61c822
    - github.com/oasdiff/yaml3@v0.0.13
    - github.com/oasdiff/yaml@v0.1.0
    - github.com/pbnjay/memory@v0.0.0-20210728143218-7b4eea64cf58
    - github.com/pires/go-proxyproto@v0.12.0
    - github.com/pkg/errors@v0.9.1
    - github.com/pmezard/go-difflib@v1.0.1-0.20181226105442-5d4384ee4fb2
    - github.com/prometheus/client_golang@v1.23.2
    - github.com/prometheus/client_golang@v1.24.1
    - github.com/prometheus/client_model@v0.6.2
    - github.com/prometheus/common@v0.67.5
    - github.com/prometheus/common@v0.70.1
    - github.com/prometheus/otlptranslator@v1.0.0
    - github.com/prometheus/procfs@v0.20.1
    - github.com/prometheus/procfs@v0.21.1
    - github.com/quic-go/qpack@v0.6.0
    - github.com/quic-go/quic-go@v0.59.1
    - github.com/rs/cors@v1.11.1
    - github.com/rs/xid@v1.6.0
    - github.com/russross/blackfriday/v2@v2.1.0
    - github.com/santhosh-tekuri/jsonschema/v6@v6.0.2
    - github.com/shopspring/decimal@v1.4.0
    - github.com/shurcooL/sanitized_anchor_name@v1.0.0
    - github.com/sirupsen/logrus@v1.9.4
    - github.com/slackhq/nebula@v1.10.3
    - github.com/smallstep/certificates@v0.30.2
    - github.com/smallstep/cli-utils@v0.12.2
    - github.com/smallstep/go-attestation@v0.4.4-0.20241119153605-2306d5b464ca
    - github.com/smallstep/go-attestation@v0.4.9
    - github.com/smallstep/linkedca@v0.25.0
    - github.com/smallstep/nosql@v0.8.0
    - github.com/smallstep/pkcs7@v0.2.1
    - github.com/smallstep/scep@v0.0.0-20250318231241-a25cabb69492
    - github.com/smallstep/scep@v0.0.0-20260331191114-261f960a40d1
    - github.com/smallstep/truststore@v0.13.0
    - github.com/spf13/cast@v1.10.0
    - github.com/spf13/cast@v1.7.0
    - github.com/spf13/cobra@v1.10.2
    - github.com/spf13/pflag@v1.0.10
    - github.com/stretchr/testify@v1.11.1
    - github.com/tailscale/tscert@v0.0.0-20251216020129-aea342f6d747
    - github.com/tidwall/gjson@v1.19.0
    - github.com/tidwall/match@v1.2.0
    - github.com/tidwall/pretty@v1.2.1
    - github.com/tidwall/sjson@v1.2.5
    - github.com/unrolled/secure@v1.17.0
    - github.com/urfave/cli@v1.22.17
    - github.com/x448/float16@v0.8.4
    - github.com/yosida95/uritemplate/v3@v3.0.2
    - github.com/yuin/goldmark-highlighting/v2@v2.0.0-20230729083705-37449abec8cc
    - github.com/yuin/goldmark@v1.8.2
    - github.com/zeebo/blake3@v0.2.4
    - go.etcd.io/bbolt@v1.4.3
    - go.etcd.io/bbolt@v1.5.0
    - go.opentelemetry.io/auto/sdk@v1.2.1
    - go.opentelemetry.io/contrib/bridges/prometheus@v0.68.0
    - go.opentelemetry.io/contrib/bridges/prometheus@v0.69.0
    - go.opentelemetry.io/contrib/exporters/autoexport@v0.68.0
    - go.opentelemetry.io/contrib/exporters/autoexport@v0.69.0
    - go.opentelemetry.io/contrib/instrumentation/net/http/otelhttp@v0.68.0
    - go.opentelemetry.io/contrib/instrumentation/net/http/otelhttp@v0.69.0
    - go.opentelemetry.io/contrib/propagators/autoprop@v0.68.0
    - go.opentelemetry.io/contrib/propagators/autoprop@v0.69.0
    - go.opentelemetry.io/contrib/propagators/aws@v1.43.0
    - go.opentelemetry.io/contrib/propagators/aws@v1.44.0
    - go.opentelemetry.io/contrib/propagators/b3@v1.43.0
    - go.opentelemetry.io/contrib/propagators/b3@v1.44.0
    - go.opentelemetry.io/contrib/propagators/jaeger@v1.43.0
    - go.opentelemetry.io/contrib/propagators/jaeger@v1.44.0
    - go.opentelemetry.io/contrib/propagators/ot@v1.43.0
    - go.opentelemetry.io/contrib/propagators/ot@v1.44.0
    - go.opentelemetry.io/otel/exporters/otlp/otlplog/otlploggrpc@v0.19.0
    - go.opentelemetry.io/otel/exporters/otlp/otlplog/otlploggrpc@v0.20.0
    - go.opentelemetry.io/otel/exporters/otlp/otlplog/otlploghttp@v0.19.0
    - go.opentelemetry.io/otel/exporters/otlp/otlplog/otlploghttp@v0.20.0
    - go.opentelemetry.io/otel/exporters/otlp/otlpmetric/otlpmetricgrpc@v1.43.0
    - go.opentelemetry.io/otel/exporters/otlp/otlpmetric/otlpmetricgrpc@v1.44.0
    - go.opentelemetry.io/otel/exporters/otlp/otlpmetric/otlpmetrichttp@v1.43.0
    - go.opentelemetry.io/otel/exporters/otlp/otlpmetric/otlpmetrichttp@v1.44.0
    - go.opentelemetry.io/otel/exporters/otlp/otlptrace/otlptracegrpc@v1.43.0
    - go.opentelemetry.io/otel/exporters/otlp/otlptrace/otlptracegrpc@v1.44.0
    - go.opentelemetry.io/otel/exporters/otlp/otlptrace/otlptracehttp@v1.43.0
    - go.opentelemetry.io/otel/exporters/otlp/otlptrace/otlptracehttp@v1.44.0
    - go.opentelemetry.io/otel/exporters/otlp/otlptrace@v1.43.0
    - go.opentelemetry.io/otel/exporters/otlp/otlptrace@v1.44.0
    - go.opentelemetry.io/otel/exporters/prometheus@v0.65.0
    - go.opentelemetry.io/otel/exporters/prometheus@v0.66.0
    - go.opentelemetry.io/otel/exporters/stdout/stdoutlog@v0.19.0
    - go.opentelemetry.io/otel/exporters/stdout/stdoutlog@v0.20.0
    - go.opentelemetry.io/otel/exporters/stdout/stdoutmetric@v1.43.0
    - go.opentelemetry.io/otel/exporters/stdout/stdoutmetric@v1.44.0
    - go.opentelemetry.io/otel/exporters/stdout/stdouttrace@v1.43.0
    - go.opentelemetry.io/otel/exporters/stdout/stdouttrace@v1.44.0
    - go.opentelemetry.io/otel/log@v0.19.0
    - go.opentelemetry.io/otel/log@v0.20.0
    - go.opentelemetry.io/otel/metric@v1.43.0
    - go.opentelemetry.io/otel/metric@v1.45.0
    - go.opentelemetry.io/otel/sdk/log@v0.19.0
    - go.opentelemetry.io/otel/sdk/log@v0.20.0
    - go.opentelemetry.io/otel/sdk/metric@v1.43.0
    - go.opentelemetry.io/otel/sdk/metric@v1.44.0
    - go.opentelemetry.io/otel/sdk@v1.43.0
    - go.opentelemetry.io/otel/sdk@v1.44.0
    - go.opentelemetry.io/otel/trace@v1.43.0
    - go.opentelemetry.io/otel/trace@v1.45.0
    - go.opentelemetry.io/otel@v1.43.0
    - go.opentelemetry.io/otel@v1.45.0
    - go.opentelemetry.io/proto/otlp@v1.10.0
    - go.step.sm/crypto@v0.81.0
    - go.step.sm/crypto@v0.81.1
    - go.uber.org/automaxprocs@v1.6.0
    - go.uber.org/multierr@v1.11.0
    - go.uber.org/zap/exp@v0.3.0
    - go.uber.org/zap@v1.28.0
    - go.yaml.in/yaml/v2@v2.4.4
    - go.yaml.in/yaml/v3@v3.0.4
    - go.yaml.in/yaml/v3@v3.0.5
    - golang.org/x/crypto/x509roots/fallback@v0.0.0-20260213171211-a408498e5541
    - golang.org/x/crypto/x509roots/fallback@v0.0.0-20260602072539-e2ffffe738fb
    - golang.org/x/crypto@v0.52.0
    - golang.org/x/crypto@v0.54.0
    - golang.org/x/exp@v0.0.0-20251023183803-a4bb9ffd2546
    - golang.org/x/exp@v0.0.0-20260529124908-c761662dc8c9
    - golang.org/x/net@v0.55.0
    - golang.org/x/net@v0.57.0
    - golang.org/x/oauth2@v0.36.0
    - golang.org/x/sync@v0.20.0
    - golang.org/x/sync@v0.22.0
    - golang.org/x/sys@v0.45.0
    - golang.org/x/sys@v0.47.0
    - golang.org/x/term@v0.43.0
    - golang.org/x/term@v0.45.0
    - golang.org/x/text@v0.37.0
    - golang.org/x/text@v0.40.0
    - golang.org/x/time@v0.15.0
    - google.golang.org/api@v0.277.0
    - google.golang.org/api@v0.283.0
    - google.golang.org/genproto/googleapis/api@v0.0.0-20260406210006-6f92a3bedf2d
    - google.golang.org/genproto/googleapis/api@v0.0.0-20260526163538-3dc84a4a5aaa
    - google.golang.org/genproto/googleapis/rpc@v0.0.0-20260427160629-7cedc36a6bc4
    - google.golang.org/genproto/googleapis/rpc@v0.0.0-20260526163538-3dc84a4a5aaa
    - google.golang.org/grpc@v1.81.0
    - google.golang.org/grpc@v1.81.1
    - google.golang.org/protobuf@v1.36.11
    - gopkg.in/yaml.v3@v3.0.1
    - intl@8.3.32
    - intl@8.3.33
    - intl@8.4.23
    - intl@8.4.24
    - opcache@8.3.32
    - opcache@8.3.33
    - opcache@8.4.23
    - opcache@8.4.24
    - pcntl@8.3.32
    - pcntl@8.3.33
    - pcntl@8.4.23
    - pcntl@8.4.24
    - pdo_mysql@8.3.32
    - pdo_mysql@8.3.33
    - pdo_mysql@8.4.23
    - pdo_mysql@8.4.24
    - pdo_pgsql@8.3.32
    - pdo_pgsql@8.3.33
    - pdo_pgsql@8.4.23
    - pdo_pgsql@8.4.24
    - pgsql@8.3.32
    - pgsql@8.3.33
    - pgsql@8.4.23
    - pgsql@8.4.24
    - php-cli@8.3.32
    - php-cli@8.3.33
    - php-cli@8.4.23
    - php-cli@8.4.24
    - php-fpm@8.3.32
    - php-fpm@8.4.23
    - sockets@8.3.32
    - sockets@8.3.33
    - sockets@8.4.23
    - sockets@8.4.24
    - sodium@8.3.32
    - sodium@8.3.33
    - sodium@8.4.23
    - sodium@8.4.24
    - zip@1.22.3
    - zip@1.22.8

  sources disagree about the licence (196):
    - Archive_Tar@1.6.0 (LicenseRef-New-BSD-License vs NOASSERTION vs New BSD License)
    - PEAR@1.10.18 (LicenseRef-New-BSD-License vs NOASSERTION vs New BSD License)
    - XML_Util@1.4.5 (BSD License vs LicenseRef-BSD-License vs NOASSERTION)
    - adduser@3.134 (GPL-2.0-only vs GPL-2.0-only AND GPL-2.0-or-later vs GPL-2.0-or-later vs NOASSERTION)
    - apt@2.6.1 (BSD-3-Clause vs BSD-3-Clause AND LicenseRef-Expat AND GPL-2.0-only AND GPL-2.0-or-later vs Expat vs GPL-2.0-only vs GPL-2.0-or-later vs NOASSERTION)
    - base-files@12.4+deb12u13 (GPL vs LicenseRef-GPL vs NOASSERTION)
    - base-files@12.4+deb12u15 (GPL vs LicenseRef-GPL vs NOASSERTION)
    - base-passwd@3.6.1 (GPL-2.0-only vs GPL-2.0-only AND LicenseRef-public-domain vs NOASSERTION vs public-domain)
    - bash@5.2.15-2+b10 (BSD-4-Clause-UC vs BSD-4-Clause-UC AND GFDL-1.3-only AND LicenseRef-GFDL-NIV-1.3 AND GPL-2.0-only AND GPL-2.0-or-later AND GPL-3.0-only AND GPL-3.0-or-later AND Latex2e AND LicenseRef-MIT-like AND LicenseRef-permissive vs GFDL-1.3-only vs GFDL-NIV-1.3 vs GPL-2.0-only vs GPL-2.0-or-later vs GPL-3.0-only vs GPL-3.0-or-later vs Latex2e vs MIT-like vs NOASSERTION vs permissive)
    - bash@5.2.15-2+b13 (BSD-4-Clause-UC vs BSD-4-Clause-UC AND GFDL-1.3-only AND LicenseRef-GFDL-NIV-1.3 AND GPL-2.0-only AND GPL-2.0-or-later AND GPL-3.0-only AND GPL-3.0-or-later AND Latex2e AND LicenseRef-MIT-like AND LicenseRef-permissive vs GFDL-1.3-only vs GFDL-NIV-1.3 vs GPL-2.0-only vs GPL-2.0-or-later vs GPL-3.0-only vs GPL-3.0-or-later vs Latex2e vs MIT-like vs NOASSERTION vs permissive)
    - binutils-aarch64-linux-gnu@2.40-2 (GFDL vs GPL vs LGPL vs LicenseRef-GFDL AND LicenseRef-GPL AND LicenseRef-LGPL vs NOASSERTION)
    - binutils-common@2.40-2 (GFDL vs GPL vs LGPL vs LicenseRef-GFDL AND LicenseRef-GPL AND LicenseRef-LGPL vs NOASSERTION)
    - binutils-x86-64-linux-gnu@2.40-2 (GFDL vs GPL vs LGPL vs LicenseRef-GFDL AND LicenseRef-GPL AND LicenseRef-LGPL vs NOASSERTION)
    - bsdutils@1:2.38.1-5+deb12u3 (BSD-3-Clause vs BSD-3-Clause AND BSD-4-Clause AND LicenseRef-BSLA AND GPL-2.0-only AND GPL-2.0-or-later AND GPL-3.0-only AND GPL-3.0-or-later AND LicenseRef-LGPL AND LGPL-2.0-only AND LGPL-2.0-or-later AND LGPL-2.1-only AND LGPL-2.1-or-later AND LGPL-3.0-only AND LGPL-3.0-or-later AND MIT AND LicenseRef-public-domain vs BSD-4-Clause vs BSLA vs GPL-2.0-only vs GPL-2.0-or-later vs GPL-3.0-only vs GPL-3.0-or-later vs LGPL vs LGPL-2.0-only vs LGPL-2.0-or-later vs LGPL-2.1-only vs LGPL-2.1-or-later vs LGPL-3.0-only vs LGPL-3.0-or-later vs MIT vs NOASSERTION vs public-domain)
    - bzip2@1.0.8-5+b1 (BSD-variant vs GPL-2.0-only vs LicenseRef-BSD-variant AND GPL-2.0-only vs NOASSERTION)
    - ca-certificates-bundle@20260611-r0 ((MPL-2.0 AND MIT) vs MPL-2.0 AND MIT vs NOASSERTION)
    - ca-certificates@20230311+deb12u1 (GPL-2.0-only vs GPL-2.0-only AND GPL-2.0-or-later AND MPL-2.0 vs GPL-2.0-or-later vs MPL-2.0 vs NOASSERTION)
    - ca-certificates@20250419~deb12u1 (GPL-2.0-only vs GPL-2.0-only AND GPL-2.0-or-later AND MPL-2.0 vs GPL-2.0-or-later vs MPL-2.0 vs NOASSERTION)
    - ca-certificates@20260611-r0 ((MPL-2.0 AND MIT) vs MPL-2.0 AND MIT vs NOASSERTION)
    - coreutils@9.1-1 (BSD-4-Clause-UC vs BSD-4-Clause-UC AND FSFULLR AND GFDL-1.3-only AND LicenseRef-GFDL-NIV-1.3 AND GPL-3.0-only AND GPL-3.0-or-later AND ISC vs FSFULLR vs GFDL-1.3-only vs GFDL-NIV-1.3 vs GPL-3.0-only vs GPL-3.0-or-later vs ISC vs NOASSERTION)
    - cpp-12@12.2.0-14+deb12u1 (Artistic vs GFDL-1.2-only vs GPL vs GPL-2.0-only vs GPL-3.0-only vs LGPL vs LicenseRef-Artistic AND GFDL-1.2-only AND LicenseRef-GPL AND GPL-2.0-only AND GPL-3.0-only AND LicenseRef-LGPL vs NOASSERTION)
    - curl@7.88.1-10+deb12u15 (BSD-3-Clause vs BSD-3-Clause AND BSD-3-Clause AND BSD-4-Clause-UC AND FSFULLR AND GPL-2.0-only AND GPL-2.0-or-later AND GPL-3.0-or-later AND ISC AND OLDAP-2.8 AND X11 AND curl vs BSD-4-Clause-UC vs FSFULLR vs GPL-2.0-only vs GPL-2.0-or-later vs GPL-3.0-or-later vs ISC vs NOASSERTION vs OLDAP-2.8 vs X11 vs curl)
    - dash@0.5.12-2 (BSD-3-Clause vs BSD-3-Clause AND BSD-3-Clause AND GPL-2.0-only AND GPL-2.0-or-later AND LicenseRef-public-domain vs GPL-2.0-only vs GPL-2.0-or-later vs NOASSERTION vs public-domain)
    - debian-archive-keyring@2023.3+deb12u2 (GPL vs LicenseRef-GPL vs NOASSERTION)
    - debianutils@5.7-0.5~deb12u1 (GPL-2.0-only vs GPL-2.0-only AND GPL-2.0-or-later AND SMAIL-GPL AND LicenseRef-public-domain vs GPL-2.0-or-later vs NOASSERTION vs SMAIL-GPL vs public-domain)
    - diffutils@1:3.8-4 (FSFAP vs FSFAP AND FSFULLR AND GFDL-1.3-only AND LicenseRef-GFDL-NIV-1.3 AND GPL-2.0-only AND GPL-2.0-or-later AND GPL-3.0-only AND GPL-3.0-or-later AND LGPL-2.0-only AND LGPL-2.0-or-later AND LGPL-2.1-only AND LGPL-2.1-or-later AND LGPL-3.0-only AND LGPL-3.0-or-later AND X11 AND LicenseRef-public-domain vs FSFULLR vs GFDL-1.3-only vs GFDL-NIV-1.3 vs GPL-2.0-only vs GPL-2.0-or-later vs GPL-3.0-only vs GPL-3.0-or-later vs LGPL-2.0-only vs LGPL-2.0-or-later vs LGPL-2.1-only vs LGPL-2.1-or-later vs LGPL-3.0-only vs LGPL-3.0-or-later vs NOASSERTION vs X11 vs public-domain)
    - dpkg@1.21.22 (BSD-2-Clause vs BSD-2-Clause AND GPL-2.0-only AND GPL-2.0-or-later AND LicenseRef-public-domain-s-s-d vs GPL-2.0-only vs GPL-2.0-or-later vs NOASSERTION vs public-domain-s-s-d)
    - dpkg@1.21.23 (BSD-2-Clause vs BSD-2-Clause AND GPL-2.0-only AND GPL-2.0-or-later AND LicenseRef-public-domain-s-s-d vs GPL-2.0-only vs GPL-2.0-or-later vs NOASSERTION vs public-domain-s-s-d)
    - e2fsprogs@1.47.0-2+b2 (Apache-2.0 vs Apache-2.0 AND Apache-2.0 AND BSD-3-Clause AND LicenseRef-GPL AND GPL-2.0-only AND GPL-2.0-or-later AND ISC AND Kazlib AND LGPL-2.0-only AND Latex2e vs BSD-3-Clause vs GPL vs GPL-2.0-only vs GPL-2.0-or-later vs ISC vs Kazlib vs LGPL-2.0-only vs Latex2e vs NOASSERTION)
    - file@1:5.44-3 (BSD-2-Clause vs BSD-2-Clause-alike vs BSD-2-Clause-regents vs LicenseRef-BSD-2-Clause-alike AND BSD-2-Clause AND LicenseRef-BSD-2-Clause-regents AND LicenseRef-MIT-Old-Style-with-legal-disclaimer-2 AND LicenseRef-public-domain vs MIT-Old-Style-with-legal-disclaimer-2 vs NOASSERTION vs public-domain)
    - findutils@4.9.0-4 (BSD-3-Clause vs BSD-3-Clause AND FSFAP AND FSFULLR AND GFDL-1.3-only AND LicenseRef-GFDL-NIV-1.3- AND LicenseRef-GPL AND GPL-2.0-only AND GPL-2.0-or-later AND GPL-3.0-only AND GPL-3.0-or-later AND ISC AND LGPL-2.0-only AND LGPL-2.0-or-later AND LGPL-2.1-only AND LGPL-2.1-or-later AND LGPL-3.0-only AND LGPL-3.0-or-later AND X11 AND LicenseRef-public-domain vs FSFAP vs FSFULLR vs GFDL-1.3-only vs GFDL-NIV-1.3+ vs GPL vs GPL-2.0-only vs GPL-2.0-or-later vs GPL-3.0-only vs GPL-3.0-or-later vs ISC vs LGPL-2.0-only vs LGPL-2.0-or-later vs LGPL-2.1-only vs LGPL-2.1-or-later vs LGPL-3.0-only vs LGPL-3.0-or-later vs NOASSERTION vs X11 vs public-domain)
    - gcc-12-base@12.2.0-14+deb12u1 (Artistic vs GFDL-1.2-only vs GPL vs GPL-2.0-only vs GPL-3.0-only vs LGPL vs LicenseRef-Artistic AND GFDL-1.2-only AND LicenseRef-GPL AND GPL-2.0-only AND GPL-3.0-only AND LicenseRef-LGPL vs NOASSERTION)
    - gettext-base@0.21-12 (GFDL vs GPL vs LGPL vs LicenseRef-GFDL AND LicenseRef-GPL AND LicenseRef-LGPL vs NOASSERTION)
    - gpgv@2.2.40-1.1+deb12u2 (BSD-3-Clause vs BSD-3-Clause AND CC0-1.0 AND LicenseRef-Expat AND GPL-3.0-only AND GPL-3.0-or-later AND LGPL-2.1-only AND LGPL-2.1-or-later AND LGPL-3.0-only AND LGPL-3.0-or-later AND LicenseRef-RFC-Reference AND LicenseRef-TinySCHEME AND LicenseRef-permissive vs CC0-1.0 vs Expat vs GPL-3.0-only vs GPL-3.0-or-later vs LGPL-2.1-only vs LGPL-2.1-or-later vs LGPL-3.0-only vs LGPL-3.0-or-later vs NOASSERTION vs RFC-Reference vs TinySCHEME vs permissive)
    - grep@3.8-5 (GPL-3.0-only vs GPL-3.0-only AND GPL-3.0-or-later vs GPL-3.0-or-later vs NOASSERTION)
    - gzip@1.12-1 (FSF-manpages vs GFDL-1.3+-no-invariant vs GFDL-3 vs GPL-3.0-only vs GPL-3.0-or-later vs LicenseRef-FSF-manpages AND LicenseRef-GFDL-1.3--no-invariant AND LicenseRef-GFDL-3 AND GPL-3.0-only AND GPL-3.0-or-later vs NOASSERTION)
    - init-system-helpers@1.65.2+deb12u1 (BSD-3-Clause vs BSD-3-Clause AND GPL-2.0-only AND GPL-2.0-or-later vs GPL-2.0-only vs GPL-2.0-or-later vs NOASSERTION)
    - libacl1@2.3.1-3 (GPL-2.0-only vs GPL-2.0-only AND GPL-2.0-or-later AND LGPL-2.0-or-later AND LGPL-2.1-only vs GPL-2.0-or-later vs LGPL-2.0-or-later vs LGPL-2.1-only vs NOASSERTION)
    - libaom3@3.6.0-1+deb12u2 (BSD-2-Clause vs BSD-2-Clause AND BSD-2-Clause AND BSD-3-Clause AND LicenseRef-Expat AND ISC AND LicenseRef-public-domain-md5 vs BSD-3-Clause vs Expat vs ISC vs NOASSERTION vs public-domain-md5)
    - libapt-pkg6.0@2.6.1 (BSD-3-Clause vs BSD-3-Clause AND LicenseRef-Expat AND GPL-2.0-only AND GPL-2.0-or-later vs Expat vs GPL-2.0-only vs GPL-2.0-or-later vs NOASSERTION)
    - libargon2-1@0~20171227-0.3+deb12u1 (Apache-2.0 vs Apache-2.0 AND LicenseRef-CC0 vs CC0 vs NOASSERTION)
    - libasan8@12.2.0-14+deb12u1 (Artistic vs GFDL-1.2-only vs GPL vs GPL-2.0-only vs GPL-3.0-only vs LGPL vs LicenseRef-Artistic AND GFDL-1.2-only AND LicenseRef-GPL AND GPL-2.0-only AND GPL-3.0-only AND LicenseRef-LGPL vs NOASSERTION)
    - libatomic1@12.2.0-14+deb12u1 (Artistic vs GFDL-1.2-only vs GPL vs GPL-2.0-only vs GPL-3.0-only vs LGPL vs LicenseRef-Artistic AND GFDL-1.2-only AND LicenseRef-GPL AND GPL-2.0-only AND GPL-3.0-only AND LicenseRef-LGPL vs NOASSERTION)
    - libattr1@1:2.5.1-4 (GPL-2.0-only vs GPL-2.0-only AND GPL-2.0-or-later AND LGPL-2.0-or-later AND LGPL-2.1-only vs GPL-2.0-or-later vs LGPL-2.0-or-later vs LGPL-2.1-only vs NOASSERTION)
    - libaudit-common@1:3.0.9-1 (GPL-1.0-only vs GPL-1.0-only AND GPL-2.0-only AND LGPL-2.1-only vs GPL-2.0-only vs LGPL-2.1-only vs NOASSERTION)
    - libaudit1@1:3.0.9-1 (GPL-1.0-only vs GPL-1.0-only AND GPL-2.0-only AND LGPL-2.1-only vs GPL-2.0-only vs LGPL-2.1-only vs NOASSERTION)
    - libavif15@0.11.1-1+deb12u1 (Apache-2.0 vs Apache-2.0 AND BSD-2-Clause AND BSD-3-Clause AND CC0-1.0 AND LicenseRef-custom-1 vs BSD-2-Clause vs BSD-3-Clause vs CC0-1.0 vs NOASSERTION vs custom-1)
    - libbinutils@2.40-2 (GFDL vs GPL vs LGPL vs LicenseRef-GFDL AND LicenseRef-GPL AND LicenseRef-LGPL vs NOASSERTION)
    - libblkid1@2.38.1-5+deb12u3 (BSD-3-Clause vs BSD-3-Clause AND BSD-4-Clause AND LicenseRef-BSLA AND GPL-2.0-only AND GPL-2.0-or-later AND GPL-3.0-only AND GPL-3.0-or-later AND LicenseRef-LGPL AND LGPL-2.0-only AND LGPL-2.0-or-later AND LGPL-2.1-only AND LGPL-2.1-or-later AND LGPL-3.0-only AND LGPL-3.0-or-later AND MIT AND LicenseRef-public-domain vs BSD-4-Clause vs BSLA vs GPL-2.0-only vs GPL-2.0-or-later vs GPL-3.0-only vs GPL-3.0-or-later vs LGPL vs LGPL-2.0-only vs LGPL-2.0-or-later vs LGPL-2.1-only vs LGPL-2.1-or-later vs LGPL-3.0-only vs LGPL-3.0-or-later vs MIT vs NOASSERTION vs public-domain)
    - libbsd0@0.11.7-2 (BSD-2-Clause vs BSD-2-Clause AND BSD-2-Clause AND LicenseRef-BSD-2-clause-author AND LicenseRef-BSD-2-clause-verbatim AND BSD-3-Clause AND LicenseRef-BSD-3-clause-John-Birrell AND LicenseRef-BSD-3-clause-Regents AND LicenseRef-BSD-3-clause-author AND LicenseRef-BSD-4-clause-Niels-Provos AND Beerware AND LicenseRef-Expat AND ISC AND LicenseRef-ISC-Original AND libutil-David-Nugent AND LicenseRef-public-domain vs BSD-2-clause-author vs BSD-2-clause-verbatim vs BSD-3-Clause vs BSD-3-clause-John-Birrell vs BSD-3-clause-Regents vs BSD-3-clause-author vs BSD-4-clause-Niels-Provos vs Beerware vs Expat vs ISC vs ISC-Original vs NOASSERTION vs libutil-David-Nugent vs public-domain)
    - libbz2-1.0@1.0.8-5+b1 (BSD-variant vs GPL-2.0-only vs LicenseRef-BSD-variant AND GPL-2.0-only vs NOASSERTION)
    - libc-bin@2.36-9+deb12u13 (GPL-2.0-only vs GPL-2.0-only AND LGPL-2.1-only vs LGPL-2.1-only vs NOASSERTION)
    - libc-bin@2.36-9+deb12u14 (GPL-2.0-only vs GPL-2.0-only AND LGPL-2.1-only vs LGPL-2.1-only vs NOASSERTION)
    - libc-dev-bin@2.36-9+deb12u14 (GPL-2.0-only vs GPL-2.0-only AND LGPL-2.1-only vs LGPL-2.1-only vs NOASSERTION)
    - libc6@2.36-9+deb12u13 (GPL-2.0-only vs GPL-2.0-only AND LGPL-2.1-only vs LGPL-2.1-only vs NOASSERTION)
    - libc6@2.36-9+deb12u14 (GPL-2.0-only vs GPL-2.0-only AND LGPL-2.1-only vs LGPL-2.1-only vs NOASSERTION)
    - libcap-getcap@2.78-r0 ((BSD-3-Clause OR GPL-2.0-only) vs BSD-3-Clause OR GPL-2.0-only vs NOASSERTION)
    - libcap-ng0@0.8.3-1+b3 (GPL-2.0-only vs GPL-2.0-only AND GPL-2.0-or-later AND GPL-3.0-only AND LGPL-2.1-only AND LGPL-2.1-or-later vs GPL-2.0-or-later vs GPL-3.0-only vs LGPL-2.1-only vs LGPL-2.1-or-later vs NOASSERTION)
    - libcap-setcap@2.78-r0 ((BSD-3-Clause OR GPL-2.0-only) vs BSD-3-Clause OR GPL-2.0-only vs NOASSERTION)
    - libcap-utils@2.78-r0 ((BSD-3-Clause OR GPL-2.0-only) vs BSD-3-Clause OR GPL-2.0-only vs NOASSERTION)
    - libcap2@1:2.66-4+deb12u3+b1 (BSD-3-Clause vs BSD-3-Clause AND GPL-2.0-only AND GPL-2.0-or-later vs GPL-2.0-only vs GPL-2.0-or-later vs NOASSERTION)
    - libcap2@2.78-r0 ((BSD-3-Clause OR GPL-2.0-only) vs BSD-3-Clause OR GPL-2.0-only vs NOASSERTION)
    - libcap@2.78-r0 ((BSD-3-Clause OR GPL-2.0-only) vs BSD-3-Clause OR GPL-2.0-only vs NOASSERTION)
    - libcc1-0@12.2.0-14+deb12u1 (Artistic vs GFDL-1.2-only vs GPL vs GPL-2.0-only vs GPL-3.0-only vs LGPL vs LicenseRef-Artistic AND GFDL-1.2-only AND LicenseRef-GPL AND GPL-2.0-only AND GPL-3.0-only AND LicenseRef-LGPL vs NOASSERTION)
    - libcom-err2@1.47.0-2+b2 (Apache-2.0 vs Apache-2.0 AND Apache-2.0 AND BSD-3-Clause AND LicenseRef-GPL AND GPL-2.0-only AND GPL-2.0-or-later AND ISC AND Kazlib AND LGPL-2.0-only AND Latex2e vs BSD-3-Clause vs GPL vs GPL-2.0-only vs GPL-2.0-or-later vs ISC vs Kazlib vs LGPL-2.0-only vs Latex2e vs NOASSERTION)
    - libcrypt-dev@1:4.4.33-2 (LicenseRef-5a5e7ca0e9f3f9679977e3a3e9ede45ad92885a3297ea78e766979f9866c5a16 vs NOASSERTION vs sha256:5a5e7ca0e9f3f9679977e3a3e9ede45ad92885a3297ea78e766979f9866c5a16)
    - libcrypt1@1:4.4.33-2 (LicenseRef-5a5e7ca0e9f3f9679977e3a3e9ede45ad92885a3297ea78e766979f9866c5a16 vs NOASSERTION vs sha256:5a5e7ca0e9f3f9679977e3a3e9ede45ad92885a3297ea78e766979f9866c5a16)
    - libctf-nobfd0@2.40-2 (GFDL vs GPL vs LGPL vs LicenseRef-GFDL AND LicenseRef-GPL AND LicenseRef-LGPL vs NOASSERTION)
    - libctf0@2.40-2 (GFDL vs GPL vs LGPL vs LicenseRef-GFDL AND LicenseRef-GPL AND LicenseRef-LGPL vs NOASSERTION)
    - libcurl4@7.88.1-10+deb12u15 (BSD-3-Clause vs BSD-3-Clause AND BSD-3-Clause AND BSD-4-Clause-UC AND FSFULLR AND GPL-2.0-only AND GPL-2.0-or-later AND GPL-3.0-or-later AND ISC AND OLDAP-2.8 AND X11 AND curl vs BSD-4-Clause-UC vs FSFULLR vs GPL-2.0-only vs GPL-2.0-or-later vs GPL-3.0-or-later vs ISC vs NOASSERTION vs OLDAP-2.8 vs X11 vs curl)
    - libdav1d6@1.0.0-2+deb12u1 (BSD-2-Clause vs BSD-2-Clause AND ISC AND LicenseRef-public-domain vs ISC vs NOASSERTION vs public-domain)
    - libdb5.3@5.3.28+dfsg2-1 (Artistic vs BSD-3-Clause vs BSD-3-clause-fjord vs GPL vs GPL-3.0-only vs LicenseRef-Artistic AND BSD-3-Clause AND LicenseRef-BSD-3-clause-fjord AND LicenseRef-GPL AND GPL-3.0-only AND LicenseRef-MIT-old AND MS-PL AND Sleepycat AND LicenseRef-TCL-like AND X11 AND Zlib vs MIT-old vs MS-PL vs NOASSERTION vs Sleepycat vs TCL-like vs X11 vs Zlib)
    - libdebconfclient0@0.270 (BSD-2-Clause vs BSD-2-Clause AND BSD-2-Clause AND GPL-2.0-only AND GPL-2.0-or-later vs GPL-2.0-only vs GPL-2.0-or-later vs NOASSERTION)
    - libdpkg-perl@1.21.23 (BSD-2-Clause vs BSD-2-Clause AND GPL-2.0-only AND GPL-2.0-or-later AND LicenseRef-public-domain-s-s-d vs GPL-2.0-only vs GPL-2.0-or-later vs NOASSERTION vs public-domain-s-s-d)
    - libext2fs2@1.47.0-2+b2 (Apache-2.0 vs Apache-2.0 AND Apache-2.0 AND BSD-3-Clause AND LicenseRef-GPL AND GPL-2.0-only AND GPL-2.0-or-later AND ISC AND Kazlib AND LGPL-2.0-only AND Latex2e vs BSD-3-Clause vs GPL vs GPL-2.0-only vs GPL-2.0-or-later vs ISC vs Kazlib vs LGPL-2.0-only vs Latex2e vs NOASSERTION)
    - libffi8@3.4.4-1 (Expat vs GPL vs GPL-2.0-or-later vs GPL-3.0-or-later vs LicenseRef-Expat AND LicenseRef-GPL AND GPL-2.0-or-later AND GPL-3.0-or-later AND MPL-1.1 AND X11 AND LicenseRef-public-domain vs MPL-1.1 vs NOASSERTION vs X11 vs public-domain)
    - libfreetype6@2.12.1+dfsg-5+deb12u4 (BSD-3-Clause vs BSD-3-Clause AND BSL-1.0 AND FSFAP AND FTL AND GPL-2.0-only AND GPL-2.0-or-later AND GPL-3.0-only AND GPL-3.0-or-later AND MIT AND LicenseRef-OpenGroup-BSD-like AND LicenseRef-Public-Domain AND Zlib vs BSL-1.0 vs FSFAP vs FTL vs GPL-2.0-only vs GPL-2.0-or-later vs GPL-3.0-only vs GPL-3.0-or-later vs MIT vs NOASSERTION vs OpenGroup-BSD-like vs Public-Domain vs Zlib)
    - libgav1-1@0.18.0-1+b1 (Apache-2.0 vs Apache-2.0 AND BSD-3-Clause vs BSD-3-Clause vs NOASSERTION)
    - libgcc-12-dev@12.2.0-14+deb12u1 (Artistic vs GFDL-1.2-only vs GPL vs GPL-2.0-only vs GPL-3.0-only vs LGPL vs LicenseRef-Artistic AND GFDL-1.2-only AND LicenseRef-GPL AND GPL-2.0-only AND GPL-3.0-only AND LicenseRef-LGPL vs NOASSERTION)
    - libgcc-s1@12.2.0-14+deb12u1 (Artistic vs GFDL-1.2-only vs GPL vs GPL-2.0-only vs GPL-3.0-only vs LGPL vs LicenseRef-Artistic AND GFDL-1.2-only AND LicenseRef-GPL AND GPL-2.0-only AND GPL-3.0-only AND LicenseRef-LGPL vs NOASSERTION)
    - libgcrypt20@1.10.1-3 (GPL-2.0-only vs GPL-2.0-only AND LicenseRef-LGPL vs LGPL vs NOASSERTION)
    - libgcrypt20@1.10.1-3+deb12u1 (GPL-2.0-only vs GPL-2.0-only AND LicenseRef-LGPL vs LGPL vs NOASSERTION)
    - libgdbm-compat4@1.23-3 (GFDL-NIV-1.3+ vs GPL-2.0-only vs GPL-2.0-or-later vs GPL-3.0-only vs GPL-3.0-or-later vs LicenseRef-GFDL-NIV-1.3- AND GPL-2.0-only AND GPL-2.0-or-later AND GPL-3.0-only AND GPL-3.0-or-later vs NOASSERTION)
    - libgdbm6@1.23-3 (GFDL-NIV-1.3+ vs GPL-2.0-only vs GPL-2.0-or-later vs GPL-3.0-only vs GPL-3.0-or-later vs LicenseRef-GFDL-NIV-1.3- AND GPL-2.0-only AND GPL-2.0-or-later AND GPL-3.0-only AND GPL-3.0-or-later vs NOASSERTION)
    - libgmp10@2:6.2.1+dfsg1-1.1 (GPL-2.0-only vs GPL-2.0-only AND GPL-2.0-or-later AND GPL-3.0-only AND GPL-3.0-or-later AND LGPL-3.0-only AND LGPL-3.0-or-later vs GPL-2.0-or-later vs GPL-3.0-only vs GPL-3.0-or-later vs LGPL-3.0-only vs LGPL-3.0-or-later vs NOASSERTION)
    - libgnutls30@3.7.9-2+deb12u7 (Apache-2.0 vs Apache-2.0 AND BSD-3-Clause AND LicenseRef-CC0 AND LicenseRef-Expat AND GFDL-1.3-only AND LicenseRef-GPL AND GPL-3.0-only AND LicenseRef-GPLv3- AND LicenseRef-LGPL AND LGPL-3.0-only AND LicenseRef-LGPLv2.1- AND LicenseRef-LGPLv3--or-GPLv2- AND LicenseRef-The vs BSD-3-Clause vs CC0 vs Expat vs GFDL-1.3-only vs GPL vs GPL-3.0-only vs GPLv3+ vs LGPL vs LGPL-3.0-only vs LGPLv2.1+ vs LGPLv3+_or_GPLv2+ vs NOASSERTION vs The)
    - libgomp1@12.2.0-14+deb12u1 (Artistic vs GFDL-1.2-only vs GPL vs GPL-2.0-only vs GPL-3.0-only vs LGPL vs LicenseRef-Artistic AND GFDL-1.2-only AND LicenseRef-GPL AND GPL-2.0-only AND GPL-3.0-only AND LicenseRef-LGPL vs NOASSERTION)
    - libgpg-error0@1.46-1 (BSD-3-Clause vs BSD-3-Clause AND GPL-3.0-only AND GPL-3.0-or-later AND LGPL-2.1-only AND LGPL-2.1-or-later AND LicenseRef-g10-permissive vs GPL-3.0-only vs GPL-3.0-or-later vs LGPL-2.1-only vs LGPL-2.1-or-later vs NOASSERTION vs g10-permissive)
    - libgprofng0@2.40-2 (GFDL vs GPL vs LGPL vs LicenseRef-GFDL AND LicenseRef-GPL AND LicenseRef-LGPL vs NOASSERTION)
    - libhogweed6@3.8.1-2 (Expat vs GAP vs GPL vs GPL-2.0-only vs GPL-2.0-or-later vs GPL-3.0-or-later vs LGPL vs LGPL-2.0-only vs LGPL-2.0-or-later vs LGPL-3.0-or-later vs LicenseRef-Expat AND LicenseRef-GAP AND LicenseRef-GPL AND GPL-2.0-only AND GPL-2.0-or-later AND GPL-3.0-or-later AND LicenseRef-LGPL AND LGPL-2.0-only AND LGPL-2.0-or-later AND LGPL-3.0-or-later AND LicenseRef-public-domain vs NOASSERTION vs public-domain)
    - libhwasan0@12.2.0-14+deb12u1 (Artistic vs GFDL-1.2-only vs GPL vs GPL-2.0-only vs GPL-3.0-only vs LGPL vs LicenseRef-Artistic AND GFDL-1.2-only AND LicenseRef-GPL AND GPL-2.0-only AND GPL-3.0-only AND LicenseRef-LGPL vs NOASSERTION)
    - libicu72@72.1-3+deb12u1 (GPL-3.0-only vs GPL-3.0-only AND MIT vs MIT vs NOASSERTION)
    - libidn2-0@2.3.3-1+b1 (GPL-2.0-only vs GPL-2.0-only AND GPL-2.0-or-later AND GPL-3.0-only AND GPL-3.0-or-later AND LGPL-3.0-only AND LGPL-3.0-or-later AND LicenseRef-Unicode vs GPL-2.0-or-later vs GPL-3.0-only vs GPL-3.0-or-later vs LGPL-3.0-only vs LGPL-3.0-or-later vs NOASSERTION vs Unicode)
    - libidn2@2.3.8-r0 ((GPL-2.0-or-later OR LGPL-3.0-or-later) vs GPL-2.0-or-later OR LGPL-3.0-or-later vs NOASSERTION)
    - libisl23@0.25-1.1 (BSD-2-Clause vs BSD-2-Clause AND LGPL-2.0-only AND LGPL-2.1-or-later AND MIT vs LGPL-2.0-only vs LGPL-2.1-or-later vs MIT vs NOASSERTION)
    - libitm1@12.2.0-14+deb12u1 (Artistic vs GFDL-1.2-only vs GPL vs GPL-2.0-only vs GPL-3.0-only vs LGPL vs LicenseRef-Artistic AND GFDL-1.2-only AND LicenseRef-GPL AND GPL-2.0-only AND GPL-3.0-only AND LicenseRef-LGPL vs NOASSERTION)
    - libjansson4@2.14-2 (Expat vs LicenseRef-Expat vs NOASSERTION)
    - libjpeg62-turbo@1:2.1.5-2 (BSD-3-Clause vs BSD-3-Clause AND LicenseRef-BSD-BY-LC-NE AND LicenseRef-Expat AND NTP AND Zlib vs BSD-BY-LC-NE vs Expat vs NOASSERTION vs NTP vs Zlib)
    - libkeyutils1@1.6.3-2 (GPL-2.0-only vs GPL-2.0-only AND GPL-2.0-or-later AND LGPL-2.0-only AND LGPL-2.0-or-later vs GPL-2.0-or-later vs LGPL-2.0-only vs LGPL-2.0-or-later vs NOASSERTION)
    - libldap-2.5-0@2.5.13+dfsg-5 (BSD-3-Clause vs BSD-3-Clause AND LicenseRef-BSD-3-clause-California AND LicenseRef-BSD-3-clause-variant AND LicenseRef-BSD-4-clause-California AND Beerware AND LicenseRef-Expat AND LicenseRef-Expat-ISC AND LicenseRef-Expat-UNM AND LicenseRef-F5 AND LicenseRef-FSF-unlimited AND GPL-2.0-only AND GPL-2.0-or-later AND GPL-3.0-only AND GPL-3.0-or-later AND LicenseRef-JCG AND LicenseRef-MIT-XC AND LicenseRef-NeoSoft-permissive AND LicenseRef-OpenLDAP-2.8 AND LicenseRef-UMich AND LicenseRef-public-domain vs BSD-3-clause-California vs BSD-3-clause-variant vs BSD-4-clause-California vs Beerware vs Expat vs Expat-ISC vs Expat-UNM vs F5 vs FSF-unlimited vs GPL-2.0-only vs GPL-2.0-or-later vs GPL-3.0-only vs GPL-3.0-or-later vs JCG vs MIT-XC vs NOASSERTION vs NeoSoft-permissive vs OpenLDAP-2.8 vs UMich vs public-domain)
    - liblsan0@12.2.0-14+deb12u1 (Artistic vs GFDL-1.2-only vs GPL vs GPL-2.0-only vs GPL-3.0-only vs LGPL vs LicenseRef-Artistic AND GFDL-1.2-only AND LicenseRef-GPL AND GPL-2.0-only AND GPL-3.0-only AND LicenseRef-LGPL vs NOASSERTION)
    - liblz4-1@1.9.4-1 (BSD-2-Clause vs BSD-2-Clause AND GPL-2.0-only AND GPL-2.0-or-later vs GPL-2.0-only vs GPL-2.0-or-later vs NOASSERTION)
    - liblzma5@5.4.1-1 (Autoconf vs GPL-2.0-only vs GPL-2.0-or-later vs GPL-3.0-only vs LGPL-2.0-only vs LGPL-2.1-only vs LGPL-2.1-or-later vs LicenseRef-Autoconf AND GPL-2.0-only AND GPL-2.0-or-later AND GPL-3.0-only AND LGPL-2.0-only AND LGPL-2.1-only AND LGPL-2.1-or-later AND LicenseRef-PD AND LicenseRef-PD-debian AND LicenseRef-config-h AND LicenseRef-noderivs AND LicenseRef-permissive-fsf AND LicenseRef-permissive-nowarranty AND LicenseRef-probably-PD vs NOASSERTION vs PD vs PD-debian vs config-h vs noderivs vs permissive-fsf vs permissive-nowarranty vs probably-PD)
    - liblzma5@5.4.1-1+deb12u1 (Autoconf vs GPL-2.0-only vs GPL-2.0-or-later vs GPL-3.0-only vs LGPL-2.0-only vs LGPL-2.1-only vs LGPL-2.1-or-later vs LicenseRef-Autoconf AND GPL-2.0-only AND GPL-2.0-or-later AND GPL-3.0-only AND LGPL-2.0-only AND LGPL-2.1-only AND LGPL-2.1-or-later AND LicenseRef-PD AND LicenseRef-PD-debian AND LicenseRef-config-h AND LicenseRef-noderivs AND LicenseRef-permissive-fsf AND LicenseRef-permissive-nowarranty AND LicenseRef-probably-PD vs NOASSERTION vs PD vs PD-debian vs config-h vs noderivs vs permissive-fsf vs permissive-nowarranty vs probably-PD)
    - libmagic-mgc@1:5.44-3 (BSD-2-Clause vs BSD-2-Clause-alike vs BSD-2-Clause-regents vs LicenseRef-BSD-2-Clause-alike AND BSD-2-Clause AND LicenseRef-BSD-2-Clause-regents AND LicenseRef-MIT-Old-Style-with-legal-disclaimer-2 AND LicenseRef-public-domain vs MIT-Old-Style-with-legal-disclaimer-2 vs NOASSERTION vs public-domain)
    - libmagic1@1:5.44-3 (BSD-2-Clause vs BSD-2-Clause-alike vs BSD-2-Clause-regents vs LicenseRef-BSD-2-Clause-alike AND BSD-2-Clause AND LicenseRef-BSD-2-Clause-regents AND LicenseRef-MIT-Old-Style-with-legal-disclaimer-2 AND LicenseRef-public-domain vs MIT-Old-Style-with-legal-disclaimer-2 vs NOASSERTION vs public-domain)
    - libmd0@1.0.4-2 (BSD-2-Clause vs BSD-2-Clause AND BSD-2-Clause AND BSD-3-Clause AND LicenseRef-BSD-3-clause-Aaron-D-Gifford AND Beerware AND ISC AND LicenseRef-public-domain-md4 AND LicenseRef-public-domain-md5 AND LicenseRef-public-domain-sha1 vs BSD-3-Clause vs BSD-3-clause-Aaron-D-Gifford vs Beerware vs ISC vs NOASSERTION vs public-domain-md4 vs public-domain-md5 vs public-domain-sha1)
    - libmount1@2.38.1-5+deb12u3 (BSD-3-Clause vs BSD-3-Clause AND BSD-4-Clause AND LicenseRef-BSLA AND GPL-2.0-only AND GPL-2.0-or-later AND GPL-3.0-only AND GPL-3.0-or-later AND LicenseRef-LGPL AND LGPL-2.0-only AND LGPL-2.0-or-later AND LGPL-2.1-only AND LGPL-2.1-or-later AND LGPL-3.0-only AND LGPL-3.0-or-later AND MIT AND LicenseRef-public-domain vs BSD-4-Clause vs BSLA vs GPL-2.0-only vs GPL-2.0-or-later vs GPL-3.0-only vs GPL-3.0-or-later vs LGPL vs LGPL-2.0-only vs LGPL-2.0-or-later vs LGPL-2.1-only vs LGPL-2.1-or-later vs LGPL-3.0-only vs LGPL-3.0-or-later vs MIT vs NOASSERTION vs public-domain)
    - libnettle8@3.8.1-2 (Expat vs GAP vs GPL vs GPL-2.0-only vs GPL-2.0-or-later vs GPL-3.0-or-later vs LGPL vs LGPL-2.0-only vs LGPL-2.0-or-later vs LGPL-3.0-or-later vs LicenseRef-Expat AND LicenseRef-GAP AND LicenseRef-GPL AND GPL-2.0-only AND GPL-2.0-or-later AND GPL-3.0-or-later AND LicenseRef-LGPL AND LGPL-2.0-only AND LGPL-2.0-or-later AND LGPL-3.0-or-later AND LicenseRef-public-domain vs NOASSERTION vs public-domain)
    - libnghttp2-14@1.52.0-1+deb12u3 (BSD-2-Clause vs BSD-2-Clause AND LicenseRef-Expat AND GPL-3.0-only AND GPL-3.0-or-later AND MIT AND LicenseRef-all-permissive vs Expat vs GPL-3.0-only vs GPL-3.0-or-later vs MIT vs NOASSERTION vs all-permissive)
    - libnsl-dev@1.3.0-2 (BSD-3-Clause vs BSD-3-Clause AND GPL-2.0-only AND LicenseRef-GPL-2--autoconf-exception AND LicenseRef-GPL-2--libtool-exception AND GPL-3.0-only AND LicenseRef-GPL-3--autoconf-exception AND LGPL-2.1-only AND LGPL-2.1-or-later AND MIT AND LicenseRef-permissive-autoconf-m4 AND LicenseRef-permissive-autoconf-m4-no-warranty AND LicenseRef-permissive-configure AND LicenseRef-permissive-fsf AND LicenseRef-permissive-makefile-in vs GPL-2+-autoconf-exception vs GPL-2+-libtool-exception vs GPL-2.0-only vs GPL-3+-autoconf-exception vs GPL-3.0-only vs LGPL-2.1-only vs LGPL-2.1-or-later vs MIT vs NOASSERTION vs permissive-autoconf-m4 vs permissive-autoconf-m4-no-warranty vs permissive-configure vs permissive-fsf vs permissive-makefile-in)
    - libnsl2@1.3.0-2 (BSD-3-Clause vs BSD-3-Clause AND GPL-2.0-only AND LicenseRef-GPL-2--autoconf-exception AND LicenseRef-GPL-2--libtool-exception AND GPL-3.0-only AND LicenseRef-GPL-3--autoconf-exception AND LGPL-2.1-only AND LGPL-2.1-or-later AND MIT AND LicenseRef-permissive-autoconf-m4 AND LicenseRef-permissive-autoconf-m4-no-warranty AND LicenseRef-permissive-configure AND LicenseRef-permissive-fsf AND LicenseRef-permissive-makefile-in vs GPL-2+-autoconf-exception vs GPL-2+-libtool-exception vs GPL-2.0-only vs GPL-3+-autoconf-exception vs GPL-3.0-only vs LGPL-2.1-only vs LGPL-2.1-or-later vs MIT vs NOASSERTION vs permissive-autoconf-m4 vs permissive-autoconf-m4-no-warranty vs permissive-configure vs permissive-fsf vs permissive-makefile-in)
    - libonig5@6.9.8-1 (BSD-2-Clause vs BSD-2-Clause AND GPL-2.0-only AND GPL-2.0-or-later vs GPL-2.0-only vs GPL-2.0-or-later vs NOASSERTION)
    - libp11-kit0@0.24.1-2 (Apache-2.0 vs Apache-2.0 AND BSD-3-Clause AND ISC AND LicenseRef-ISC-IBM AND LGPL-2.1-only AND LGPL-2.1-or-later AND LicenseRef-permissive-like-automake-output AND LicenseRef-same-as-rest-of-p11kit vs BSD-3-Clause vs ISC vs ISC+IBM vs LGPL-2.1-only vs LGPL-2.1-or-later vs NOASSERTION vs permissive-like-automake-output vs same-as-rest-of-p11kit)
    - libpam-modules-bin@1.5.2-6+deb12u2 (BSD-3-Clause vs BSD-3-Clause AND LicenseRef-BSD-tcp-wrappers AND Beerware AND LicenseRef-GPL AND GPL-2.0-only AND GPL-2.0-or-later AND GPL-3.0-only AND GPL-3.0-or-later AND LGPL-2.0-only AND LGPL-2.0-or-later AND LicenseRef-public-domain vs BSD-tcp_wrappers vs Beerware vs GPL vs GPL-2.0-only vs GPL-2.0-or-later vs GPL-3.0-only vs GPL-3.0-or-later vs LGPL-2.0-only vs LGPL-2.0-or-later vs NOASSERTION vs public-domain)
    - libpam-modules@1.5.2-6+deb12u2 (BSD-3-Clause vs BSD-3-Clause AND LicenseRef-BSD-tcp-wrappers AND Beerware AND LicenseRef-GPL AND GPL-2.0-only AND GPL-2.0-or-later AND GPL-3.0-only AND GPL-3.0-or-later AND LGPL-2.0-only AND LGPL-2.0-or-later AND LicenseRef-public-domain vs BSD-tcp_wrappers vs Beerware vs GPL vs GPL-2.0-only vs GPL-2.0-or-later vs GPL-3.0-only vs GPL-3.0-or-later vs LGPL-2.0-only vs LGPL-2.0-or-later vs NOASSERTION vs public-domain)
    - libpam-runtime@1.5.2-6+deb12u2 (BSD-3-Clause vs BSD-3-Clause AND LicenseRef-BSD-tcp-wrappers AND Beerware AND LicenseRef-GPL AND GPL-2.0-only AND GPL-2.0-or-later AND GPL-3.0-only AND GPL-3.0-or-later AND LGPL-2.0-only AND LGPL-2.0-or-later AND LicenseRef-public-domain vs BSD-tcp_wrappers vs Beerware vs GPL vs GPL-2.0-only vs GPL-2.0-or-later vs GPL-3.0-only vs GPL-3.0-or-later vs LGPL-2.0-only vs LGPL-2.0-or-later vs NOASSERTION vs public-domain)
    - libpam0g@1.5.2-6+deb12u2 (BSD-3-Clause vs BSD-3-Clause AND LicenseRef-BSD-tcp-wrappers AND Beerware AND LicenseRef-GPL AND GPL-2.0-only AND GPL-2.0-or-later AND GPL-3.0-only AND GPL-3.0-or-later AND LGPL-2.0-only AND LGPL-2.0-or-later AND LicenseRef-public-domain vs BSD-tcp_wrappers vs Beerware vs GPL vs GPL-2.0-only vs GPL-2.0-or-later vs GPL-3.0-only vs GPL-3.0-or-later vs LGPL-2.0-only vs LGPL-2.0-or-later vs NOASSERTION vs public-domain)
    - libpcre2-8-0@10.42-1 (BSD-2-Clause vs BSD-2-Clause AND BSD-3-Clause AND LicenseRef-BSD-3-clause-Cambridge AND X11 AND LicenseRef-public-domain vs BSD-3-Clause vs BSD-3-clause-Cambridge vs NOASSERTION vs X11 vs public-domain)
    - libperl5.36@5.36.0-7+deb12u3 (Artistic vs Artistic-2.0 vs Artistic-dist vs BSD-3-Clause vs BSD-3-clause-GENERIC vs BSD-3-clause-with-weird-numbering vs BSD-4-clause-POWERDOG vs BZIP vs DONT-CHANGE-THE-GPL vs Expat vs GPL-1.0-only vs GPL-1.0-or-later vs GPL-2.0-only vs GPL-2.0-or-later vs GPL-3+-WITH-BISON-EXCEPTION vs HSIEH-BSD vs HSIEH-DERIVATIVE vs LGPL-2.1-only vs LicenseRef-Artistic AND Artistic-2.0 AND LicenseRef-Artistic-dist AND BSD-3-Clause AND LicenseRef-BSD-3-clause-GENERIC AND LicenseRef-BSD-3-clause-with-weird-numbering AND LicenseRef-BSD-4-clause-POWERDOG AND LicenseRef-BZIP AND LicenseRef-DONT-CHANGE-THE-GPL AND LicenseRef-Expat AND GPL-1.0-only AND GPL-1.0-or-later AND GPL-2.0-only AND GPL-2.0-or-later AND LicenseRef-GPL-3--WITH-BISON-EXCEPTION AND LicenseRef-HSIEH-BSD AND LicenseRef-HSIEH-DERIVATIVE AND LGPL-2.1-only AND LicenseRef-REGCOMP AND LicenseRef-REGCOMP- AND LicenseRef-RRA-KEEP-THIS-NOTICE AND LicenseRef-SDBM-PUBLIC-DOMAIN AND LicenseRef-TEXT-TABS AND LicenseRef-Unicode AND Zlib vs NOASSERTION vs REGCOMP vs REGCOMP, vs RRA-KEEP-THIS-NOTICE vs SDBM-PUBLIC-DOMAIN vs TEXT-TABS vs Unicode vs Zlib)
    - libpkgconf3@1.8.1-1 (BSD-2 vs BSD-4 vs GPL-2.0-only vs GPL-2.0-or-later vs ISC vs LicenseRef-BSD-2 AND LicenseRef-BSD-4 AND GPL-2.0-only AND GPL-2.0-or-later AND ISC AND X11 vs NOASSERTION vs X11)
    - libpng16-16@1.6.39-2+deb12u5 (Apache-2.0 vs Apache-2.0 AND BSD-3-Clause AND LicenseRef-BSD-like-with-advertising-clause AND GPL-2.0-only AND GPL-2.0-or-later AND LicenseRef-expat AND Libpng vs BSD-3-Clause vs BSD-like-with-advertising-clause vs GPL-2.0-only vs GPL-2.0-or-later vs Libpng vs NOASSERTION vs expat)
    - libpq5@15.19-0+deb12u1 (Artistic vs BSD-2-Clause vs BSD-3-Clause vs Custom-Unicode vs Custom-pg_dump vs Custom-regex vs GPL-1.0-only vs LicenseRef-Artistic AND BSD-2-Clause AND BSD-3-Clause AND BSD-3-Clause AND LicenseRef-Custom-Unicode AND LicenseRef-Custom-pg-dump AND LicenseRef-Custom-regex AND GPL-1.0-only AND PostgreSQL AND TCL AND LicenseRef-double-metaphone AND LicenseRef-nagaysau-ishii vs NOASSERTION vs PostgreSQL vs TCL vs double-metaphone vs nagaysau-ishii)
    - libpsl5@0.21.2-1 (Chromium vs LicenseRef-Chromium AND MIT AND LicenseRef-gnulib vs MIT vs NOASSERTION vs gnulib)
    - libquadmath0@12.2.0-14+deb12u1 (Artistic vs GFDL-1.2-only vs GPL vs GPL-2.0-only vs GPL-3.0-only vs LGPL vs LicenseRef-Artistic AND GFDL-1.2-only AND LicenseRef-GPL AND GPL-2.0-only AND GPL-3.0-only AND LicenseRef-LGPL vs NOASSERTION)
    - librav1e0@0.5.1-6 (BSD-2-Clause vs BSD-2-Clause AND BSD-2-Clause AND ISC vs ISC vs NOASSERTION)
    - libreadline8@8.2-1.3 (GFDL vs GFDL-NIV-1.3+ vs GPL-2.0-only vs GPL-2.0-or-later vs GPL-3.0-only vs GPL-3.0-or-later vs ISC-no-attribution vs LicenseRef-GFDL AND LicenseRef-GFDL-NIV-1.3- AND GPL-2.0-only AND GPL-2.0-or-later AND GPL-3.0-only AND GPL-3.0-or-later AND LicenseRef-ISC-no-attribution vs NOASSERTION)
    - librtmp1@2.4+20151223.gitfa8646d.1-2+b2 (GPL-2.0-only vs GPL-2.0-only AND LGPL-2.1-only vs LGPL-2.1-only vs NOASSERTION)
    - libsasl2-2@2.1.28+dfsg-10 (BSD-2-Clause vs BSD-2-Clause AND LicenseRef-BSD-2.2-clause AND BSD-3-Clause AND LicenseRef-BSD-3-clause-JANET AND LicenseRef-BSD-3-clause-PADL AND BSD-4-Clause AND LicenseRef-BSD-4-clause-KTH AND BSD-4-Clause-UC AND FSFULLR AND GPL-3.0-only AND GPL-3.0-or-later AND LicenseRef-IBM-as-is AND MIT-CMU AND LicenseRef-MIT-Export AND LicenseRef-MIT-OpenVision AND LicenseRef-OpenLDAP AND OpenSSL AND RSA-MD AND LicenseRef-SSLeay vs BSD-2.2-clause vs BSD-3-Clause vs BSD-3-clause-JANET vs BSD-3-clause-PADL vs BSD-4-Clause vs BSD-4-Clause-UC vs BSD-4-clause-KTH vs FSFULLR vs GPL-3.0-only vs GPL-3.0-or-later vs IBM-as-is vs MIT-CMU vs MIT-Export vs MIT-OpenVision vs NOASSERTION vs OpenLDAP vs OpenSSL vs RSA-MD vs SSLeay)
    - libsasl2-modules-db@2.1.28+dfsg-10 (BSD-2-Clause vs BSD-2-Clause AND LicenseRef-BSD-2.2-clause AND BSD-3-Clause AND LicenseRef-BSD-3-clause-JANET AND LicenseRef-BSD-3-clause-PADL AND BSD-4-Clause AND LicenseRef-BSD-4-clause-KTH AND BSD-4-Clause-UC AND FSFULLR AND GPL-3.0-only AND GPL-3.0-or-later AND LicenseRef-IBM-as-is AND MIT-CMU AND LicenseRef-MIT-Export AND LicenseRef-MIT-OpenVision AND LicenseRef-OpenLDAP AND OpenSSL AND RSA-MD AND LicenseRef-SSLeay vs BSD-2.2-clause vs BSD-3-Clause vs BSD-3-clause-JANET vs BSD-3-clause-PADL vs BSD-4-Clause vs BSD-4-Clause-UC vs BSD-4-clause-KTH vs FSFULLR vs GPL-3.0-only vs GPL-3.0-or-later vs IBM-as-is vs MIT-CMU vs MIT-Export vs MIT-OpenVision vs NOASSERTION vs OpenLDAP vs OpenSSL vs RSA-MD vs SSLeay)
    - libselinux1@3.4-1+b6 (GPL-2.0-only vs GPL-2.0-only AND LGPL-2.1-only vs LGPL-2.1-only vs NOASSERTION)
    - libsemanage-common@3.4-1 (GPL vs LGPL vs LicenseRef-GPL AND LicenseRef-LGPL vs NOASSERTION)
    - libsemanage2@3.4-1+b5 (GPL vs LGPL vs LicenseRef-GPL AND LicenseRef-LGPL vs NOASSERTION)
    - libsepol2@3.4-2.1 (GPL-2.0-only vs GPL-2.0-only AND GPL-2.0-or-later AND LGPL-2.1-only AND LGPL-2.1-or-later AND Zlib vs GPL-2.0-or-later vs LGPL-2.1-only vs LGPL-2.1-or-later vs NOASSERTION vs Zlib)
    - libsmartcols1@2.38.1-5+deb12u3 (BSD-3-Clause vs BSD-3-Clause AND BSD-4-Clause AND LicenseRef-BSLA AND GPL-2.0-only AND GPL-2.0-or-later AND GPL-3.0-only AND GPL-3.0-or-later AND LicenseRef-LGPL AND LGPL-2.0-only AND LGPL-2.0-or-later AND LGPL-2.1-only AND LGPL-2.1-or-later AND LGPL-3.0-only AND LGPL-3.0-or-later AND MIT AND LicenseRef-public-domain vs BSD-4-Clause vs BSLA vs GPL-2.0-only vs GPL-2.0-or-later vs GPL-3.0-only vs GPL-3.0-or-later vs LGPL vs LGPL-2.0-only vs LGPL-2.0-or-later vs LGPL-2.1-only vs LGPL-2.1-or-later vs LGPL-3.0-only vs LGPL-3.0-or-later vs MIT vs NOASSERTION vs public-domain)
    - libsodium23@1.0.18-1+deb12u1 (BSD-2-Clause vs BSD-2-Clause AND LicenseRef-CC0 AND CC0-1.0 AND GPL-2.0-only AND GPL-2.0-or-later AND ISC AND MIT AND LicenseRef-public-domain vs CC0 vs CC0-1.0 vs GPL-2.0-only vs GPL-2.0-or-later vs ISC vs MIT vs NOASSERTION vs public-domain)
    - libsqlite3-0@3.40.1-2+deb12u2 (GPL-2.0-only vs GPL-2.0-only AND GPL-2.0-or-later AND LicenseRef-public-domain vs GPL-2.0-or-later vs NOASSERTION vs public-domain)
    - libss2@1.47.0-2+b2 (Apache-2.0 vs Apache-2.0 AND Apache-2.0 AND BSD-3-Clause AND LicenseRef-GPL AND GPL-2.0-only AND GPL-2.0-or-later AND ISC AND Kazlib AND LGPL-2.0-only AND Latex2e vs BSD-3-Clause vs GPL vs GPL-2.0-only vs GPL-2.0-or-later vs ISC vs Kazlib vs LGPL-2.0-only vs Latex2e vs NOASSERTION)
    - libssh2-1@1.10.0-3+b1 (BSD3 vs LicenseRef-BSD3 vs NOASSERTION)
    - libssl3@3.0.20-1~deb12u2 (Apache-2.0 vs Apache-2.0 AND LicenseRef-Artistic AND GPL-1.0-only AND GPL-1.0-or-later vs Artistic vs GPL-1.0-only vs GPL-1.0-or-later vs NOASSERTION)
    - libstdc++6@12.2.0-14+deb12u1 (Artistic vs GFDL-1.2-only vs GPL vs GPL-2.0-only vs GPL-3.0-only vs LGPL vs LicenseRef-Artistic AND GFDL-1.2-only AND LicenseRef-GPL AND GPL-2.0-only AND GPL-3.0-only AND LicenseRef-LGPL vs NOASSERTION)
    - libsvtav1enc1@1.4.1+dfsg-1 (BSD-2-Clause vs BSD-2-Clause AND BSD-3-Clause-Clear AND BSD-3-Clause AND LicenseRef-Expat AND ISC AND LGPL-2.1-only AND LGPL-2.1-or-later vs BSD-3-Clause vs BSD-3-Clause-Clear vs Expat vs ISC vs LGPL-2.1-only vs LGPL-2.1-or-later vs NOASSERTION)
    - libsystemd0@252.39-1~deb12u2 (CC0-1.0 vs CC0-1.0 AND LicenseRef-Expat AND GPL-2.0-only AND GPL-2.0-or-later AND LGPL-2.1-only AND LGPL-2.1-or-later AND LicenseRef-public-domain vs Expat vs GPL-2.0-only vs GPL-2.0-or-later vs LGPL-2.1-only vs LGPL-2.1-or-later vs NOASSERTION vs public-domain)
    - libtasn1-6@4.19.0-2+deb12u1 (GFDL-1.3-only vs GFDL-1.3-only AND GPL-3.0-only AND LicenseRef-LGPL AND LGPL-2.1-only vs GPL-3.0-only vs LGPL vs LGPL-2.1-only vs NOASSERTION)
    - libtinfo6@6.4-4 (BSD-3-Clause vs BSD-3-Clause AND LicenseRef-MIT-X11 AND X11 vs MIT/X11 vs NOASSERTION vs X11)
    - libtirpc-common@1.3.3+ds-1 (BSD-3-Clause vs BSD-3-Clause AND GPL-2.0-only AND LGPL-2.1-only vs GPL-2.0-only vs LGPL-2.1-only vs NOASSERTION)
    - libtirpc-dev@1.3.3+ds-1 (BSD-3-Clause vs BSD-3-Clause AND GPL-2.0-only AND LGPL-2.1-only vs GPL-2.0-only vs LGPL-2.1-only vs NOASSERTION)
    - libtirpc3@1.3.3+ds-1 (BSD-3-Clause vs BSD-3-Clause AND GPL-2.0-only AND LGPL-2.1-only vs GPL-2.0-only vs LGPL-2.1-only vs NOASSERTION)
    - libtsan2@12.2.0-14+deb12u1 (Artistic vs GFDL-1.2-only vs GPL vs GPL-2.0-only vs GPL-3.0-only vs LGPL vs LicenseRef-Artistic AND GFDL-1.2-only AND LicenseRef-GPL AND GPL-2.0-only AND GPL-3.0-only AND LicenseRef-LGPL vs NOASSERTION)
    - libubsan1@12.2.0-14+deb12u1 (Artistic vs GFDL-1.2-only vs GPL vs GPL-2.0-only vs GPL-3.0-only vs LGPL vs LicenseRef-Artistic AND GFDL-1.2-only AND LicenseRef-GPL AND GPL-2.0-only AND GPL-3.0-only AND LicenseRef-LGPL vs NOASSERTION)
    - libudev1@252.39-1~deb12u2 (CC0-1.0 vs CC0-1.0 AND LicenseRef-Expat AND GPL-2.0-only AND GPL-2.0-or-later AND LGPL-2.1-only AND LGPL-2.1-or-later AND LicenseRef-public-domain vs Expat vs GPL-2.0-only vs GPL-2.0-or-later vs LGPL-2.1-only vs LGPL-2.1-or-later vs NOASSERTION vs public-domain)
    - libunistring2@1.0-2 (FreeSoftware vs GFDL-1.2-only vs GFDL-1.2-or-later vs GPL-2.0-only vs GPL-2.0-or-later vs GPL-3.0-only vs GPL-3.0-or-later vs LGPL-3.0-only vs LGPL-3.0-or-later vs LicenseRef-FreeSoftware AND GFDL-1.2-only AND GFDL-1.2-or-later AND GPL-2.0-only AND GPL-2.0-or-later AND GPL-3.0-only AND GPL-3.0-or-later AND LGPL-3.0-only AND LGPL-3.0-or-later AND MIT vs MIT vs NOASSERTION)
    - libunistring@1.4.1-r0 ((GPL-2.0-or-later OR LGPL-3.0-or-later) vs GPL-2.0-or-later OR LGPL-3.0-or-later vs NOASSERTION)
    - libuuid1@2.38.1-5+deb12u3 (BSD-3-Clause vs BSD-3-Clause AND BSD-4-Clause AND LicenseRef-BSLA AND GPL-2.0-only AND GPL-2.0-or-later AND GPL-3.0-only AND GPL-3.0-or-later AND LicenseRef-LGPL AND LGPL-2.0-only AND LGPL-2.0-or-later AND LGPL-2.1-only AND LGPL-2.1-or-later AND LGPL-3.0-only AND LGPL-3.0-or-later AND MIT AND LicenseRef-public-domain vs BSD-4-Clause vs BSLA vs GPL-2.0-only vs GPL-2.0-or-later vs GPL-3.0-only vs GPL-3.0-or-later vs LGPL vs LGPL-2.0-only vs LGPL-2.0-or-later vs LGPL-2.1-only vs LGPL-2.1-or-later vs LGPL-3.0-only vs LGPL-3.0-or-later vs MIT vs NOASSERTION vs public-domain)
    - libx11-6@2:1.8.4-2+deb12u2 (BSD-1-Clause vs BSD-1-Clause AND HPND AND HPND-sell-variant AND MIT vs HPND vs HPND-sell-variant vs MIT vs NOASSERTION)
    - libx11-data@2:1.8.4-2+deb12u2 (BSD-1-Clause vs BSD-1-Clause AND HPND AND HPND-sell-variant AND MIT vs HPND vs HPND-sell-variant vs MIT vs NOASSERTION)
    - libxau6@1:1.0.9-1 (LicenseRef-118dd263a7b91c8f21c489f949bf13281dff9e766deea92b829dac4dce66601a vs NOASSERTION vs sha256:118dd263a7b91c8f21c489f949bf13281dff9e766deea92b829dac4dce66601a)
    - libxcb1@1.15-1 (LicenseRef-4f7cb9db6bf6542f5417e3d674c780d3a5fd12291a54d63054fb576ee0cfae80 vs NOASSERTION vs sha256:4f7cb9db6bf6542f5417e3d674c780d3a5fd12291a54d63054fb576ee0cfae80)
    - libxdmcp6@1:1.1.2-3 (LicenseRef-1bcbb50f8603fe8b86d330bfa460b772ea04fbd3c70e4499f0768b5340b9fd6e vs NOASSERTION vs sha256:1bcbb50f8603fe8b86d330bfa460b772ea04fbd3c70e4499f0768b5340b9fd6e)
    - libxml2@2.9.14+dfsg-1.3~deb12u6 (ISC vs ISC AND LicenseRef-MIT-1 vs MIT-1 vs NOASSERTION)
    - libxxhash0@0.8.1-1 (BSD-2-Clause vs BSD-2-Clause AND GPL-2.0-only vs GPL-2.0-only vs NOASSERTION)
    - libyuv0@0.0~git20230123.b2528b0-1 (BSD-3-Clause vs BSD-3-Clause AND LicenseRef-public-domain vs NOASSERTION vs public-domain)
    - libzstd1@1.5.4+dfsg2-5 (BSD-3-Clause vs BSD-3-Clause AND LicenseRef-Expat AND GPL-2.0-only AND Zlib vs Expat vs GPL-2.0-only vs NOASSERTION vs Zlib)
    - login@1:4.13+dfsg1-1+deb12u2 (BSD-3-Clause vs BSD-3-Clause AND GPL-1.0-only AND GPL-2.0-only AND GPL-2.0-or-later AND LicenseRef-public-domain vs GPL-1.0-only vs GPL-2.0-only vs GPL-2.0-or-later vs NOASSERTION vs public-domain)
    - logsave@1.47.0-2+b2 (Apache-2.0 vs Apache-2.0 AND Apache-2.0 AND BSD-3-Clause AND LicenseRef-GPL AND GPL-2.0-only AND GPL-2.0-or-later AND ISC AND Kazlib AND LGPL-2.0-only AND Latex2e vs BSD-3-Clause vs GPL vs GPL-2.0-only vs GPL-2.0-or-later vs ISC vs Kazlib vs LGPL-2.0-only vs Latex2e vs NOASSERTION)
    - mailcap@2.1.54-r0 (Domain vs LicenseRef-Domain AND LicenseRef-Public vs NOASSERTION vs Public)
    - mailcap@3.70+nmu1 (Bellcore vs LicenseRef-Bellcore AND LicenseRef-ad-hoc vs NOASSERTION vs ad-hoc)
    - mawk@1.3.4.20200120-3.1 (CC-BY-3.0 vs CC-BY-3.0 AND GPL-2.0-only AND X11 vs GPL-2.0-only vs NOASSERTION vs X11)
    - media-types@10.0.0 (LicenseRef-ad-hoc vs NOASSERTION vs ad-hoc)
    - mount@2.38.1-5+deb12u3 (BSD-3-Clause vs BSD-3-Clause AND BSD-4-Clause AND LicenseRef-BSLA AND GPL-2.0-only AND GPL-2.0-or-later AND GPL-3.0-only AND GPL-3.0-or-later AND LicenseRef-LGPL AND LGPL-2.0-only AND LGPL-2.0-or-later AND LGPL-2.1-only AND LGPL-2.1-or-later AND LGPL-3.0-only AND LGPL-3.0-or-later AND MIT AND LicenseRef-public-domain vs BSD-4-Clause vs BSLA vs GPL-2.0-only vs GPL-2.0-or-later vs GPL-3.0-only vs GPL-3.0-or-later vs LGPL vs LGPL-2.0-only vs LGPL-2.0-or-later vs LGPL-2.1-only vs LGPL-2.1-or-later vs LGPL-3.0-only vs LGPL-3.0-or-later vs MIT vs NOASSERTION vs public-domain)
    - musl-utils@1.2.5-r23 ((MIT AND BSD-2-Clause AND GPL-2.0-or-later) vs MIT AND BSD-2-Clause AND GPL-2.0-or-later vs NOASSERTION)
    - ncurses-base@6.4-4 (BSD-3-Clause vs BSD-3-Clause AND LicenseRef-MIT-X11 AND X11 vs MIT/X11 vs NOASSERTION vs X11)
    - ncurses-bin@6.4-4 (BSD-3-Clause vs BSD-3-Clause AND LicenseRef-MIT-X11 AND X11 vs MIT/X11 vs NOASSERTION vs X11)
    - openssl@3.0.20-1~deb12u2 (Apache-2.0 vs Apache-2.0 AND LicenseRef-Artistic AND GPL-1.0-only AND GPL-1.0-or-later vs Artistic vs GPL-1.0-only vs GPL-1.0-or-later vs NOASSERTION)
    - passwd@1:4.13+dfsg1-1+deb12u2 (BSD-3-Clause vs BSD-3-Clause AND GPL-1.0-only AND GPL-2.0-only AND GPL-2.0-or-later AND LicenseRef-public-domain vs GPL-1.0-only vs GPL-2.0-only vs GPL-2.0-or-later vs NOASSERTION vs public-domain)
    - perl-base@5.36.0-7+deb12u3 (Artistic vs Artistic-2.0 vs Artistic-dist vs BSD-3-Clause vs BSD-3-clause-GENERIC vs BSD-3-clause-with-weird-numbering vs BSD-4-clause-POWERDOG vs BZIP vs DONT-CHANGE-THE-GPL vs Expat vs GPL-1.0-only vs GPL-1.0-or-later vs GPL-2.0-only vs GPL-2.0-or-later vs GPL-3+-WITH-BISON-EXCEPTION vs HSIEH-BSD vs HSIEH-DERIVATIVE vs LGPL-2.1-only vs LicenseRef-Artistic AND Artistic-2.0 AND LicenseRef-Artistic-dist AND BSD-3-Clause AND LicenseRef-BSD-3-clause-GENERIC AND LicenseRef-BSD-3-clause-with-weird-numbering AND LicenseRef-BSD-4-clause-POWERDOG AND LicenseRef-BZIP AND LicenseRef-DONT-CHANGE-THE-GPL AND LicenseRef-Expat AND GPL-1.0-only AND GPL-1.0-or-later AND GPL-2.0-only AND GPL-2.0-or-later AND LicenseRef-GPL-3--WITH-BISON-EXCEPTION AND LicenseRef-HSIEH-BSD AND LicenseRef-HSIEH-DERIVATIVE AND LGPL-2.1-only AND LicenseRef-REGCOMP AND LicenseRef-REGCOMP- AND LicenseRef-RRA-KEEP-THIS-NOTICE AND LicenseRef-SDBM-PUBLIC-DOMAIN AND LicenseRef-TEXT-TABS AND LicenseRef-Unicode AND Zlib vs NOASSERTION vs REGCOMP vs REGCOMP, vs RRA-KEEP-THIS-NOTICE vs SDBM-PUBLIC-DOMAIN vs TEXT-TABS vs Unicode vs Zlib)
    - perl-modules-5.36@5.36.0-7+deb12u3 (Artistic vs Artistic-2.0 vs Artistic-dist vs BSD-3-Clause vs BSD-3-clause-GENERIC vs BSD-3-clause-with-weird-numbering vs BSD-4-clause-POWERDOG vs BZIP vs DONT-CHANGE-THE-GPL vs Expat vs GPL-1.0-only vs GPL-1.0-or-later vs GPL-2.0-only vs GPL-2.0-or-later vs GPL-3+-WITH-BISON-EXCEPTION vs HSIEH-BSD vs HSIEH-DERIVATIVE vs LGPL-2.1-only vs LicenseRef-Artistic AND Artistic-2.0 AND LicenseRef-Artistic-dist AND BSD-3-Clause AND LicenseRef-BSD-3-clause-GENERIC AND LicenseRef-BSD-3-clause-with-weird-numbering AND LicenseRef-BSD-4-clause-POWERDOG AND LicenseRef-BZIP AND LicenseRef-DONT-CHANGE-THE-GPL AND LicenseRef-Expat AND GPL-1.0-only AND GPL-1.0-or-later AND GPL-2.0-only AND GPL-2.0-or-later AND LicenseRef-GPL-3--WITH-BISON-EXCEPTION AND LicenseRef-HSIEH-BSD AND LicenseRef-HSIEH-DERIVATIVE AND LGPL-2.1-only AND LicenseRef-REGCOMP AND LicenseRef-REGCOMP- AND LicenseRef-RRA-KEEP-THIS-NOTICE AND LicenseRef-SDBM-PUBLIC-DOMAIN AND LicenseRef-TEXT-TABS AND LicenseRef-Unicode AND Zlib vs NOASSERTION vs REGCOMP vs REGCOMP, vs RRA-KEEP-THIS-NOTICE vs SDBM-PUBLIC-DOMAIN vs TEXT-TABS vs Unicode vs Zlib)
    - perl@5.36.0-7+deb12u3 (Artistic vs Artistic-2.0 vs Artistic-dist vs BSD-3-Clause vs BSD-3-clause-GENERIC vs BSD-3-clause-with-weird-numbering vs BSD-4-clause-POWERDOG vs BZIP vs DONT-CHANGE-THE-GPL vs Expat vs GPL-1.0-only vs GPL-1.0-or-later vs GPL-2.0-only vs GPL-2.0-or-later vs GPL-3+-WITH-BISON-EXCEPTION vs HSIEH-BSD vs HSIEH-DERIVATIVE vs LGPL-2.1-only vs LicenseRef-Artistic AND Artistic-2.0 AND LicenseRef-Artistic-dist AND BSD-3-Clause AND LicenseRef-BSD-3-clause-GENERIC AND LicenseRef-BSD-3-clause-with-weird-numbering AND LicenseRef-BSD-4-clause-POWERDOG AND LicenseRef-BZIP AND LicenseRef-DONT-CHANGE-THE-GPL AND LicenseRef-Expat AND GPL-1.0-only AND GPL-1.0-or-later AND GPL-2.0-only AND GPL-2.0-or-later AND LicenseRef-GPL-3--WITH-BISON-EXCEPTION AND LicenseRef-HSIEH-BSD AND LicenseRef-HSIEH-DERIVATIVE AND LGPL-2.1-only AND LicenseRef-REGCOMP AND LicenseRef-REGCOMP- AND LicenseRef-RRA-KEEP-THIS-NOTICE AND LicenseRef-SDBM-PUBLIC-DOMAIN AND LicenseRef-TEXT-TABS AND LicenseRef-Unicode AND Zlib vs NOASSERTION vs REGCOMP vs REGCOMP, vs RRA-KEEP-THIS-NOTICE vs SDBM-PUBLIC-DOMAIN vs TEXT-TABS vs Unicode vs Zlib)
    - pkg-config@1.8.1-1 (BSD-2 vs BSD-4 vs GPL-2.0-only vs GPL-2.0-or-later vs ISC vs LicenseRef-BSD-2 AND LicenseRef-BSD-4 AND GPL-2.0-only AND GPL-2.0-or-later AND ISC AND X11 vs NOASSERTION vs X11)
    - pkgconf-bin@1.8.1-1 (BSD-2 vs BSD-4 vs GPL-2.0-only vs GPL-2.0-or-later vs ISC vs LicenseRef-BSD-2 AND LicenseRef-BSD-4 AND GPL-2.0-only AND GPL-2.0-or-later AND ISC AND X11 vs NOASSERTION vs X11)
    - pkgconf@1.8.1-1 (BSD-2 vs BSD-4 vs GPL-2.0-only vs GPL-2.0-or-later vs ISC vs LicenseRef-BSD-2 AND LicenseRef-BSD-4 AND GPL-2.0-only AND GPL-2.0-or-later AND ISC AND X11 vs NOASSERTION vs X11)
    - readline-common@8.2-1.3 (GFDL vs GFDL-NIV-1.3+ vs GPL-2.0-only vs GPL-2.0-or-later vs GPL-3.0-only vs GPL-3.0-or-later vs ISC-no-attribution vs LicenseRef-GFDL AND LicenseRef-GFDL-NIV-1.3- AND GPL-2.0-only AND GPL-2.0-or-later AND GPL-3.0-only AND GPL-3.0-or-later AND LicenseRef-ISC-no-attribution vs NOASSERTION)
    - redis@6.3.0 (LicenseRef-PHP vs NOASSERTION vs PHP)
    - rpcsvc-proto@1.4.3-1 (BSD-3-Clause vs BSD-3-Clause AND GPL-2.0-only AND LicenseRef-GPL-2--autoconf-exception AND GPL-3.0-only AND LicenseRef-GPL-3--autoconf-exception AND MIT AND LicenseRef-permissive-autoconf-m4 AND LicenseRef-permissive-autoconf-m4-no-warranty AND LicenseRef-permissive-configure AND LicenseRef-permissive-fsf AND LicenseRef-permissive-makefile-in vs GPL-2+-autoconf-exception vs GPL-2.0-only vs GPL-3+-autoconf-exception vs GPL-3.0-only vs MIT vs NOASSERTION vs permissive-autoconf-m4 vs permissive-autoconf-m4-no-warranty vs permissive-configure vs permissive-fsf vs permissive-makefile-in)
    - sed@4.9-1 (BSD-4-Clause-UC vs BSD-4-Clause-UC AND BSL-1.0 AND GFDL-1.3-only AND LicenseRef-GFDL-NIV-1.3- AND GPL-3.0-only AND GPL-3.0-or-later AND ISC AND X11 AND LicenseRef-pcre vs BSL-1.0 vs GFDL-1.3-only vs GFDL-NIV-1.3+ vs GPL-3.0-only vs GPL-3.0-or-later vs ISC vs NOASSERTION vs X11 vs pcre)
    - sed@4.9-1+deb12u1 (BSD-4-Clause-UC vs BSD-4-Clause-UC AND BSL-1.0 AND GFDL-1.3-only AND LicenseRef-GFDL-NIV-1.3- AND GPL-3.0-only AND GPL-3.0-or-later AND ISC AND X11 AND LicenseRef-pcre vs BSL-1.0 vs GFDL-1.3-only vs GFDL-NIV-1.3+ vs GPL-3.0-only vs GPL-3.0-or-later vs ISC vs NOASSERTION vs X11 vs pcre)
    - sysvinit-utils@3.06-4 (GPL-2.0-only vs GPL-2.0-only AND GPL-2.0-only AND GPL-2.0-or-later AND GPL-3.0-only AND GPL-3.0-only vs GPL-2.0-or-later vs GPL-3.0-only vs NOASSERTION)
    - tar@1.34+dfsg-1.2+deb12u1 (GPL-2.0-only vs GPL-2.0-only AND GPL-2.0-or-later AND GPL-3.0-only AND GPL-3.0-or-later AND LGPL-3.0-only AND LGPL-3.0-or-later vs GPL-2.0-or-later vs GPL-3.0-only vs GPL-3.0-or-later vs LGPL-3.0-only vs LGPL-3.0-or-later vs NOASSERTION)
    - tini@0.19.0-1+b3 (Expat vs LicenseRef-Expat vs NOASSERTION)
    - tzdata@2025b-0+deb12u2 (LicenseRef-public-domain vs NOASSERTION vs public-domain)
    - tzdata@2026b-0+deb12u1 (LicenseRef-public-domain vs NOASSERTION vs public-domain)
    - usr-is-merged@37~deb12u1 (GPL-2.0-only vs GPL-2.0-only AND GPL-2.0-or-later vs GPL-2.0-or-later vs NOASSERTION)
    - util-linux-extra@2.38.1-5+deb12u3 (BSD-3-Clause vs BSD-3-Clause AND BSD-4-Clause AND LicenseRef-BSLA AND GPL-2.0-only AND GPL-2.0-or-later AND GPL-3.0-only AND GPL-3.0-or-later AND LicenseRef-LGPL AND LGPL-2.0-only AND LGPL-2.0-or-later AND LGPL-2.1-only AND LGPL-2.1-or-later AND LGPL-3.0-only AND LGPL-3.0-or-later AND MIT AND LicenseRef-public-domain vs BSD-4-Clause vs BSLA vs GPL-2.0-only vs GPL-2.0-or-later vs GPL-3.0-only vs GPL-3.0-or-later vs LGPL vs LGPL-2.0-only vs LGPL-2.0-or-later vs LGPL-2.1-only vs LGPL-2.1-or-later vs LGPL-3.0-only vs LGPL-3.0-or-later vs MIT vs NOASSERTION vs public-domain)
    - util-linux@2.38.1-5+deb12u3 (BSD-3-Clause vs BSD-3-Clause AND BSD-4-Clause AND LicenseRef-BSLA AND GPL-2.0-only AND GPL-2.0-or-later AND GPL-3.0-only AND GPL-3.0-or-later AND LicenseRef-LGPL AND LGPL-2.0-only AND LGPL-2.0-or-later AND LGPL-2.1-only AND LGPL-2.1-or-later AND LGPL-3.0-only AND LGPL-3.0-or-later AND MIT AND LicenseRef-public-domain vs BSD-4-Clause vs BSLA vs GPL-2.0-only vs GPL-2.0-or-later vs GPL-3.0-only vs GPL-3.0-or-later vs LGPL vs LGPL-2.0-only vs LGPL-2.0-or-later vs LGPL-2.1-only vs LGPL-2.1-or-later vs LGPL-3.0-only vs LGPL-3.0-or-later vs MIT vs NOASSERTION vs public-domain)
    - xz-utils@5.4.1-1+deb12u1 (Autoconf vs GPL-2.0-only vs GPL-2.0-or-later vs GPL-3.0-only vs LGPL-2.0-only vs LGPL-2.1-only vs LGPL-2.1-or-later vs LicenseRef-Autoconf AND GPL-2.0-only AND GPL-2.0-or-later AND GPL-3.0-only AND LGPL-2.0-only AND LGPL-2.1-only AND LGPL-2.1-or-later AND LicenseRef-PD AND LicenseRef-PD-debian AND LicenseRef-config-h AND LicenseRef-noderivs AND LicenseRef-permissive-fsf AND LicenseRef-permissive-nowarranty AND LicenseRef-probably-PD vs NOASSERTION vs PD vs PD-debian vs config-h vs noderivs vs permissive-fsf vs permissive-nowarranty vs probably-PD)
    - zstd-libs@1.5.7-r2 ((BSD-3-Clause OR GPL-2.0-or-later) vs BSD-3-Clause OR GPL-2.0-or-later vs NOASSERTION)

  licence needs legal review and has not had it (19):
    - alpine-baselayout-data@3.7.2-r0 [GPL-2.0-only]
    - alpine-baselayout@3.7.2-r0 [GPL-2.0-only]
    - apk-tools@3.0.6-r0 [GPL-2.0-only]
    - busybox-binsh@1.37.0-r30 [GPL-2.0-only]
    - busybox@1.37.0-r30 [GPL-2.0-only]
    - curl@8.19.0-r0 [curl]
    - hostname@3.23+nmu1 [GPL-2.0-only]
    - libapk@3.0.6-r0 [GPL-2.0-only]
    - libcurl@8.19.0-r0 [curl]
    - libgssapi-krb5-2@1.20.1-2+deb12u5 [GPL-2.0-only]
    - libk5crypto3@1.20.1-2+deb12u5 [GPL-2.0-only]
    - libkrb5-3@1.20.1-2+deb12u5 [GPL-2.0-only]
    - libkrb5support0@1.20.1-2+deb12u5 [GPL-2.0-only]
    - libmpc3@1.3.1-1 [LGPL-3.0-only]
    - libmpfr6@4.2.0-1 [LGPL-3.0-only]
    - libseccomp2@2.5.4-1+deb12u1 [LGPL-2.1-only]
    - libzip4@1.7.3-1+b1 [GPL-3.0-only]
    - scanelf@1.3.8-r2 [GPL-2.0-only]
    - ssl_client@1.37.0-r30 [GPL-2.0-only]

  No release may ship on an unresolved licence finding. Resolve each
  by recording a decision in /tmp/laneV-foundry/policies/license-policy.yaml — not by editing this gate.
